Operands;;2270
Operands;TERMINATION;7
Operands;GROUPS;4
Operands;REMAINING;2
Operands;CONTROLLED;2
Operands;OUTPUT;8
Operands;SUPPORT;12
Operands;HIGHER;2
Operands;INCONSISTENT;1
Operands;ECONOMIC;14
Operands;SEGMENT;1
Operands;43;2
Operands;2381;5
Operands;21;15
Operands;SECTOR;51
Operands;BUDGETARY;6
Operands;JOINT;38
Operands;REPOSITORY’;3
Operands;TRANSFER;2
Operands;SECTORS;12
Operands;ACCURATE;1
Operands;QUALITATIVE;8
Operands;SITUATIONS;4
Operands;ENVISAGED;12
Operands;PRINCIPLE;8
Operands;COVERS;4
Operands;CLAUSES;5
Operands;AFFAIRS;1
Operands;47;3
Operands;PROFESSIONAL;6
Operands;ACTIVE;4
Operands;ACCOUNTS;1
Operands;2009/65/EC;4
Operands;BROUGHT;2
Operands;FUNDING;4
Operands;PARTIES;7
Operands;YEARS;13
Operands;INDIRECT;3
Operands;600/2014;7
Operands;GROUNDS;2
Operands;DELETED;6
Operands;HOMOGENOUS;2
Operands;44;6
Operands;INDEPENDENT;3
Operands;17;5
Operands;BUILT;5
Operands;UNDERTAKING;5
Operands;CONSTRAINTS;2
Operands;REDEPLOYMENT;4
Operands;REGISTRATION;2
Operands;CROWDFUNDING;4
Operands;SALARIES;2
Operands;UNDUE;7
Operands;CONCENTRATION;14
Operands;CSD;4
Operands;CAUSES;2
Operands;LEVIED;11
Operands;COORDINATED;3
Operands;FINANCING;3
Operands;STRENGTHENED;4
Operands;OPTION;10
Operands;PRESIDENT;4
Operands;PERIODS;4
Operands;TERRITORY;1
Operands;POINT;88
Operands;SUMMARY;4
Operands;REPORT;35
Operands;AFTERMATH;1
Operands;INNOVATION;2
Operands;INTEREST;6
Operands;BEHAVIOUR;1
Operands;DISCUSSIONS;2
Operands;LIQUIDITY;3
Operands;COMMITTEE;37
Operands;LEX;3
Operands;ABLE;8
Operands;2025;19
Operands;CRUCIAL;7
Operands;DELEGATION;5
Operands;RISKS;86
Operands;CERTAINTY;6
Operands;DEFENCE;4
Operands;‘;5
Operands;REMEDY;4
Operands;FLOW;1
Operands;PROCESSES;30
Operands;SCOPE;14
Operands;PROFILE;4
Operands;MANAGEMENT;138
Operands;APPROACHES;12
Operands;69;1
Operands;VI;1
Operands;OFFERING;1
Operands;MAINTENANCE;3
Operands;DTHE;6
Operands;AIMING;4
Operands;INFORMED;4
Operands;COMMONLY;1
Operands;PROCESSED;5
Operands;EXPECTED;6
Operands;2016;12
Operands;DEVELOP;23
Operands;HARDWARE;4
Operands;TACKLE;3
Operands;JURISDICTIONS;6
Operands;FREE;5
Operands;APPOINTED;4
Operands;AUTHORITIES;118
Operands;UPDATES;4
Operands;PARAGRAPH;75
Operands;BEGINNING;1
Operands;TARGETED;5
Operands;SCHEME;1
Operands;SKILLS;4
Operands;INSTRUMENTS;3
Operands;PROVISION;22
Operands;USEFUL;1
Operands;RESEARCH;3
Operands;COMPLETED;1
Operands;CLARITY;4
Operands;GSIIS;4
Operands;CONTRIBUTIONS;9
Operands;TURNOVER;2
Operands;UNLIMITED;1
Operands;WORK;18
Operands;ADDRESSED;15
Operands;STRONG;6
Operands;INITIATIVE;10
Operands;12;5
Operands;CONTRACTED;6
Operands;DAY;5
Operands;DIGITALISATION;6
Operands;CODE;3
Operands;PERMANENT;1
Operands;67;3
Operands;COMMENSURATE;2
Operands;STAFF;46
Operands;PLAN;23
Operands;POLICIES;32
Operands;SPECIAL;1
Operands;NETWORK;24
Operands;CONSOLIDATED;4
Operands;REGULAR;7
Operands;BACKUP;7
Operands;COMPANY;1
Operands;TARGET;1
Operands;STRICT;3
Operands;OPERATIONS;19
Operands;EFFECT;8
Operands;AMOUNT;5
Operands;INSTITUTIONS;27
Operands;STRENGTH;1
Operands;ALLEVIATE;1
Operands;RECOVERING;2
Operands;PERIODIC;11
Operands;DISTRIBUTED;2
Operands;CREDIT;21
Operands;RETAINED;4
Operands;METHODS;10
Operands;LOCATION;1
Operands;CYBERATTACKS;13
Operands;SITE;7
Operands;PROGRESS;2
Operands;IMPROVING;1
Operands;·THE;4
Operands;VALUE;9
Operands;SETTLEMENT;11
Operands;REFLECT;1
Operands;PARIS;1
Operands;DECISION;24
Operands;APPROPRIATE;58
Operands;34;4
Operands;RESPOND;4
Operands;APPLICATIONS;3
Operands;MEMBER;53
Operands;AFFECTS;1
Operands;RECOVERY;46
Operands;REGION;2
Operands;FEASIBILITY;3
Operands;HEADCOUNT;1
Operands;PROBLEMS;1
Operands;FINANCED;4
Operands;WORKINGS;2
Operands;LIST;4
Operands;PAID;2
Operands;COSTS;61
Operands;16;6
Operands;JULY;4
Operands;FTE;4
Operands;DECIDE;2
Operands;STAGES;4
Operands;FOSTER;4
Operands;PRICES;5
Operands;PRESENCE;2
Operands;REACH;1
Operands;USED;7
Operands;FORM;1
Operands;CENTRALISATION;4
Operands;HIGHLY;1
Operands;FOUND;1
Operands;COMMUNICATED;2
Operands;COUNTERPARTY;3
Operands;IITHE;5
Operands;TERMINOLOGY;1
Operands;FORMAL;4
Operands;MANAGED;5
Operands;OCCUPATIONAL;7
Operands;ICTRELATED;125
Operands;RATIONALE;1
Operands;FACTS;1
Operands;DUTIES;10
Operands;EFFECTS;9
Operands;SERVERS;1
Operands;TYPE;21
Operands;REINSURANCE;8
Operands;DETAILS;11
Operands;INAPPROPRIATE;1
Operands;AGENCIES;9
Operands;PUBLICATION;11
Operands;ESRB;6
Operands;EXERCISED;1
Operands;CONCLUSION;3
Operands;OSIIS;4
Operands;CARRY;11
Operands;CREATION;1
Operands;OBJECTIVES;31
Operands;SUFFICIENT;10
Operands;2020;13
Operands;NATIONAL;51
Operands;CONSISTENT;20
Operands;CONDUCTED;10
Operands;FAILURES;2
Operands;29;5
Operands;PUBLISH;3
Operands;POSITIONS;3
Operands;SIMPLE;2
Operands;BANK;7
Operands;ENGAGEMENT;2
Operands;FORWARD;1
Operands;CARE;1
Operands;COUNCIL;60
Operands;NONFINANCIAL;1
Operands;PERIOD;15
Operands;INTERMEDIARY;3
Operands;STANDARDIZATION;2
Operands;UNLIKELY;1
Operands;DOCUMENTED;5
Operands;CALLED;4
Operands;PAYMENTS;27
Operands;EXPOSURE;7
Operands;PRACTICE;3
Operands;INSURANCE;16
Operands;6;16
Operands;BANKS;2
Operands;ACCURATELY;1
Operands;WIDE;3
Operands;INTRODUCTION;2
Operands;GUARANTEE;5
Operands;ENHANCE;12
Operands;EVALUATION;3
Operands;CONVERGENCE;8
Operands;PERSONS;17
Operands;CEASE;2
Operands;INCUR;3
Operands;PERSON;15
Operands;JUSTIFICATION;2
Operands;LEARNING;4
Operands;DATE;37
Operands;LARGELY;1
Operands;GUIDE;2
Operands;STRATEGY;23
Operands;ABUSE;1
Operands;MODES;4
Operands;1948;12
Operands;COMMUNICATION;30
Operands;52;2
Operands;11;10
Operands;SHOW;2
Operands;CLASSIFICATION;5
Operands;FORMER;1
Operands;DISCLOSED;2
Operands;STAKEHOLDERS;10
Operands;SOFTWARE;5
Operands;BASE;1
Operands;PRACTICAL;1
Operands;OPERATIONAL;137
Operands;DG;5
Operands;STRATEGIC;3
Operands;OPERATORS;5
Operands;CRIMINAL;9
Operands;OPERATING;15
Operands;ACHIEVED;8
Operands;ENTITY’S;17
Operands;UNDERSTAND;3
Operands;COMPONENTS;13
Operands;POWER;18
Operands;SYSTEM;33
Operands;ONGOING;8
Operands;CRYPTOASSET;3
Operands;SOPHISTICATION;1
Operands;WEAKNESS;1
Operands;CANDIDATE;3
Operands;42;3
Operands;TEMPORARY;10
Operands;INVOLVEMENT;5
Operands;POSSIBILITY;6
Operands;SYSTEMS;81
Operands;INTRAGROUP;1
Operands;ASSET;3
Operands;RESPONSE;20
Operands;CAPITAL;5
Operands;PREPARATION;4
Operands;NOW;3
Operands;RISK’;3
Operands;ETHE;4
Operands;SUPPLEMENT;8
Operands;8;9
Operands;CONSISTENCY;8
Operands;BUDGET;20
Operands;ACCESSIBILITY;3
Operands;500;1
Operands;ENTRUSTED;4
Operands;MODELS;1
Operands;EMPLOYEES;2
Operands;BECOMES;1
Operands;IMPOSING;8
Operands;APPLICATION;23
Operands;REGIMES;2
Operands;AUTHORISED;9
Operands;CONTRACTS;8
Operands;MEASURES;52
Operands;171;2
Operands;F;4
Operands;58;1
Operands;CONSULTED;3
Operands;LEVELS;13
Operands;TRANSITION;3
Operands;DISASTER;18
Operands;RECOGNIZED;3
Operands;SECURITIES;14
Operands;X;5
Operands;IMPROVES;1
Operands;2026;19
Operands;OPPORTUNITIES;1
Operands;2013;5
Operands;OPERATE;4
Operands;ROBUST;1
Operands;THREATS;16
Operands;PLANS;26
Operands;CUSTOMER;1
Operands;SECTION;13
Operands;FINALLY;6
Operands;RULEBOOK;9
Operands;AMOUNTS;6
Operands;SUPPORTING;14
Operands;JUNE;2
Operands;FORUM;16
Operands;FREEDOMS;2
Operands;AUDITORS;10
Operands;ANNUAL;8
Operands;MEMBERS;10
Operands;SECRECY;5
Operands;2016/679;5
Operands;1;93
Operands;INCOMPLETE;5
Operands;AGE;4
Operands;FEES;20
Operands;ELEMENTS;18
Operands;TREATMENT;1
Operands;REASONS;2
Operands;RELIANCE;7
Operands;◻;23
Operands;HIGHEST;2
Operands;STARTUP;1
Operands;ENISA;13
Operands;RECOGNITION;7
Operands;60;2
Operands;CLARIFY;2
Operands;NONCOMPLIANCE;5
Operands;TECHNOLOGIES;9
Operands;ABILITY;13
Operands;EXPENSES;1
Operands;CORE;4
Operands;2016/1148;11
Operands;CONFIDENTIALITY;10
Operands;2027;22
Operands;EXPLOITED;1
Operands;INTERMEDIATION;1
Operands;1305;6
Operands;DEPENDENCY;3
Operands;VULNERABILITY;7
Operands;INTRODUCED;2
Operands;PURPOSES;28
Operands;CONSUMER;3
Operands;ONSITE;14
Operands;PREJUDICE;7
Operands;ULTIMATE;1
Operands;APPROACH;19
Operands;PREPAREDNESS;4
Operands;UPDATE;5
Operands;SUBCOMMITTEE;4
Operands;CYBERSECURITY;20
Operands;MICROENTERPRISES;11
Operands;POSE;6
Operands;CAPABLE;2
Operands;DORA;5
Operands;SITUATION;5
Operands;ENTERPRISES;4
Operands;INTEGRITY;25
Operands;26;5
Operands;GROUP;11
Operands;STAGE;1
Operands;COLLECTION;3
Operands;DEVELOPED;14
Operands;CORRECTIVE;5
Operands;STRENGTHEN;9
Operands;REMOTE;2
Operands;49;2
Operands;PARTICIPANTS;6
Operands;INVESTIGATIONS;10
Operands;ANTIFRAUD;6
Operands;FRAMEWORK;93
Operands;INTERNAL;27
Operands;SIGNIFICANT;20
Operands;DIGITAL;124
Operands;OBLIGATION;6
Operands;SUPPLIED;5
Operands;BENCHMARKS;6
Operands;PLAYING;2
Operands;INTERESTS;2
Operands;ERRORS;1
Operands;DISTORTIONS;2
Operands;DISPARITIES;5
Operands;METHOD;1
Operands;CAUSED;5
Operands;FACILITIES;5
Operands;MATERIALITY;4
Operands;GLOBAL;4
Operands;ACCOUNTABILITY;2
Operands;ACTUAL;2
Operands;INTRODUCING;3
Operands;SECTIONS;1
Operands;IMPAIRMENT;1
Operands;SENSE;2
Operands;GAINS;3
Operands;14;12
Operands;PLACES;9
Operands;CAPABILITIES;20
Operands;MODIFICATIONS;1
Operands;AGENCY;10
Operands;GROSS;1
Operands;64;1
Operands;SPREAD;5
Operands;DULY;11
Operands;OCCASIONS;1
Operands;COMPLEXITY;15
Operands;PROTECT;6
Operands;PERSPECTIVE;4
Operands;ACCOMPANIED;6
Operands;ADVICE;6
Operands;ISSUERS;6
Operands;SYNERGIES;2
Operands;GUIDELINES;10
Operands;PERFORMED;5
Operands;PILLAR;1
Operands;COORDINATION;9
Operands;UNITS;1
Operands;SUBSIDIARIES;1
Operands;27;5
Operands;EXIT;5
Operands;SUBSECTORS;10
Operands;EXERCISE;15
Operands;COMPETITIVE;4
Operands;DESCRIPTION;4
Operands;PARLIAMENT;57
Operands;RECOGNISED;2
Operands;XX;10
Operands;ASSETS;14
Operands;RULES;63
Operands;EMPOWERED;6
Operands;COORDINATE;2
Operands;MEMBERSHIP;3
Operands;METHODOLOGY;1
Operands;2024;20
Operands;NOTIFICATION;11
Operands;SERVICE;243
Operands;CARRIED;8
Operands;DEVELOPMENT;8
Operands;CONTINGENCY;3
Operands;GOVERNANCE;7
Operands;CAPACITY;7
Operands;POSED;1
Operands;DECISIONMAKING;1
Operands;OBSTACLES;5
Operands;STANDARDS;70
Operands;ARRANGEMENTS;67
Operands;PROGRAMME;4
Operands;STRUCTURES;2
Operands;SUBSTANTIAL;2
Operands;DIVERGENCES;2
Operands;DETRIMENT;1
Operands;COMPLETE;11
Operands;CONFIDENTIAL;8
Operands;BROADLY;1
Operands;RATING;9
Operands;EVENT;6
Operands;DEMONSTRATE;1
Operands;LIKELIHOOD;1
Operands;ENTER;8
Operands;ENTAILED;4
Operands;CREATE;2
Operands;FREEDOM;5
Operands;MANDATES;3
Operands;CYBER;36
Operands;DESCRIPTIONS;4
Operands;314;4
Operands;GRADES;4
Operands;ROADS;4
Operands;LEVERAGE;3
Operands;STOCK;2
Operands;DEAL;3
Operands;NUMBER;40
Operands;DEFINED;35
Operands;2018;6
Operands;PUBLICLY;1
Operands;ADMINISTRATORS;3
Operands;INCURRED;1
Operands;31;7
Operands;FTHE;5
Operands;SFD;3
Operands;5;14
Operands;PLATFORM;1
Operands;EC;9
Operands;ASSESSMENTS;12
Operands;PO;9
Operands;VERY;1
Operands;LAW;19
Operands;STRUCTURE;4
Operands;UNCOORDINATED;6
Operands;ORGANISATIONS;1
Operands;BOARD;5
Operands;BIN;5
Operands;EFFECTIVE;22
Operands;1093/2010;19
Operands;36;6
Operands;PREMISES;7
Operands;RELEVANT;96
Operands;FUND;3
Operands;TRUST;4
Operands;STRESS;2
Operands;CRITICAL;156
Operands;IRREGULAR;1
Operands;DIVERGENT;3
Operands;DETAILED;9
Operands;BODIES;7
Operands;CONTEXT;9
Operands;PROCESS;19
Operands;END;9
Operands;EARLY;1
Operands;FORCE;22
Operands;CROSSSECTORAL;4
Operands;ENTITIES;280
Operands;2016/97;4
Operands;ENABLE;20
Operands;INFRASTRUCTURE;19
Operands;AIM;5
Operands;RECOVER;5
Operands;54;2
Operands;LARGE;6
Operands;DISTRIBUTION;2
Operands;COMPATIBILITY;6
Operands;MODIFIED;1
Operands;XX/202X;3
Operands;COMPLIANCE;11
Operands;SYSTEMIC;19
Operands;ANTITRUST;1
Operands;VARIETY;3
Operands;RIGHT;10
Operands;PARTICIPATION;4
Operands;CONTINUITY;43
Operands;UNEVEN;3
Operands;BREACHES;11
Operands;COOPERATION;23
Operands;ACCESS;28
Operands;GOOD;6
Operands;ARRANGEMENT;12
Operands;FIT;1
Operands;ORGANISATIONAL;6
Operands;PARTICIPATE;3
Operands;TEMPLATES;6
Operands;41;11
Operands;USE;75
Operands;RECORDS;9
Operands;GUIDANCE;8
Operands;DESIGNED;3
Operands;FOLLOWED;8
Operands;ACKNOWLEDGE;1
Operands;ADDRESS;24
Operands;EFFECTIVENESS;11
Operands;COUNTRIES;9
Operands;COMPONENT;5
Operands;EXPERTS;8
Operands;SUBSEQUENT;3
Operands;SANCTION;3
Operands;EXTENT;9
Operands;PRIVATE;2
Operands;REPORTED;6
Operands;THIRDCOUNTRY;6
Operands;AGREEMENT;3
Operands;INTERVENTION;6
Operands;INTERMEDIARY’;3
Operands;BUILDINGS;1
Operands;PUT;15
Operands;SUPPLY;4
Operands;DISCLOSURE;3
Operands;DIRECT;9
Operands;MOVEMENT;3
Operands;TRANSPARENCY;1
Operands;COMPLETION;2
Operands;DEPENDENCIES;14
Operands;COLLECTED;1
Operands;LIFE;1
Operands;OFFICIAL;6
Operands;ISSUES;7
Operands;DEPLOYMENT;9
Operands;ISOLATION;1
Operands;FIVE;3
Operands;MAIN;8
Operands;CERTIFICATION;1
Operands;TECHNICAL;58
Operands;STUDENT;4
Operands;DIFFICULT;2
Operands;REPORTS;19
Operands;OPTIONS;4
Operands;YEAR;23
Operands;OJ;28
Operands;ILLEGAL;1
Operands;OPEN;3
Operands;CONSULTATION;10
Operands;DEVELOPMENTS;5
Operands;CREATING;2
Operands;DEGREE;5
Operands;MUTUAL;7
Operands;OUTLINED;1
Operands;ITHE;7
Operands;EUROPE;2
Operands;REASONED;3
Operands;AUDIT;26
Operands;EBA;23
Operands;20;5
Operands;FRAUD;5
Operands;ECONOMIES;1
Operands;ACTIVITIES;35
Operands;LINES;15
Operands;COLLECTING;2
Operands;DISPROPORTIONATE;3
Operands;LEGISLATION;18
Operands;‘SPECIFIC;4
Operands;ROLE;12
Operands;4;23
Operands;INTERCONNECTED;3
Operands;PROMOTE;6
Operands;TOOLS;28
Operands;BURDEN;5
Operands;AGREEMENTS;5
Operands;BROADER;1
Operands;EXPERIENCE;2
Operands;HIGH;19
Operands;EMPLOYER’S;6
Operands;TRADE;10
Operands;CLAIM;1
Operands;RESILIENCE;118
Operands;ASSETREFERENCED;8
Operands;ADEQUACY;1
Operands;ENVIRONMENT;1
Operands;CONTRACT;6
Operands;EXTENDED;1
Operands;MONITOR;18
Operands;HUMAN;10
Operands;FIND;1
Operands;INTERMEDIARIES;9
Operands;POWERS;25
Operands;APPEAL;6
Operands;CALENDAR;1
Operands;33;5
Operands;39;3
Operands;SIGNIFICANCE;3
Operands;DOCUMENT;8
Operands;CLIENTS;8
Operands;NECESSARY;39
Operands;FUNDAMENTAL;4
Operands;COVERING;3
Operands;FULL;32
Operands;HEADINGS;6
Operands;POTENTIAL;18
Operands;ACTS;21
Operands;ALTER;1
Operands;IMPEDE;1
Operands;CRITICALITY;9
Operands;RESPONSIBILITIES;3
Operands;BASED;29
Operands;PROCEEDINGS;6
Operands;VERIFICATION;1
Operands;PARTIAL;4
Operands;CONSULTING;3
Operands;CLOUD;11
Operands;CHECKS;4
Operands;REVENUE;8
Operands;63;3
Operands;PENETRATION;22
Operands;LATTER;12
Operands;19;7
Operands;RESOURCES;33
Operands;LIGHT;2
Operands;CONTROL;22
Operands;SIZE;12
Operands;10;14
Operands;JURISDICTION;3
Operands;SUBOUTSOURCING;4
Operands;BENEFIT;1
Operands;CIVIL;1
Operands;OWN;7
Operands;MARKET;46
Operands;LINKED;1
Operands;REDUNDANT;5
Operands;BURDENS;4
Operands;CENTRAL;22
Operands;NOTICES;4
Operands;START;2
Operands;BETTER;8
Operands;PRESENTED;1
Operands;ABSENCE;6
Operands;CARRYING;7
Operands;65;1
Operands;DIFFICULTIES;1
Operands;TFEU;4
Operands;CONSTANT;5
Operands;AC;5
Operands;ALIGNMENT;2
Operands;INSUFFICIENT;3
Operands;INTERRELATED;1
Operands;MEDIUM;1
Operands;84;1
Operands;ADJUSTMENTS;1
Operands;EXPRESSED;3
Operands;DGS;3
Operands;OVERSEEN;8
Operands;REPRESENTATIVES;6
Operands;RESPONSIBILITY;7
Operands;STRESSED;4
Operands;LENDING;1
Operands;SUPPORTED;3
Operands;PRACTICES;16
Operands;⇩;4
Operands;CRISIS;10
Operands;PROCEDURES;33
Operands;HAND;6
Operands;STATEMENT;3
Operands;PARAMETERS;3
Operands;DECIMAL;9
Operands;PARTNERS;1
Operands;CONSUMERS;4
Operands;UNDERSTANDING;2
Operands;PACKAGE;4
Operands;EXTERNAL;21
Operands;MEANINGFUL;1
Operands;INSERT;23
Operands;ENTRY;18
Operands;DAMAGES;2
Operands;PROVISIONS;30
Operands;DRAFT;29
Operands;PRODUCE;2
Operands;INCIDENTS;67
Operands;SPLIT;1
Operands;EU;205
Operands;TOKENS;5
Operands;SHARE;2
Operands;TURN;2
Operands;POSSIBLE;15
Operands;PROPOSAL/INITIATIVE;27
Operands;BUILDS;5
Operands;RESORT;1
Operands;FREQUENCY;8
Operands;CONSEQUENCES;5
Operands;COMPETENT;134
Operands;G;3
Operands;PENALTY;18
Operands;OVERSEER;38
Operands;HOLDING;3
Operands;CHALLENGES;4
Operands;SHARED;4
Operands;DRAW;2
Operands;CONTROLS;15
Operands;ISOLATE;1
Operands;INITIATIVES;7
Operands;REGIONS;3
Operands;291;1
Operands;OFTEN;4
Operands;REMEDIES;7
Operands;32;7
Operands;DURATION;8
Operands;PARTY;17
Operands;FACED;2
Operands;48;2
Operands;SOCIAL;8
Operands;OVERSEERS;16
Operands;CONTRIBUTION;3
Operands;LEGACY;4
Operands;THIRD;28
Operands;INTERMEDIATE;2
Operands;KEYS;1
Operands;55;3
Operands;LONGER;2
Operands;TITLE;17
Operands;ENABLES;2
Operands;’;4
Operands;HEAVY;1
Operands;STRATEGIES;12
Operands;EXPLAINED;6
Operands;59;4
Operands;INDEPTH;3
Operands;25;5
Operands;COM2020;8
Operands;EXPLORED;1
Operands;LOCALLY;1
Operands;ENTITY;74
Operands;COMMUNICATIONS;3
Operands;COUNTERPARTIES;8
Operands;UNDERWRITING;1
Operands;COURT;5
Operands;ADVANCED;9
Operands;DELIVERED;1
Operands;EXPERIENCES;2
Operands;13;9
Operands;ISSUE;5
Operands;THREAT;35
Operands;IMPACT;79
Operands;PERSONAL;15
Operands;DEALING;3
Operands;INT;5
Operands;STRUCTURED;2
Operands;IMPROVEMENTS;3
Operands;VOLUNTARY;7
Operands;TRANSPARENT;1
Operands;CHAINS;1
Operands;PROMPT;5
Operands;ENTITIES’;20
Operands;SCRUTINY;1
Operands;46;3
Operands;DESIGNATED;36
Operands;RESTORATION;1
Operands;SEVERED;1
Operands;2022;25
Operands;APRIL;8
Operands;MANNER;11
Operands;DESCRIBED;4
Operands;HUB;7
Operands;STATUTORY;4
Operands;SOURCE;6
Operands;2023;20
Operands;WAYS;2
Operands;SHORTFALLS;1
Operands;FOLLOWUP;5
Operands;SMALL;3
Operands;EFFICIENT;2
Operands;REVIEWS;11
Operands;2009/110/EC;3
Operands;LOCATIONS;5
Operands;PRESENT;3
Operands;COMPLEX;9
Operands;2006/43/EC;4
Operands;909/2014;10
Operands;KEY;15
Operands;LEGITIMATE;4
Operands;SOUNDNESS;2
Operands;ASSIST;1
Operands;MALICIOUS;4
Operands;TRANSITIONAL;1
Operands;ENSURED;4
Operands;HARMONISE;3
Operands;INVESTORS;3
Operands;PAY;2
Operands;2014/65/EU;6
Operands;1611;24
Operands;2021/XX;10
Operands;PROVIDERS’;3
Operands;CONDUCT;36
Operands;EVIDENCE;1
Operands;AREA;17
Operands;COHERENT;7
Operands;SMOOTH;5
Operands;ANALYSIS;5
Operands;ELEMENT;1
Operands;POLICY;40
Operands;CONCLUSIONS;2
Operands;PROPERTY;2
Operands;PARTICULAR;38
Operands;RIGHTS;22
Operands;REVIEWED;7
Operands;LESSONS;3
Operands;ESSENTIAL;7
Operands;72;1
Operands;68;1
Operands;ACT;19
Operands;MILLION;12
Operands;G7;3
Operands;VULNERABILITIES;12
Operands;DESIGNATION;9
Operands;ICT;584
Operands;WEBSITE;3
Operands;CLASSIFY;5
Operands;648/2012;12
Operands;FIRMS;13
Operands;SOUND;15
Operands;FORESEEN;3
Operands;INVESTMENT;16
Operands;ENHANCED;2
Operands;CROSSBORDER;24
Operands;SUBTOTAL;8
Operands;DOCUMENTATION;8
Operands;ACCOUNT;25
Operands;ANNEX;5
Operands;BRINGS;1
Operands;INNOVATIVE;2
Operands;WRITING;1
Operands;PENALTIES;16
Operands;EVOLUTION;3
Operands;IMPACTED;1
Operands;INTELLIGENCE;11
Operands;EXPENDITURE;19
Operands;SAFEGUARDS;5
Operands;OCTOBER;3
Operands;ANALYSES;8
Operands;ESAS;88
Operands;CONSISTENTLY;1
Operands;FUNCTIONS;53
Operands;INSOLVENCY;3
Operands;AST;3
Operands;EXECUTION;6
Operands;EUROPEAN;135
Operands;ANSWER;1
Operands;EXPLICIT;1
Operands;IMPLICATIONS;4
Operands;SUPERVISED;4
Operands;CAUSE;4
Operands;AGENTS;6
Operands;RECENT;1
Operands;MONTHS;9
Operands;FUTURE;3
Operands;LOCAL;2
Operands;PILOT;3
Operands;PRODUCTS;4
Operands;ECI;4
Operands;PURPOSE;19
Operands;2017;1
Operands;DETECTION;13
Operands;BASELINE;1
Operands;SUBCONTRACTOR;5
Operands;TAILORED;4
Operands;FINAL;10
Operands;EXPLANATION;1
Operands;AFFECTED;11
Operands;MULTIANNUAL;19
Operands;CORPORATE;2
Operands;22;6
Operands;OPPORTUNITY;2
Operands;9560;6
Operands;CUSTOMERS;2
Operands;3;38
Operands;NOTED;1
Operands;TREATY;7
Operands;POOLS;1
Operands;EXERCISES;5
Operands;MANAGERS;3
Operands;EXPECTATIONS;4
Operands;COMMISSION;81
Operands;PROPER;1
Operands;NOTICE;4
Operands;DELEGATE;3
Operands;RISE;2
Operands;LEADS;2
Operands;EXTREME;1
Operands;LANDSCAPE;5
Operands;NEGLIGENCE;2
Operands;ACTION;20
Operands;EEA;3
Operands;15;16
Operands;RELIES;2
Operands;DECENTRALISED;1
Operands;HIGHLIGHTED;1
Operands;INSTRUCTIONS;3
Operands;UPDATED;6
Operands;COMMITMENTS;16
Operands;LEVEL;76
Operands;DISRUPTION;11
Operands;PILLARS;2
Operands;CONSULT;4
Operands;DIRECTIVE;88
Operands;45;6
Operands;LOSSES;9
Operands;DISCLOSE;2
Operands;FACE;5
Operands;EXCHANGES;10
Operands;PREPARE;4
Operands;ASPECTS;7
Operands;AUDITED;2
Operands;ONEOFF;5
Operands;ESMA;27
Operands;PREVENTION;7
Operands;TERM;1
Operands;KNOWLEDGE;5
Operands;FIGURES;1
Operands;9;4
Operands;HELP;6
Operands;CONSULTATIONS;5
Operands;ANOMALOUS;4
Operands;BRING;5
Operands;TECHNOLOGICAL;5
Operands;35;2
Operands;DAMAGE;9
Operands;KEEP;5
Operands;PHYSICAL;10
Operands;DECISIONS;5
Operands;61;3
Operands;BROAD;3
Operands;2003;3
Operands;INFORMATION;129
Operands;INTERPRETED;2
Operands;BUSINESSES;1
Operands;COMPANIES;5
Operands;HORIZONTAL;8
Operands;TECHNOLOGY;15
Operands;AUDITS;10
Operands;EXTENSIVE;2
Operands;HEADING;8
Operands;NIS;20
Operands;TOOL;1
Operands;FINANCIAL;608
Operands;PURSUED;2
Operands;FAR;3
Operands;WEAKNESSES;5
Operands;ONLINE;1
Operands;CONTINUOUS;9
Operands;POLITICAL;3
Operands;BASIC;4
Operands;REIMBURSEMENT;1
Operands;24;7
Operands;OCCURRENCE;4
Operands;TECHNIQUES;7
Operands;TYPICAL;1
Operands;WAY;17
Operands;ARCHITECTURE;4
Operands;SOLUTION;1
Operands;CONTENT;5
Operands;TERMS;14
Operands;SIMPLIFICATION;1
Operands;HOME;1
Operands;GENERATED;1
Operands;SUBSTANTIVE;3
Operands;REASONABLE;2
Operands;PROTOCOLS;10
Operands;EIOPA;23
Operands;JEOPARDISE;3
Operands;283;2
Operands;53;2
Operands;ADAPT;1
Operands;37;4
Operands;2857;5
Operands;OPERATED;2
Operands;INTENSITY;1
Operands;SIDES;1
Operands;COMMENTS;2
Operands;TEXT;2
Operands;SCALE;14
Operands;QUESTIONS;1
Operands;AMENDMENTS;7
Operands;101;2
Operands;MATTERS;6
Operands;66;2
Operands;OBVIOUS;1
Operands;OVERLAPPING;5
Operands;REAL;4
Operands;PRIORITY;3
Operands;SUPERVISION;19
Operands;FEE;1
Operands;ACTIONS;15
Operands;TANGIBLE;1
Operands;COMPREHENSIVE;17
Operands;RECEIPT;5
Operands;ESTABLISHMENT;9
Operands;PARENT;1
Operands;CALL;3
Operands;AVAILABLE;14
Operands;FAIR;1
Operands;2008;6
Operands;SECTORSPECIFIC;3
Operands;ALLOWANCES;1
Operands;SOLUTIONS;10
Operands;PUBLIC;15
Operands;GUARANTEES;5
Operands;10313;12
Operands;DATA;86
Operands;TRUSTED;3
Operands;70;2
Operands;62;1
Operands;RELATED;24
Operands;INTERNATIONAL;18
Operands;ARISE;5
Operands;REPOSITORIES;7
Operands;REGISTER;5
Operands;CRITERIA;18
Operands;EUROSYSTEM;1
Operands;BREACH;9
Operands;MECHANISM;7
Operands;EXCHANGE;9
Operands;DELIVERS;1
Operands;ORDER;26
Operands;CONTRACTUAL;55
Operands;INSTITUTION’;3
Operands;TLPT;3
Operands;PERFORMS;1
Operands;LED;17
Operands;TRANSACTIONS;3
Operands;LEGISLATIVE;17
Operands;TRANSFERS;1
Operands;DEVELOPING;4
Operands;INCIDENT;72
Operands;INTERACTION;3
Operands;MATTER;8
Operands;DESIGN;4
Operands;TRIGGER;4
Operands;EXPERT;5
Operands;GOVERNED;6
Operands;AWARENESS;8
Operands;INSPECTIONS;18
Operands;DEMAND;1
Operands;FULFILMENT;5
Operands;ADEQUATE;9
Operands;MET;8
Operands;FOCUS;5
Operands;18;13
Operands;CHALLENGE;4
Operands;INTRODUCE;1
Operands;DETECT;4
Operands;ENTERED;2
Operands;FINANCE;21
Operands;UNIT;1
Operands;AFFECT;4
Operands;INTEGRAL;5
Operands;MARKETS;19
Operands;MATERIAL;11
Operands;BENCHMARKING;1
Operands;IIITHE;3
Operands;JUSTICE;5
Operands;CRYPTOASSETS;5
Operands;2016/;10
Operands;TPPS;10
Operands;LAND;2
Operands;CATEGORY;1
Operands;FIELD;1
Operands;1A;3
Operands;INSTITUTION;7
Operands;DOCUMENTS;5
Operands;ATTACHED;1
Operands;FIRM;5
Operands;CSPECIFY;3
Operands;ACCOUNTING;1
Operands;TRANSLATE;2
Operands;RELIABLE;2
Operands;SHEETS;3
Operands;TYPES;8
Operands;UNION’S;10
Operands;ENTITLED;1
Operands;PROFILES;7
Operands;DISRUPTIONS;10
Operands;DETAIL;1
Operands;WELL;49
Operands;SCENARIOS;8
Operands;POINTS;11
Operands;1373;12
Operands;2;48
Operands;OUTSOURCED;4
Operands;ATTENTION;2
Operands;ECONOMY;4
Operands;WORLDWIDE;1
Operands;PERFORMANCE;28
Operands;2009;2
Operands;COMMISSION’S;4
Operands;NATURE;22
Operands;4000;12
Operands;EFFICIENCY;5
Operands;COFINANCED;6
Operands;NATURAL;13
Operands;JOINTLY;3
Operands;ADMINISTRATIVE;34
Operands;TRANSACTION;1
Operands;AREAS;20
Operands;GENERATION;3
Operands;ADDRESSING;17
Operands;LEAD;60
Operands;OVERVIEW;3
Operands;OFFICIALS;5
Operands;HARMONISATION;13
Operands;SECTOR’S;4
Operands;TARGETS;3
Operands;PURSUANT;17
Operands;PRIMARY;7
Operands;INVESTIGATION;10
Operands;COMMON;20
Operands;INTENTION;1
Operands;ACTIVITY;11
Operands;40;4
Operands;57;2
Operands;PRINCIPLES;8
Operands;CTHE;9
Operands;ECB;16
Operands;HARMONISED;8
Operands;IDENTITY;5
Operands;COMPETITION;6
Operands;RESOLUTION;5
Operands;UNCERTAINTY;1
Operands;LONG;3
Operands;PROPOSED;2
Operands;PROVIDING;6
Operands;UNAUTHORIZED;5
Operands;73;1
Operands;CASH;1
Operands;NEW;29
Operands;CONFLICTS;1
Operands;TIMES;5
Operands;1095/2010;18
Operands;LEGAL;38
Operands;AGREE;1
Operands;REPUTATIONAL;1
Operands;ADMINISTRATION;2
Operands;7;8
Operands;EMERGENCY;2
Operands;BRINGING;1
Operands;5488;4
Operands;MONEY;6
Operands;PARTICIPATING;1
Operands;WIDESPREAD;1
Operands;1094/2010;19
Operands;SEPTEMBER;3
Operands;DELEGATED;28
Operands;HELD;5
Operands;DIMENSION;7
Operands;2015/2366;3
Operands;PEOPLE;4
Operands;1748;48
Operands;INDUSTRIES;1
Operands;2019;8
Operands;MERGER;1
Operands;STATEMENTS;1
Operands;APPROPRIATIONS;28
Operands;RANGE;9
Operands;LARGER;3
Operands;BUSINESS;76
Operands;BENEFITS;9
Operands;BANKING;8
Operands;REST;1
Operands;DECEMBER;5
Operands;OPERATION;5
Operands;AUTHORISATION;4
Operands;RECEIVED;5
Operands;THIRDPARTY;262
Operands;IMPORTANT;26
Operands;CAREFUL;1
Operands;BECOME;5
Operands;DEPOSITORIES;4
Operands;STORAGE;3
Operands;LEAVE;1
Operands;INPUT;4
Operands;CHANNELS;4
Operands;PLANNED;6
Operands;SAFETY;3
Operands;REVIEW;24
Operands;CHARGE;2
Operands;INFRASTRUCTURES;18
Operands;CURRENT;14
Operands;DELAY;11
Operands;CONTACT;4
Operands;PLEASE;3
Operands;SOON;4
Operands;CONTRIBUTE;3
Operands;RELIED;1
Operands;SEVERITY;3
Operands;MAGNITUDE;4
Operands;ATHE;11
Operands;OUTPUTS;12
Operands;EXPERTISE;9
Operands;PROTECTED;3
Operands;–;7
Operands;ACCOUNTABLE;1
Operands;IMPORTANCE;9
Operands;PRESERVE;1
Operands;BEST;9
Operands;PROVIDER’S;9
Operands;CREATED;1
Operands;SUPERVISORS;15
Operands;FOLLOW;6
Operands;RESPONSIBLE;13
Operands;ENFORCEMENT;7
Operands;GENERATE;2
Operands;EMPLOYED;1
Operands;23;7
Operands;PROVIDER;97
Operands;RISK;213
Operands;WRITTEN;4
Operands;ACTING;1
Operands;APARAGRAPH;5
Operands;30;5
Operands;RETIREMENT;5
Operands;PRUDENTIAL;11
Operands;INSTITUTIONAL;4
Operands;CONTRIBUTES;4
Operands;ELECTRONIC;8
Operands;GEOGRAPHICAL;3
Operands;STATES;39
Operands;FUNDED;6
Operands;LICENCE;2
Operands;TEAMS;4
Operands;INDUSTRY;9
Operands;TASKS;29
Operands;RISKBASED;4
Operands;…;5
Operands;FRAMEWORKS;15
Operands;INCREASED;10
Operands;FAILURE;7
Operands;1060/2009;9
Operands;PROVIDERS;149
Operands;COVERAGE;5
Operands;SAFEGUARD;2
Operands;PRODUCTION;7
Operands;COST;52
Operands;VARY;2
Operands;UNDERTAKE;2
Operands;MONITORING;37
Operands;AUTHORITY;56
Operands;COMMITMENT;4
Operands;CONTAGION;3
Operands;BTHE;13
Operands;INDIVIDUAL;14
Operands;PROVIDER’;5
Operands;ARTICLES;30
Operands;OBJECTIVE;21
Operands;INTANGIBLE;1
Operands;BODY;17
Operands;CLEAR;11
Operands;INITIAL;4
Operands;TEAM;8
Operands;IMPACTS;12
Operands;SECURITY;59
Operands;DIRECTIVES;9
Operands;MICRO;4
Operands;FEASIBLE;2
Operands;USERS;5
Operands;FINDINGS;8
Operands;PREPARATORY;7
Operands;EXAMPLE;2
Operands;FINTECH;5
Operands;SERVICES;157
Operands;SEGMENTATION;1
Operands;BEGIN;3
Operands;ENCOURAGE;2
Operands;1811;6
Operands;STANDARD;10
Operands;CLOSE;2
Operands;SUFFER;1
Operands;INVESTOR;2
Operands;PENSION;7
Operands;ADVERSE;11
Operands;PROCEDURE;7
Operands;UNDERTAKINGS;6
Operands;INSPECTION;13
Operands;FUNCTION;13
Operands;PARTNERSHIP;1
Operands;SUBCONTRACTING;12
Operands;BASIS;31
Operands;51;10
Operands;BESPOKE;2
Operands;ENTAILS;4
Operands;JUDICIAL;4
Operands;VIEW;17
Operands;PENSIONS;6
Operands;MAP;3
Operands;QUALITY;11
Operands;COMMUNITY;2
Operands;WORKING;3
Operands;POSTCRISIS;3
Operands;OUTSOURCING;9
Operands;CONTINUED;1
Operands;UNDERTAKEN;5
Operands;ISSUED;4
Operands;PARTS;2
Operands;MECHANISMS;19
Operands;STANDARDISED;2
Operands;STABILITY;30
Operands;EASE;1
Operands;TRADITIONAL;2
Operands;MICA;6
Operands;200;1
Operands;SAFE;2
Operands;PLACE;26
Operands;AVAILABILITY;9
Operands;MEASURE;3
Operands;REVEALED;1
Operands;ACHIEVE;8
Operands;SENIOR;5
Operands;CONFIDENCE;4
Operands;CHARACTERISTICS;1
Operands;PRIOR;1
Operands;TRADING;7
Operands;CAPTURE;4
Operands;RELEVANCE;5
Operands;TIME;27
Operands;MANAGE;7
Operands;ALLOWANCE;1
Operands;OBJECTIVES…’;4
Operands;OVERSIGHT;79
Operands;PROFITS;2
Operands;REMEDIAL;11
Operands;EXAMINATION;10
Operands;COMPLETELY;2
Operands;☑;10
Operands;GAIN;2
Operands;CATEGORIES;2
Operands;INSOFAR;5
Operands;CONSOLIDATION;1
Operands;ROLES;4
Operands;KM;4
Operands;ALREADY;14
Operands;LOSS;6
Operands;71;2
Operands;PROPOSAL;63
Operands;311;4
Operands;ORGANIZED;1
Operands;LINE;13
Operands;PROTECTION;34
Operands;ASCERTAIN;1
Operands;STATE;11
Operands;FEATURES;4
Operands;ATTEMPT;2
Operands;EUR;24
Operands;INSTRUMENT;3
Operands;FEEDBACK;6
Operands;COUNTRY;5
Operands;DUE;11
Operands;OUTCOME;1
Operands;2A;3
Operands;SOURCES;5
Operands;TESTERS;8
Operands;OVERSEE;4
Operands;PUBLISHED;3
Operands;PROLIFERATION;1
Operands;VENUES;5
Operands;ESA;9
Operands;REGULATION;185
Operands;ADVANTAGES;1
Operands;SENSITIVE;3
Operands;ANCILLARY;4
Operands;INFORMATIONSHARING;4
Operands;FOCUSED;2
Operands;LIABILITY;1
Operands;CENTRALISED;2
Operands;38;2
Operands;EXPLORE;2
Operands;INVESTMENTS;4
Operands;MAJOR;34
Operators;;2270
Operators;ALSO;55
Operators;WERE;10
Operators;CONDITIONS;17
Operators;DETERMINE;5
Operators;CONDUCTING;2
Operators;RECOMMENDATIONS;25
Operators;REGARD;14
Operators;STILL;2
Operators;DEFINITION;1
Operators;LACK;9
Operators;PROVIDES;8
Operators;X;5
Operators;NEXT;2
Operators;AVERAGE;8
Operators;ARISING;6
Operators;VERIFY;1
Operators;REGULATORY;54
Operators;INCORPORATION;5
Operators;EXCLUSIONS;1
Operators;PROVIDE;39
Operators;CALCULATED;1
Operators;OPERATES;4
Operators;BINDING;1
Operators;FUNCTIONING;17
Operators;SPECIFY;17
Operators;BUT;14
Operators;INDICATE;7
Operators;REGARDING;5
Operators;ESPECIALLY;10
Operators;CANNOT;2
Operators;POSITIVE;1
Operators;CALCULATION;2
Operators;ACCORDING;8
Operators;ENSURE;69
Operators;APPROVED;5
Operators;IMPLEMENT;11
Operators;LIMITATIONS;2
Operators;SUBJECTING;2
Operators;MOREOVER;8
Operators;OCCURRING;3
Operators;APPLIED;4
Operators;ACQUIRE;2
Operators;INCLUDING;88
Operators;=;8
Operators;IMPLEMENTATION;20
Operators;ASSUMED;2
Operators;TREATMENT;1
Operators;REQUIRED;31
Operators;IMPOSE;5
Operators;RATIO;1
Operators;DIFFERENCES;4
Operators;GRANTING;1
Operators;THRESHOLDS;7
Operators;ALWAYS;1
Operators;IF;15
Operators;NEED;16
Operators;CHALLENGING;1
Operators;CORRESPONDING;1
Operators;PROPORTION;1
Operators;VERIFIED;1
Operators;IDENTIFYING;4
Operators;INDICATORS;6
Operators;RESTORING;1
Operators;DEFINING;1
Operators;REDUCE;13
Operators;PREVENT;13
Operators;MINIMISING;3
Operators;INSTANCE;2
Operators;REPEALING;5
Operators;CURRENTLY;8
Operators;LASTLY;2
Operators;ENGAGE;1
Operators;MAY;73
Operators;NEEDS;19
Operators;LOWER;1
Operators;ESTABLISHED;31
Operators;&;2
Operators;NEEDED;15
Operators;MULTIPLE;12
Operators;MANDATED;3
Operators;NONETHELESS;1
Operators;CONSIST;1
Operators;REMOVES;2
Operators;OVERALL;17
Operators;NEVERTHELESS;2
Operators;EFFECTIVELY;15
Operators;LAY;6
Operators;IMPLEMENTED;10
Operators;ADOPTED;10
Operators;LIMITING;5
Operators;ADDED;3
Operators;ELIMINATE;1
Operators;RESULTS;17
Operators;ADEQUATELY;13
Operators;REFER;1
Operators;REQUIREMENT;5
Operators;THOUGH;1
Operators;DETERMINED;7
Operators;SUBJECT;38
Operators;ALTERNATIVELY;1
Operators;APPLY;16
Operators;EVALUATING;1
Operators;ADOPT;17
Operators;COLLECTIVE;6
Operators;APPLIES;4
Operators;SPECIFYING;10
Operators;HENCE;2
Operators;ESTIMATED;30
Operators;UNDERLYING;1
Operators;TECHNOLOGICALLY;1
Operators;POOLING;1
Operators;ALLOCATED;2
Operators;ALLOWING;6
Operators;MAINLY;3
Operators;REGULARLY;13
Operators;CONSEQUENTLY;3
Operators;THEREIN;2
Operators;FACTORS;5
Operators;THUS;12
Operators;COMPLY;7
Operators;NOR;4
Operators;SEEM;1
Operators;PERFORMING;2
Operators;MEANS;59
Operators;EXPLAIN;2
Operators;FURTHER;43
Operators;REDUCING;4
Operators;RESULT;6
Operators;ADOPTION;5
Operators;EXEMPTION;1
Operators;ENTIRELY;1
Operators;AND/OR;2
Operators;NOT;82
Operators;SEEKS;1
Operators;QUICKLY;6
Operators;REQUIRE;10
Operators;HOWEVER;7
Operators;RESPECTIVELY;20
Operators;WHY;1
Operators;WHEREAS;1
Operators;MULTIPLYING;1
Operators;MAINTAIN;21
Operators;ADDITIONAL;19
Operators;MINIMUM;9
Operators;ENTAIL;9
Operators;SPECIFIC;62
Operators;SIGNIFICANTLY;3
Operators;TESTED;4
Operators;ACCORDANCE;92
Operators;SOLELY;1
Operators;INFORM;11
Operators;EMERGING;6
Operators;SO;8
Operators;REFLECTED;2
Operators;CIRCUMSTANCES;4
Operators;AND;1414
Operators;REQUESTED;6
Operators;EQUIVALENT;2
Operators;REPRESENTS;1
Operators;INVOLVING;1
Operators;WHEREBY;4
Operators;REGARDS;2
Operators;REMOVE;3
Operators;ADOPTING;7
Operators;DECREASE;3
Operators;REGULATIONS;33
Operators;NOTIFY;9
Operators;COMPARABILITY;1
Operators;DIFFERS;1
Operators;SAME;25
Operators;GREATER;2
Operators;INCORPORATED;1
Operators;EITHER;16
Operators;MITIGATE;4
Operators;OVERLAPS;8
Operators;SINCE;13
Operators;ADD;3
Operators;REQUESTS;1
Operators;PREVENTING;3
Operators;PROMPTLY;4
Operators;COMPRISE;1
Operators;CONCLUDED;11
Operators;MAINTAINING;1
Operators;ALTERNATIVE;9
Operators;OBTAIN;2
Operators;READILY;1
Operators;SPECIFIED;7
Operators;INCREASES;2
Operators;INCLUDED;11
Operators;AFTER;38
Operators;RELATION;36
Operators;UNDERSTOOD;1
Operators;POST;2
Operators;ASSESS;16
Operators;REPLACED;13
Operators;ATTRIBUTABLE;1
Operators;DIFFERENT;35
Operators;NET;1
Operators;BALANCE;5
Operators;ENSURES;3
Operators;INCLUDE;17
Operators;UNLESS;4
Operators;ENTIRE;1
Operators;DEEMS;4
Operators;COMBINED;1
Operators;POTENTIALLY;8
Operators;SUFFICIENTLY;5
Operators;COLLECTIVELY;3
Operators;DEFINE;3
Operators;TESTS;15
Operators;EQUALLY;1
Operators;SUPERVISE;3
Operators;MANDATORY;2
Operators;ULTIMATELY;7
Operators;PREVIOUSLY;1
Operators;MITIGATING;3
Operators;PRIMARILY;4
Operators;FUNDAMENTALLY;1
Operators;RAISED;2
Operators;SPECIFICITIES;1
Operators;AGREED;8
Operators;CIRCUMSTANCE;1
Operators;COVER;15
Operators;ACCEPTED;1
Operators;THEN;1
Operators;EQUAL;1
Operators;MINIMAL;1
Operators;OBLIGATIONS;15
Operators;GAPS;7
Operators;FULFILLING;5
Operators;ENABLING;13
Operators;SET;51
Operators;EXIST;3
Operators;KEEPING;2
Operators;RELATIONSHIP;3
Operators;EXEMPTED;1
Operators;ENHANCING;6
Operators;AVOID;2
Operators;ESTIMATES;1
Operators;ADDITION;16
Operators;SHARING;15
Operators;DEFINED;35
Operators;FOR;388
Operators;GAP;2
Operators;CASE;28
Operators;DEPENDING;2
Operators;INCLUDES;7
Operators;YET;2
Operators;INVOLVED;6
Operators;SETS;4
Operators;ENSURING;16
Operators;IMPROVE;2
Operators;INCORPORATE;1
Operators;MANAGING;8
Operators;SMALLER;1
Operators;RECENTLY;1
Operators;IMPEDING;3
Operators;WAS;7
Operators;PROCESSING;17
Operators;SUBSEQUENTLY;1
Operators;REFERRED;119
Operators;OBTAINING;1
Operators;SUITABLE;3
Operators;ETC;7
Operators;MANDATE;3
Operators;MAXIMUM;1
Operators;TIMELY;7
Operators;SUPERVISED;4
Operators;ENFORCEMENT;7
Operators;RESULTING;7
Operators;FULFIL;8
Operators;RECEIVES;1
Operators;LIKE;1
Operators;SUPERVISORY;46
Operators;*;2
Operators;RAISE;1
Operators;EXISTING;23
Operators;REASONABLY;1
Operators;REMAIN;11
Operators;SYSTEMICALLY;5
Operators;CONTRIBUTING;4
Operators;SELECTION;1
Operators;ONLY;36
Operators;PERMITTED;2
Operators;PERFORM;12
Operators;SINGLE;39
Operators;ASSUMING;1
Operators;DETERMINING;6
Operators;IMPLEMENTING;20
Operators;DERIVED;3
Operators;AMENDING;9
Operators;RATHER;4
Operators;ASSESSED;3
Operators;CONTINUE;15
Operators;MINIMISE;8
Operators;RESPONDING;3
Operators;REFERENCES;1
Operators;LIKELY;3
Operators;DIFFERENTLY;1
Operators;DUPLICATIVE;1
Operators;CASEBYCASE;1
Operators;PARTICULARLY;4
Operators;RETURN;3
Operators;ASSOCIATED;14
Operators;CLOSELY;6
Operators;DEDICATED;16
Operators;EXERCISING;3
Operators;ABSOLUTE;1
Operators;RESPECT;17
Operators;REQUIRES;5
Operators;PERCENTAGE;1
Operators;QUALIFY;2
Operators;PROVIDED;37
Operators;QUANTIFY;3
Operators;REGULATORS;1
Operators;EG;20
Operators;RECEIVING;2
Operators;LEADING;2
Operators;IDENTIFICATION;9
Operators;ALLOWS;5
Operators;RESULTED;1
Operators;CONSTITUTES;2
Operators;IMPOSED;5
Operators;REPEALED;1
Operators;IE;4
Operators;FACILITATE;7
Operators;COVERED;18
Operators;PARTIALLY;1
Operators;APPROVE;1
Operators;MEET;2
Operators;RAISES;1
Operators;INDIRECTLY;3
Operators;RELATIVE;1
Operators;LIMITED;16
Operators;IDENTIFY;19
Operators;ESTABLISHING;8
Operators;DISTINCT;2
Operators;WHILE;26
Operators;DEPEND;3
Operators;BEFORE;15
Operators;LIMIT;4
Operators;INTENDED;2
Operators;REGARDLESS;1
Operators;AGGREGATION;1
Operators;CONTAINED;2
Operators;RECEIVE;7
Operators;CONCERNS;3
Operators;INDEED;1
Operators;LIMITS;2
Operators;ESTABLISH;23
Operators;RECOMMENDATION;6
Operators;NAMELY;4
Operators;CONNECTION;2
Operators;DUPLICATION;1
Operators;LEAST;22
Operators;IMMEDIATELY;3
Operators;MATERIALLY;1
Operators;APPROPRIATELY;2
Operators;PROPERLY;2
Operators;IRRESPECTIVE;2
Operators;CALCULATING;1
Operators;MERELY;2
Operators;IDENTIFIED;19
Operators;ALLOCATING;1
Operators;INCLUSION;1
Operators;OR;342
Operators;THEREFORE;10
Operators;FACILITATING;2
Operators;SEPARATELY;2
Operators;MOVEMENT;3
Operators;LAID;19
Operators;GRANTED;3
Operators;FULLY;26
Operators;HOW;9
Operators;THEREBY;1
Operators;APPLYING;6
Operators;AS;298
Operators;ASSESSING;7
Operators;OTHERWISE;5
Operators;SIMILAR;2
Operators;CONSTITUTE;1
Operators;REQUEST;18
Operators;EVEN;3
Operators;USING;11
Operators;INSTEAD;1
Operators;APPROVAL;4
Operators;INCREASE;8
Operators;UNACCEPTABLE;1
Operators;COMPUTING;10
Operators;SHALL;337
Operators;ALLOCATION;2
Operators;ASSUMPTIONS;4
Operators;CONCERNED;8
Operators;YEARLY;15
Operators;CONFERRED;6
Operators;AMENDED;9
Operators;ACHIEVES;1
Operators;DIRECTLY;7
Operators;CONTRARY;1
Operators;COOPERATE;7
Operators;AGGREGATED;3
Operators;STRENGTHENING;3
Operators;DELIVER;1
Operators;ALLOW;9
Operators;FIRST;26
Operators;PERIODICALLY;6
Operators;ENFORCING;1
Operators;REMAINS;1
Operators;ASSESSMENT;31
Operators;INSTANCES;1
Operators;INDIVIDUALLY;4
Operators;TEST;9
Operators;NOTABLY;12
Operators;ANALYSING;3
Operators;TOTAL;55
Operators;DEPENDENCE;1
Operators;COMPREHENSIVELY;6
Operators;RESPECTIVE;9
Operators;CONTINUOUSLY;3
Operators;EXPLORING;1
Operators;WHOLE;8
Operators;DEFINITIONS;2
Operators;DEDUCTION;1
Operators;SETTING;6
Operators;RELY;5
Operators;REPORTING;62
Operators;KEPT;2
Operators;STEMMING;7
Operators;DEEMED;6
Operators;PROPORTIONALITY;11
Operators;EASILY;2
Operators;GENERATING;1
Operators;BECAUSE;3
Operators;TESTING;84
Operators;INVOLVE;2
Operators;REGULATION;185
Operators;FACTOR;1
Operators;SWITCH;2
Operators;EVALUATE;1
Operators;CONCERNING;8
Operators;EVOLVING;8
Operators;REQUIREMENTS;69
Operators;SUBMIT;24
Operators;COMPLYING;3
Operators;REGULATED;4
Operators;NOTWITHSTANDING;1
Operators;REQUIRING;5
Operators;DESPITE;3
Operators;ACCORDINGLY;1
Operators;ADDING;1
Operators;ESTIMATE;1
Operators;INTEGRATED;5
Operators;ADJUSTED;1
Operators;EXISTS;1
Operators;SUPERVISION;19
Operators;CLEARLY;1
Operators;QUANTITATIVE;8
Operators;PRESERVING;6
Operators;TOGETHER;6
Operators;INCREASING;1
Operators;SECOND;8
LogicalConnectors;ALSO;55
LogicalConnectors;LEAST;22
LogicalConnectors;FURTHER;43
LogicalConnectors;STILL;2
LogicalConnectors;EACH;28
LogicalConnectors;HIGHER;2
LogicalConnectors;NEXT;2
LogicalConnectors;INCLUSION;1
LogicalConnectors;LONGER;2
LogicalConnectors;OR;342
LogicalConnectors;THEREFORE;10
LogicalConnectors;NOT;82
LogicalConnectors;EXCLUSIONS;1
LogicalConnectors;WHEN;34
LogicalConnectors;HOWEVER;7
LogicalConnectors;RESPECTIVELY;20
LogicalConnectors;WHY;1
LogicalConnectors;ANY;70
LogicalConnectors;JOINTLY;3
LogicalConnectors;GRANTED;3
LogicalConnectors;FINALLY;6
LogicalConnectors;YET;2
LogicalConnectors;EXCLUDING;2
LogicalConnectors;VERY;1
LogicalConnectors;BEGINNING;1
LogicalConnectors;BUT;14
LogicalConnectors;THEREBY;1
LogicalConnectors;REGARDING;5
LogicalConnectors;SOLELY;1
LogicalConnectors;ESPECIALLY;10
LogicalConnectors;AS;298
LogicalConnectors;OTHERWISE;5
LogicalConnectors;SUBSEQUENTLY;1
LogicalConnectors;SO;8
LogicalConnectors;SIMILAR;2
LogicalConnectors;CONSIDERING;2
LogicalConnectors;APPROXIMATELY;2
LogicalConnectors;AND;1414
LogicalConnectors;EQUIVALENT;2
LogicalConnectors;ALONE;1
LogicalConnectors;REPRESENTS;1
LogicalConnectors;WHERE;56
LogicalConnectors;LIKE;1
LogicalConnectors;INCLUDING;88
LogicalConnectors;RATIO;1
LogicalConnectors;ONLY;36
LogicalConnectors;GREATER;2
LogicalConnectors;BOTH;9
LogicalConnectors;IF;15
LogicalConnectors;EITHER;16
LogicalConnectors;WHETHER;18
LogicalConnectors;SINCE;13
LogicalConnectors;ALL;105
LogicalConnectors;RATHER;4
LogicalConnectors;PARTICULARLY;4
LogicalConnectors;OVERALL;17
LogicalConnectors;EXCEPT;3
LogicalConnectors;PROVIDED;37
LogicalConnectors;UNTIL;7
LogicalConnectors;AFTER;38
LogicalConnectors;BECAUSE;3
LogicalConnectors;LARGER;3
LogicalConnectors;CONCERNING;8
LogicalConnectors;MORE;29
LogicalConnectors;UNLESS;4
LogicalConnectors;ENTIRE;1
LogicalConnectors;THOUGH;1
LogicalConnectors;NOTWITHSTANDING;1
LogicalConnectors;EQUALLY;1
LogicalConnectors;PREVIOUSLY;1
LogicalConnectors;WHILE;26
LogicalConnectors;WITHIN;34
LogicalConnectors;BEFORE;15
LogicalConnectors;ACCORDINGLY;1
LogicalConnectors;NO;172
LogicalConnectors;THUS;12
LogicalConnectors;NOR;4
LogicalConnectors;NONE;1
LogicalConnectors;OTHER;87
LogicalConnectors;THEN;1
LogicalConnectors;SECOND;8
Other;;2270
Other;WERE;10
Other;SUBPARAGRAPH;22
Other;DRAWING;1
Other;BEHIND;1
Other;UNION;105
Other;TAKES;2
Other;ALONG;3
Other;RECOMMENDATIONS;25
Other;2;49
Other;THIS;149
Other;THROUGH;57
Other;GIVE;4
Other;TOWARDS;3
Other;EACH;28
Other;RELATING;9
Other;D;5
Other;ADS;2
Other;MADE;4
Other;WITH;303
Other;AMONGST;2
Other;BEEN;32
Other;REGIME;4
Other;HAD;3
Other;APPLICABLE;20
Other;AROUND;4
Other;NOT;82
Other;FOR;388
Other;ACROSS;25
Other;WHEN;34
Other;CASE;28
Other;10;15
Other;RELATED;24
Other;PERSON;15
Other;ANY;70
Other;THROUGHOUT;9
Other;25;6
Other;COSTS;61
Other;CONSIDER;3
Other;5;15
Other;AN;137
Other;P;22
Other;III;3
Other;BAR;1
Other;MUCH;1
Other;L;19
Other;MANY;2
Other;PENALTIES;16
Other;EXCLUDING;2
Other;INTO;70
Other;OF;1781
Other;THERE;9
Other;/;1
Other;MAKING;5
Other;DID;4
Other;WILL;40
Other;WHOSE;2
Other;SOME;16
Other;ONCE;3
Other;WAS;7
Other;CALCULATION;2
Other;PRINCIPLE;8
Other;ITSELF;3
Other;SIMILAR;2
Other;I;9
Other;C;11
Other;DURING;10
Other;75;1
Other;CERTAIN;6
Other;9;5
Other;ETC;7
Other;LITTLE;1
Other;40;5
Other;MUST;5
Other;II;7
Other;PART;31
Other;IN;818
Other;WOULD;75
Other;SHALL;337
Other;TO;1161
Other;TAKING;17
Other;BASE;1
Other;WHERE;56
Other;ITS;55
Other;WHICH;120
Other;V;4
Other;1;94
Other;FEW;2
Other;IV;1
Other;IS;175
Other;GIVEN;6
Other;OVER;10
Other;BEING;12
Other;MAKES;2
Other;PARTIES;7
Other;MAKE;6
Other;56;4
Other;TURNOVER;2
Other;THOSE;52
Other;UPON;21
Other;50;9
Other;REQUIRED;31
Other;CHAPTER;12
Other;GRANTS;1
Other;PROPORTIONATE;11
Other;GIVES;1
Other;IT;88
Other;WHAT;8
Other;12;6
Other;BEYOND;2
Other;PARAGRAPHS;9
Other;SAME;25
Other;CAPS;2
Other;GIVING;1
Other;4;24
Other;BOTH;9
Other;OUT;60
Other;WHOM;3
Other;THE;2750
Other;THESE;27
Other;WHETHER;18
Other;AGAINST;10
Other;TAKEN;13
Other;HE;1
Other;COULD;11
Other;PLUS;6
Other;ALL;105
Other;ENOUGH;1
Other;CONNECTED;2
Other;OFF;1
Other;EVERY;6
Other;ON;364
Other;BY;303
Other;24;8
Other;OUR;1
Other;UNDER;44
Other;3;39
Other;DONE;2
Other;UP;14
Other;ORGANISATION;2
Other;FROM;128
Other;ONE;22
Other;MAY;73
Other;RELATES;1
Other;3B;3
Other;EXPENSES;1
Other;B;14
Other;ABOVE;2
Other;3A;3
Other;WHOLE;8
Other;TWO;10
Other;THREE;15
Other;E;2
Other;SUCH;88
Other;LATER;7
Other;SHOULD;108
Other;EXCEPT;3
Other;FOUR;3
Other;THAN;26
Other;PROVIDED;37
Other;MODEL;3
Other;MIGHT;3
Other;REPORT;35
Other;HAS;46
Other;HAVE;78
Other;EG;20
Other;GENERAL;23
Other;UNTIL;7
Other;PURPOSES;28
Other;BELOW;6
Other;SEVERAL;13
Other;EU;205
Other;HAVING;8
Other;AT;139
Other;VARIOUS;2
Other;VIA;7
Other;PAYMENT;22
Other;PAST;3
Other;REFERENCE;12
Other;TOOK;1
Other;BE;257
Other;IE;4
Other;LESS;4
Other;CAN;21
Other;MORE;29
Other;ANOTHER;3
Other;100;12
Other;PER;7
Other;A;497
Other;DOES;12
Other;THEM;17
Other;WITHOUT;24
Other;THAT;218
Other;INDIRECTLY;3
Other;APPLY;16
Other;THEMSELVES;2
Other;FOLLOWING;52
Other;HERE;1
Other;BETWEEN;28
Other;ARTICLE;237
Other;ARE;126
Other;ABSENT;2
Other;AMONG;3
Other;MOST;7
Other;FUNDS;8
Other;WITHIN;34
Other;OUTSIDE;3
Other;SEE;3
Other;TAKE;20
Other;SHE;1
Other;WHO;7
Other;RESTRICTION;1
Other;THEY;38
Other;NO;172
Other;ABOUT;5
Other;6;17
Other;DOWN;27
Other;FOLLOWS;10
Other;STANDARD;10
Other;THEIRS;1
Other;DO;7
Other;NONE;1
Other;OTHER;87
Other;THEREOF;9
Other;GENERALLY;2
Other;ALONGSIDE;1
Other;THEIR;112
Other;HER;1
Unclassified;CHOSEN;3
Unclassified;CONSIDERS;4
Unclassified;AIMED;9
Unclassified;CONSIDERATION;5
Unclassified;CHOICE;2
Unclassified;APPEARS;2
Unclassified;CHANGING;1
Unclassified;CHANGE;5
Unclassified;CONSIDERED;11
Unclassified;CHANGES;15
Unclassified;CONSIDERING;2
Unclassified;AIMS;2
Unclassified;X;5
