Operands;;402
Operands;SENSITIVE;4
Operands;94;1
Operands;CLOUD;11
Operands;COMMERCIAL;1
Operands;2014/65/EU;12
Operands;UNDERTAKING;11
Operands;IMPAIRMENT;1
Operands;TAILORED;3
Operands;YEARS;7
Operands;CURRENT;6
Operands;ENSURED;3
Operands;FINANCE;5
Operands;ENTER;7
Operands;FACTS;3
Operands;PARAGRAPH;133
Operands;CREDIT;31
Operands;NOW;2
Operands;CONTRACT;4
Operands;SECTION;18
Operands;TLPT;33
Operands;TECHNOLOGICAL;7
Operands;OWNED;1
Operands;FASTER;2
Operands;UNDUE;7
Operands;COUNTERPARTIES;8
Operands;PRIVATE;1
Operands;2010;6
Operands;TYPICAL;1
Operands;ASCERTAIN;1
Operands;CAPTURE;1
Operands;POINTS;23
Operands;ENISA;14
Operands;CERTAINTY;5
Operands;TYPES;14
Operands;LIQUIDITY;2
Operands;COMPONENTS;13
Operands;30;8
Operands;POOL;2
Operands;CAREFUL;1
Operands;SCHEME;1
Operands;PERSONAL;15
Operands;PROFITS;2
Operands;31;12
Operands;PURSUANT;60
Operands;REGULAR;10
Operands;ELECTRONIC;17
Operands;EXPERT;2
Operands;GENERATION;2
Operands;LISTED;2
Operands;CERTIFICATION;1
Operands;DEPENDENCY;1
Operands;BENEFIT;3
Operands;42;10
Operands;COMPETENT;202
Operands;RESPONSE;33
Operands;MODELS;1
Operands;INSTITUTION;11
Operands;EMPLOYS;3
Operands;EARLY;1
Operands;AGENCY;7
Operands;PROCESSED;4
Operands;LOSS;4
Operands;DISCUSSIONS;2
Operands;PUBLISHED;4
Operands;INSTITUTIONS;71
Operands;AUDITORS;7
Operands;PRESENCE;1
Operands;ACHIEVED;4
Operands;PHYSICAL;10
Operands;52;3
Operands;PENSIONS;2
Operands;COMMUNICATIONS;3
Operands;RESTORATION;8
Operands;NATURE;32
Operands;GAINS;1
Operands;JUSTIFICATION;1
Operands;35;9
Operands;84;2
Operands;ONLINE;1
Operands;POTENTIAL;26
Operands;COUNCIL;103
Operands;TRANSFERS;1
Operands;INTERNATIONAL;10
Operands;STATE;25
Operands;DESIGNATION;18
Operands;TERMS;8
Operands;COMMUNICATED;2
Operands;MODIFICATIONS;1
Operands;RECORDS;8
Operands;OVERSIGHT;99
Operands;5;17
Operands;SIGNIFICANCE;3
Operands;EMERGENCY;1
Operands;CONSEQUENCES;8
Operands;ONSITE;10
Operands;EXTENSIVE;1
Operands;FORCE;5
Operands;PROTECT;7
Operands;CALLED;1
Operands;COMPLIANCE;13
Operands;CONSISTENCY;10
Operands;FINAL;2
Operands;EXEMPTIONS;3
Operands;TRANSITION;4
Operands;SEVERITY;2
Operands;SAFEGUARDS;6
Operands;CRYPTOASSETS;5
Operands;PERSPECTIVE;3
Operands;20;10
Operands;STATES;41
Operands;JURISDICTIONS;6
Operands;CAUSED;6
Operands;ENVIRONMENT;1
Operands;RETIREMENT;13
Operands;PROCEEDINGS;8
Operands;THREATS;24
Operands;LIGHT;7
Operands;SUBPARAGRAPHS;1
Operands;9;9
Operands;COUNTERPARTY;4
Operands;CLAUSES;6
Operands;DELIVERED;3
Operands;FUND;2
Operands;CRIMINAL;9
Operands;INSPECTION;21
Operands;IMPORTANCE;12
Operands;EVOLUTION;4
Operands;POLITICAL;1
Operands;VARY;1
Operands;UNDERTAKINGS;13
Operands;UNEVEN;1
Operands;SEGMENTED;1
Operands;GOOD;6
Operands;REINSURANCE;13
Operands;FIRM;3
Operands;DUE;18
Operands;SUBSIDIARY;7
Operands;SYSTEMS;93
Operands;STRESS;1
Operands;RIGHT;12
Operands;MAP;3
Operands;OBVIOUS;1
Operands;HAND;10
Operands;SUPPLIER;1
Operands;FIND;1
Operands;TASKS;21
Operands;SOLUTIONS;19
Operands;TRANSITIONAL;1
Operands;RESOURCES;18
Operands;CSD;4
Operands;OFFERING;2
Operands;CALL;2
Operands;BETTER;5
Operands;DEVELOP;25
Operands;49;2
Operands;POSED;3
Operands;ADMINISTRATION;3
Operands;COMMISSION;58
Operands;ENTERPRISES;3
Operands;FOCUSING;2
Operands;WRITING;2
Operands;SERVICES;248
Operands;USE;79
Operands;ALREADY;7
Operands;REPUTATIONAL;1
Operands;DISCLOSURE;5
Operands;MANAGERS;6
Operands;PENALTIES;18
Operands;SECTIONS;2
Operands;INTERESTS;1
Operands;INCIDENT;70
Operands;EXERCISES;4
Operands;RIGHTS;21
Operands;OBLIGATION;11
Operands;FUNDED;2
Operands;CAPABILITIES;21
Operands;PROCEDURE;4
Operands;DIRECT;5
Operands;DIFFICULTIES;3
Operands;FORMAL;3
Operands;DEMAND;1
Operands;CONFIDENCE;3
Operands;TYPE;14
Operands;AGREEMENTS;1
Operands;HUMAN;3
Operands;NONCOMPLIANCE;11
Operands;SUFFICIENT;11
Operands;ECONOMIC;8
Operands;314;1
Operands;BREACH;10
Operands;INSTRUCTIONS;3
Operands;INTEGRAL;6
Operands;SUBSTANTIVE;2
Operands;TRADITIONAL;3
Operands;PREPARATORY;5
Operands;CARRIED;9
Operands;RANGE;6
Operands;STOCK;1
Operands;CAPABLE;3
Operands;USEFUL;1
Operands;OFFICIAL;89
Operands;REVEALED;2
Operands;COMPONENT;1
Operands;RELIANCE;7
Operands;OPERATIONAL;127
Operands;INTERMEDIATE;1
Operands;AREA;4
Operands;CRYPTOASSET;3
Operands;FOCUS;5
Operands;DEALING;5
Operands;CONTINUED;1
Operands;ADVANCE;2
Operands;TEAM;12
Operands;DUTIES;16
Operands;DEPLOYMENT;8
Operands;TREATY;6
Operands;INCREASED;8
Operands;LARGER;1
Operands;DELEGATION;6
Operands;STRENGTHEN;3
Operands;LICENCE;1
Operands;COVERS;2
Operands;MET;6
Operands;COLLECTING;3
Operands;SHEET;3
Operands;101;2
Operands;NETWORK;30
Operands;CONTROL;23
Operands;PROFESSIONAL;6
Operands;PAYMENTS;13
Operands;FIRMS;10
Operands;HIGHER;3
Operands;CRUCIAL;5
Operands;JULY;14
Operands;181;1
Operands;DEVELOPED;12
Operands;AMOUNTS;1
Operands;SUBSIDIARIES;3
Operands;CROWDFUNDING;4
Operands;CHECKS;4
Operands;PREVENTION;3
Operands;DIVERSITY;1
Operands;ARCHITECTURE;2
Operands;REPRESENTATIVES;8
Operands;SHORTFALLS;1
Operands;GUIDANCE;4
Operands;DELETED;5
Operands;REVIEWED;6
Operands;ACCESSIBILITY;1
Operands;WELL;54
Operands;INTELLIGENCE;11
Operands;LENDING;1
Operands;DIGITALISATION;4
Operands;REVISED;1
Operands;DISPARITIES;2
Operands;REGISTRATION;1
Operands;SOFTWARE;8
Operands;PROMPT;5
Operands;FORWARD;1
Operands;MOVEMENT;2
Operands;CARRY;16
Operands;PLAYING;1
Operands;WIDESPREAD;1
Operands;SUBSEQUENT;5
Operands;2008;1
Operands;INTENTION;3
Operands;PARLIAMENT;95
Operands;55;2
Operands;POSSIBILITY;7
Operands;19;7
Operands;TRANSACTIONS;6
Operands;WORKING;1
Operands;OPERATING;11
Operands;CONFLICTS;7
Operands;CONVERGENCE;6
Operands;CLEAR;8
Operands;ABSENCE;8
Operands;DESIGNED;1
Operands;LEVEL;82
Operands;LINES;4
Operands;SERVICE;377
Operands;PREPAREDNESS;3
Operands;LED;1
Operands;DURATION;5
Operands;CREATING;4
Operands;RESPONSIBILITY;15
Operands;PROPOSAL;5
Operands;RELIABILITY;1
Operands;FEEDBACK;4
Operands;2;47
Operands;REIMBURSEMENT;1
Operands;JUDICIAL;5
Operands;PURPOSE;24
Operands;INPUT;3
Operands;AUDITED;1
Operands;SETTLEMENT;10
Operands;DEFENCE;9
Operands;MEMBERSHIP;3
Operands;ENTAILED;5
Operands;CYBERSECURITY;10
Operands;PARTS;1
Operands;HARMONISED;5
Operands;RATIONALE;1
Operands;ACHIEVE;7
Operands;POOLED;8
Operands;GSIIS;4
Operands;RECOVER;1
Operands;APPROACH;27
Operands;DRAFT;38
Operands;SITUATION;4
Operands;OSIIS;4
Operands;PUBLICLY;2
Operands;TECHNIQUES;5
Operands;CONTRACTUAL;83
Operands;PROVIDER’S;13
Operands;START;3
Operands;432;2
Operands;2019;8
Operands;DECISION;39
Operands;DIRECTIVE;178
Operands;DATE;12
Operands;CYBER;50
Operands;AREAS;11
Operands;GEOGRAPHICAL;5
Operands;PUBLICATION;12
Operands;EXIT;7
Operands;COMMITTEE;29
Operands;PAGE;3
Operands;16;8
Operands;FEATURES;3
Operands;MEASURE;4
Operands;DEVELOPMENTS;11
Operands;MEASURES;55
Operands;COOPERATION;35
Operands;PLATFORM;1
Operands;2013;8
Operands;MANNER;12
Operands;POSITION;1
Operands;DEFER;1
Operands;BASIC;2
Operands;INFORMATION;165
Operands;18;5
Operands;68;3
Operands;FORUM;16
Operands;DIRECTIVES;14
Operands;TEXT;1
Operands;DISPROPORTIONATE;4
Operands;EXPOSURE;6
Operands;DATA;98
Operands;ISOLATION;1
Operands;ATTENTION;2
Operands;AUDITS;10
Operands;194;2
Operands;PERFORMS;1
Operands;TURNOVER;5
Operands;FLOWS;1
Operands;COLLECTION;1
Operands;SITUATIONS;4
Operands;INSTRUMENTS;4
Operands;CONTEXT;23
Operands;WRITTEN;5
Operands;OVERLAPPING;1
Operands;MATERIAL;12
Operands;INITIATIVE;2
Operands;COMMUNICATION;24
Operands;ADVICE;8
Operands;ADVANCED;8
Operands;2016/679;4
Operands;INSTITUTION’;3
Operands;23;11
Operands;TEMPORARY;1
Operands;WAY;15
Operands;CREATION;1
Operands;PERIOD;14
Operands;APPROPRIATE;80
Operands;2016/97;5
Operands;LATTER;7
Operands;44;3
Operands;SOURCE;7
Operands;14;28
Operands;TRANSFER;2
Operands;CONSULTED;1
Operands;CUSTOMER;1
Operands;SECTORSPECIFIC;5
Operands;PARTY;8
Operands;ACT;15
Operands;AMENDMENTS;7
Operands;PENETRATION;9
Operands;INTERMEDIARY’;3
Operands;REST;1
Operands;FINDINGS;9
Operands;USES;1
Operands;201;1
Operands;CONTACT;5
Operands;ARTICLES;26
Operands;DIMENSION;4
Operands;29;6
Operands;BEHAVIOUR;1
Operands;EXPERIENCE;3
Operands;MECHANISM;8
Operands;ACTIONS;11
Operands;2022/2555;27
Operands;ENABLE;25
Operands;SAFEGUARD;4
Operands;UNDERSTANDING;7
Operands;AUTHORISED;8
Operands;CONSULTATION;11
Operands;INSOFAR;4
Operands;CONSISTENT;18
Operands;POSE;5
Operands;36;7
Operands;TIME;33
Operands;QUESTION;2
Operands;TRANSPARENCY;2
Operands;SHEETS;1
Operands;INDEPTH;2
Operands;LEVIED;1
Operands;161;1
Operands;QUESTIONS;1
Operands;PEOPLE;1
Operands;RECENT;2
Operands;SECRECY;5
Operands;FINALISATION;1
Operands;INFRASTRUCTURE;12
Operands;UNDERWRITING;1
Operands;MARKET;37
Operands;RETAIN;1
Operands;CLAIM;1
Operands;1060/2009;16
Operands;PRODUCING;1
Operands;4;40
Operands;PARENT;4
Operands;UNLIKELY;1
Operands;JUNE;5
Operands;NATIONAL;56
Operands;HARDWARE;7
Operands;PROVIDING;21
Operands;RESORT;2
Operands;10;22
Operands;APPROACHES;10
Operands;PRESERVE;3
Operands;STRESSED;2
Operands;MAJOR;58
Operands;DISRUPTION;16
Operands;APPEAL;6
Operands;331;7
Operands;CONDUCT;39
Operands;BENCHMARKING;1
Operands;KEEP;5
Operands;ACTING;1
Operands;FREQUENCY;8
Operands;FAILURES;1
Operands;ANALYSIS;8
Operands;REASONABLE;2
Operands;26;11
Operands;CHAINS;1
Operands;TRADING;7
Operands;MULTILATERAL;1
Operands;FIVE;3
Operands;PRESIDENT;2
Operands;EXTERNAL;24
Operands;RISKBASED;4
Operands;EXPECTATIONS;4
Operands;WEAKNESS;1
Operands;SUPPLIED;2
Operands;GUARANTEE;3
Operands;DOCUMENT;9
Operands;BURDEN;2
Operands;COUNTRY;20
Operands;INTEGRITY;33
Operands;INITIATIVES;2
Operands;FINANCIAL;654
Operands;AUTHORITY;100
Operands;REPORT;41
Operands;ACTUAL;1
Operands;ACTIVE;5
Operands;ORIGINAL;1
Operands;FOLLOW;5
Operands;CONSOLIDATION;1
Operands;RECEIVED;5
Operands;VENUES;4
Operands;ISSUERS;2
Operands;SENIOR;5
Operands;COHERENT;4
Operands;DERIVATIVES;1
Operands;COMMON;23
Operands;TERMINATION;11
Operands;LONGER;3
Operands;TEAMS;5
Operands;PREPARATION;3
Operands;LOCATION;1
Operands;NECESSARY;47
Operands;1;79
Operands;CROSSSECTORAL;1
Operands;STANDARD;6
Operands;LOCATED;9
Operands;MILLION;5
Operands;CONDUCTED;8
Operands;13;9
Operands;DAY;2
Operands;CHARACTERISTICS;1
Operands;STAKEHOLDERS;4
Operands;HARMONISE;2
Operands;PARTICIPATING;4
Operands;CONSULT;8
Operands;INFRASTRUCTURES;10
Operands;VALUE;4
Operands;SUBSTANTIAL;1
Operands;ACTS;23
Operands;COORDINATION;19
Operands;SUPPORTED;7
Operands;GUIDELINES;6
Operands;MANAGED;8
Operands;DIVERGENT;4
Operands;LEVERAGE;3
Operands;CORRECTIVE;5
Operands;ASSETREFERENCED;4
Operands;OPERATORS;7
Operands;SERVERS;1
Operands;PRIORITY;2
Operands;REACH;1
Operands;CEASE;3
Operands;UNABLE;1
Operands;CAUSES;2
Operands;BASELINE;1
Operands;RULEBOOK;3
Operands;FREEDOMS;1
Operands;CONTAGION;2
Operands;61;13
Operands;ADVERSE;14
Operands;QUALITY;14
Operands;OUTCOME;4
Operands;SUBCOMMITTEE;2
Operands;2018;4
Operands;LEGITIMATE;3
Operands;KEYS;1
Operands;59;2
Operands;COUNTRIES;9
Operands;CONSOLIDATED;4
Operands;65;3
Operands;STABILITY;31
Operands;SUPERVISORS;10
Operands;CONTROLLED;2
Operands;MEDIUM;1
Operands;AUTHORISATION;7
Operands;FEASIBLE;3
Operands;SMALL;9
Operands;ACCOUNTS;2
Operands;CLASSIFY;5
Operands;STRUCTURES;3
Operands;ROLE;9
Operands;CAUSE;7
Operands;ISSUED;7
Operands;OPERATE;9
Operands;32;7
Operands;APPLICATION;25
Operands;PROTOCOL;2
Operands;PRESERVED;1
Operands;PROCESS;19
Operands;COURT;8
Operands;ENTRY;1
Operands;ESAS;77
Operands;POSITIONS;3
Operands;PENALTY;25
Operands;COMMUNITY;1
Operands;RESPONSIBILITIES;6
Operands;PAID;2
Operands;ADMINISTRATIVE;30
Operands;CRITICAL;225
Operands;48;3
Operands;ACCOMPANIED;4
Operands;FREE;4
Operands;DELIVERY;2
Operands;STATEMENTS;3
Operands;311;4
Operands;HOMOGENOUS;1
Operands;PERSON;18
Operands;POINT;120
Operands;CENTRAL;31
Operands;ESA;3
Operands;STATUTORY;3
Operands;46;6
Operands;FULFILMENT;8
Operands;DESIGNATED;61
Operands;BUSINESS;81
Operands;ENVISAGED;12
Operands;ADMINISTRATORS;2
Operands;POLICIES;30
Operands;UNDERTAKE;3
Operands;RELATED;27
Operands;APPROPRIATENESS;3
Operands;ACCOUNT;54
Operands;IMPROVEMENTS;1
Operands;PROTECTED;3
Operands;MATTER;10
Operands;TANGIBLE;1
Operands;COSTS;22
Operands;2015/2366;21
Operands;DEPOSITORIES;9
Operands;INITIAL;9
Operands;INNOVATIVE;1
Operands;GUARANTEES;1
Operands;HELD;3
Operands;SUBCONTRACTOR;5
Operands;CATEGORIES;2
Operands;NONFINANCIAL;1
Operands;DAMAGES;2
Operands;SIZE;14
Operands;BASE;1
Operands;BEGIN;1
Operands;FACED;1
Operands;THIRDCOUNTRY;12
Operands;HARMONISATION;10
Operands;INDIVIDUAL;12
Operands;MEANINGFUL;1
Operands;PROGRAMME;5
Operands;OCCUR;1
Operands;INTERCONNECTED;2
Operands;UNION’S;7
Operands;PARTNERS;1
Operands;AGREE;4
Operands;909/2014;15
Operands;DISCLOSE;3
Operands;TECHNOLOGIES;5
Operands;SUMMARY;3
Operands;HEAVY;2
Operands;PROVIDERS’;3
Operands;62;3
Operands;CENTRALISED;1
Operands;TURN;3
Operands;1095/2010;12
Operands;SCENARIO;1
Operands;69;1
Operands;ACCURACY;1
Operands;OBSERVED;1
Operands;LONG;3
Operands;ECB;18
Operands;TIER;2
Operands;REACHED;1
Operands;MEMBER;68
Operands;EFFECTIVE;29
Operands;INTRODUCTION;1
Operands;ADVANTAGE;1
Operands;INTERMEDIARY;3
Operands;EFFECT;5
Operands;EU;295
Operands;PROCEDURES;53
Operands;FOSTER;5
Operands;MONITOR;16
Operands;CRITERIA;32
Operands;7;12
Operands;PERSONS;23
Operands;BROAD;2
Operands;AGE;2
Operands;EEA;1
Operands;SOLUTION;2
Operands;1093/2010;29
Operands;RETAINED;1
Operands;CLARIFY;1
Operands;53;2
Operands;STAFF;24
Operands;ELEMENTS;17
Operands;ACCESS;28
Operands;SUFFER;1
Operands;RECOVERING;1
Operands;VERY;2
Operands;ALIGNED;1
Operands;ASPECTS;1
Operands;COMPETITION;3
Operands;LIABILITY;1
Operands;ANNEX;5
Operands;WEBSITE;4
Operands;6;25
Operands;INVESTMENTS;1
Operands;DETRIMENT;2
Operands;REGIONS;1
Operands;PROCESSES;32
Operands;CONTINUITY;50
Operands;COMPATIBILITY;3
Operands;BUDGET;3
Operands;INTRODUCING;1
Operands;EXERCISED;2
Operands;67;1
Operands;2017;2
Operands;FUNDING;2
Operands;LAND;2
Operands;15;18
Operands;INABILITY;2
Operands;CONTRIBUTES;4
Operands;87;1
Operands;PRIMARY;7
Operands;COMPANY;1
Operands;DECISIONMAKING;2
Operands;LANDSCAPE;3
Operands;SECTOR’S;4
Operands;27;10
Operands;REMOTE;1
Operands;DELAY;9
Operands;CASH;1
Operands;FEE;1
Operands;INTRODUCED;2
Operands;OWNERSHIP;1
Operands;EFFICIENT;4
Operands;AIMING;7
Operands;DETAILED;4
Operands;ANNUAL;13
Operands;NIS;1
Operands;PURSUED;1
Operands;TECHNOLOGY;8
Operands;SOURCES;6
Operands;DEFINED;30
Operands;AMOUNT;6
Operands;60;5
Operands;LEGACY;2
Operands;COMPLETION;2
Operands;OCCUPATIONAL;15
Operands;PLANS;44
Operands;HYBRID;1
Operands;ASSIST;1
Operands;2016/1148;4
Operands;CYBERATTACKS;11
Operands;LEGISLATIVE;9
Operands;JUSTICE;8
Operands;UPDATED;7
Operands;ANOMALOUS;3
Operands;OVERSEERS;5
Operands;COMPLETE;9
Operands;PRINCIPLES;9
Operands;REMEDIAL;11
Operands;LOCAL;2
Operands;EXTENT;8
Operands;ABLE;14
Operands;RESOLUTION;21
Operands;TRUST;4
Operands;LIKELIHOOD;1
Operands;DECISIONS;3
Operands;PROTOCOLS;11
Operands;ESRB;5
Operands;11;6
Operands;VI;2
Operands;43;3
Operands;EXPERTS;9
Operands;PENSION;4
Operands;OFFICIALS;4
Operands;KNOWLEDGE;5
Operands;ISSUE;10
Operands;OVERSEER;107
Operands;IMPACT;60
Operands;302;2
Operands;EBA;13
Operands;FACILITIES;6
Operands;PERFORMED;6
Operands;JOINT;42
Operands;DESCRIPTIONS;5
Operands;DECEMBER;12
Operands;COMMENSURATE;4
Operands;54;3
Operands;BACKUP;12
Operands;PLANNED;5
Operands;ORGANISATIONAL;9
Operands;HIGH;23
Operands;GENERATE;1
Operands;REVIEW;32
Operands;IMPLICATIONS;1
Operands;–;4
Operands;34;6
Operands;1094/2010;24
Operands;TRANSPARENT;3
Operands;IMPROVING;1
Operands;ENTERPRISE;1
Operands;CONCLUSIONS;3
Operands;CONTENT;8
Operands;TFEU;5
Operands;VOLUNTARY;19
Operands;JEOPARDISE;6
Operands;PREPARE;2
Operands;EXCHANGE;11
Operands;BEST;8
Operands;37;8
Operands;NOTICE;7
Operands;INVESTIGATIONS;11
Operands;MAGNITUDE;4
Operands;TRANSACTION;1
Operands;GOVERNED;3
Operands;ARRANGEMENTS;106
Operands;NOVEMBER;9
Operands;MALICIOUS;1
Operands;LINKED;2
Operands;RATING;9
Operands;EFFECTS;7
Operands;ICT;790
Operands;ENGAGEMENT;1
Operands;REPORTED;6
Operands;SIGNIFICANT;28
Operands;ARISE;3
Operands;CHARGE;2
Operands;YEAR;3
Operands;ORDER;50
Operands;ESSENTIAL;15
Operands;INFORMED;4
Operands;SUPERVISION;25
Operands;OCCURRENCE;4
Operands;LARGE;4
Operands;COMPETITIVE;3
Operands;ESMA;16
Operands;‘;14
Operands;MECHANISMS;28
Operands;COMPLEX;8
Operands;MANDATES;2
Operands;ACCOUNTABILITY;1
Operands;LEVELS;9
Operands;LINE;6
Operands;PROVIDERS;197
Operands;INCURRED;3
Operands;ASSETS;29
Operands;BROADER;3
Operands;64;9
Operands;G;12
Operands;JOINTLY;2
Operands;GUIDE;3
Operands;2026;1
Operands;EXERCISE;23
Operands;ENTITIES;353
Operands;PROVISION;48
Operands;DIVERGENCES;3
Operands;SIMPLE;3
Operands;SECTOR;40
Operands;RISK;278
Operands;CREATE;5
Operands;PRACTICE;3
Operands;USERS;4
Operands;REGISTER;6
Operands;CRISIS;12
Operands;45;4
Operands;648/2012;20
Operands;POWERS;30
Operands;NEW;9
Operands;ECONOMY;3
Operands;CONCLUSION;3
Operands;FAILURE;6
Operands;CHALLENGE;1
Operands;INVESTMENT;24
Operands;COMMITMENT;1
Operands;2024;2
Operands;ISOLATE;1
Operands;INSTITUTIONAL;2
Operands;COMPLETED;1
Operands;AVAILABILITY;21
Operands;CODE;2
Operands;CORPORATE;5
Operands;FAIR;1
Operands;SEPTEMBER;2
Operands;OVERVIEW;2
Operands;PUBLIC;26
Operands;QUALITATIVE;5
Operands;FEES;6
Operands;INAPPROPRIATE;1
Operands;AFFECTS;1
Operands;196;1
Operands;EFFICIENCY;6
Operands;SOUND;16
Operands;FREEDOM;3
Operands;DOCUMENTED;12
Operands;STAGE;1
Operands;BREACHES;14
Operands;TECHNICAL;74
Operands;MARKETS;21
Operands;REASONED;10
Operands;PROPERTIES;1
Operands;REFLECT;4
Operands;PARTICIPATION;9
Operands;CIVIL;1
Operands;SALES;1
Operands;THIRDPARTY;366
Operands;SCALE;19
Operands;VULNERABILITY;6
Operands;HELP;3
Operands;MEMBERS;13
Operands;CLIENTS;13
Operands;IDENTITY;6
Operands;CONTINUOUS;8
Operands;ACKNOWLEDGE;2
Operands;SUBCONTRACTING;17
Operands;DISCLOSED;3
Operands;INTERPRETED;2
Operands;ALLEVIATE;1
Operands;PRODUCE;2
Operands;INCUR;2
Operands;AVAILABLE;14
Operands;3;36
Operands;REGULATION;270
Operands;TERMINOLOGY;1
Operands;NEGLIGENCE;2
Operands;VULNERABILITIES;11
Operands;CONSISTENTLY;1
Operands;ENTERED;2
Operands;DISRUPTIONS;10
Operands;63;3
Operands;OBJECTIVES;15
Operands;DEGREE;5
Operands;EXPERIENCES;1
Operands;SEVERED;1
Operands;FLOW;1
Operands;LAW;40
Operands;FIGURES;1
Operands;FULL;20
Operands;STORAGE;2
Operands;REDEPLOYMENT;1
Operands;STATEMENT;5
Operands;CUSTOMERS;10
Operands;OPERATION;3
Operands;APRIL;5
Operands;EXPERIENCED;1
Operands;HUB;6
Operands;CONSUMER;2
Operands;DESCRIPTION;1
Operands;WAYS;2
Operands;REMEDIES;9
Operands;PERFORMANCE;26
Operands;EXCHANGES;5
Operands;INTEREST;11
Operands;80;2
Operands;STRICT;3
Operands;BROUGHT;3
Operands;AGREEMENT;5
Operands;2020;2
Operands;HORIZONTAL;4
Operands;DOCUMENTS;6
Operands;COMMISSION’S;1
Operands;EVIDENCE;1
Operands;PARTIES;7
Operands;BOARD;5
Operands;DEMONSTRATE;2
Operands;POSSIBLE;10
Operands;47;4
Operands;8;14
Operands;LEAD;123
Operands;MONEY;17
Operands;ENFORCEMENT;8
Operands;PREJUDICE;20
Operands;INFORMATIONSHARING;8
Operands;PROVISIONS;29
Operands;OPPORTUNITY;4
Operands;OWN;6
Operands;CONSULTATIONS;2
Operands;ULTIMATE;3
Operands;CRITERION;1
Operands;EVALUATION;1
Operands;DELEGATE;3
Operands;CENTRALISATION;4
Operands;PERMANENT;1
Operands;AUTHORITIES;169
Operands;PARTICULAR;53
Operands;RISK’;3
Operands;BENCHMARKS;5
Operands;REPOSITORY’;2
Operands;KNOWN;1
Operands;LOSSES;11
Operands;TOKENS;3
Operands;EXTREME;1
Operands;PRACTICAL;3
Operands;RELEVANCE;7
Operands;PLAN;17
Operands;SIMPLIFIED;6
Operands;CLASSIFIED;5
Operands;ATTEMPT;2
Operands;NUMBER;15
Operands;EC;17
Operands;METHODS;10
Operands;SMOOTH;7
Operands;REFORMS;1
Operands;ECONOMIES;1
Operands;191;1
Operands;ENABLES;2
Operands;INTRAGROUP;5
Operands;STRENGTH;1
Operands;LOCATIONS;4
Operands;UNDERTAKEN;6
Operands;INCIDENTS;80
Operands;BUILDINGS;1
Operands;SYSTEMIC;19
Operands;COMPREHENSIVE;17
Operands;PRINCIPLE;13
Operands;REDUNDANT;7
Operands;ALTER;1
Operands;INTERVENTION;1
Operands;RULES;42
Operands;HIGHLY;2
Operands;END;8
Operands;SHARE;5
Operands;REMEDY;3
Operands;FUNCTIONS;97
Operands;DRAW;6
Operands;FRAMEWORKS;7
Operands;INVOLVEMENT;4
Operands;BANKING;5
Operands;SOCIAL;1
Operands;DEVELOPING;11
Operands;SOPHISTICATION;1
Operands;RELIABLE;2
Operands;AFFAIRS;1
Operands;STAGES;4
Operands;RELEVANT;158
Operands;PAY;1
Operands;ACCOUNTING;4
Operands;ENTITIES’;12
Operands;DISTORTIONS;1
Operands;TACKLE;1
Operands;ENHANCE;7
Operands;REVIEWS;13
Operands;JUSTIFIED;1
Operands;PLACES;1
Operands;33;5
Operands;ASSESSMENTS;10
Operands;MATERIALITY;4
Operands;176;1
Operands;F;21
Operands;SHARED;3
Operands;MONTHS;9
Operands;THREAT;21
Operands;DIGITAL;93
Operands;OPTION;2
Operands;STRATEGIES;12
Operands;EUROPEAN;216
Operands;PROPERTY;2
Operands;INDUSTRY;4
Operands;TARGETS;2
Operands;SUBSECTORS;6
Operands;CLASSIFICATION;4
Operands;SUPPLEMENT;11
Operands;COMPANIES;2
Operands;FORM;2
Operands;DISASTER;7
Operands;ROLES;7
Operands;STRENGTHENED;2
Operands;RECEIPT;9
Operands;TESTERS;13
Operands;SUPPORTING;44
Operands;IMPOSING;9
Operands;SUPPLY;9
Operands;WORLD;1
Operands;CARRYING;11
Operands;LEADS;1
Operands;MANAGE;9
Operands;GROUP;26
Operands;PROTECTION;26
Operands;RESPONSIBLE;27
Operands;PARTICIPANTS;5
Operands;57;4
Operands;DISTRIBUTION;2
Operands;PUT;15
Operands;CRITICALITY;13
Operands;GLOBAL;4
Operands;IMPORTANT;70
Operands;LOGICAL;1
Operands;PRUDENTIAL;11
Operands;CONTROLS;15
Operands;AFFECTED;11
Operands;DOCUMENTATION;8
Operands;COMPLETELY;2
Operands;TRIGGER;4
Operands;2022;94
Operands;DESIGN;4
Operands;GOVERNANCE;6
Operands;VARIETY;1
Operands;PRODUCTION;6
Operands;DETECTION;10
Operands;2006/43/EC;3
Operands;ALIGNMENT;4
Operands;COVERAGE;2
Operands;PARTIAL;2
Operands;ESTABLISHMENT;7
Operands;CONCENTRATION;14
Operands;25;13
Operands;FOLLOWED;6
Operands;FEATURE;2
Operands;TERRITORY;4
Operands;OBSTACLES;2
Operands;DEPENDENCIES;16
Operands;RECOGNITION;6
Operands;TOOL;1
Operands;EXPLORE;2
Operands;LIST;3
Operands;UPDATE;5
Operands;ACCURATE;1
Operands;BURDENS;1
Operands;COMPLEXITY;24
Operands;INDEPENDENT;11
Operands;AWARENESS;12
Operands;APPOINTED;13
Operands;GROUPS;3
Operands;ENTITLED;3
Operands;IMPACTS;4
Operands;SUCCESSFUL;1
Operands;INTERMEDIATION;2
Operands;ASSET;5
Operands;INSURANCE;26
Operands;PROPER;1
Operands;CONTINGENCY;4
Operands;DULY;21
Operands;SPREAD;5
Operands;NATURAL;16
Operands;WORK;12
Operands;GAIN;1
Operands;ACTION;5
Operands;PROVIDER;148
Operands;DETECT;3
Operands;TRUSTED;2
Operands;EIOPA;11
Operands;WIDE;4
Operands;EXECUTION;7
Operands;SITE;6
Operands;ENCOURAGE;1
Operands;CORE;6
Operands;EUR;5
Operands;INTERMEDIARIES;13
Operands;INSPECTIONS;20
Operands;58;2
Operands;CONSUMERS;1
Operands;LESSONS;3
Operands;JURISDICTION;4
Operands;PARTICIPATE;5
Operands;22;11
Operands;ISSUES;5
Operands;EXAMINATION;10
Operands;39;6
Operands;DEAL;3
Operands;RECOVERY;58
Operands;ACTIVITIES;70
Operands;COST;5
Operands;PERIODS;6
Operands;OUTSOURCED;4
Operands;EXPLANATION;4
Operands;24;10
Operands;IMPACTED;3
Operands;OJ;40
Operands;BODIES;8
Operands;INCONSISTENT;1
Operands;ACTIVITY;6
Operands;INVESTORS;1
Operands;LARGELY;2
Operands;POWER;24
Operands;COORDINATED;5
Operands;OVERSEEN;2
Operands;CONTRIBUTE;3
Operands;321;3
Operands;ICTRELATED;118
Operands;EMPLOYEES;1
Operands;OVERSEE;2
Operands;EFFECTIVENESS;9
Operands;BECOME;10
Operands;CHALLENGES;2
Operands;PURPOSES;37
Operands;SCOPE;37
Operands;STRUCTURE;11
Operands;PLACE;28
Operands;CONFIDENTIALITY;20
Operands;PROMOTE;5
Operands;CONTRACTED;7
Operands;CATEGORY;5
Operands;RESILIENCE;91
Operands;LEX;1
Operands;BASIS;53
Operands;2009/65/EC;8
Operands;NOTICES;3
Operands;FEASIBILITY;3
Operands;SYSTEM;37
Operands;CONTRACTS;8
Operands;PROVIDER’;7
Operands;STRATEGY;16
Operands;WORKINGS;1
Operands;USED;10
Operands;OPTIONS;1
Operands;PREMISES;13
Operands;AIM;4
Operands;NOTIFICATION;28
Operands;BANK;4
Operands;APPLICATIONS;3
Operands;FRAMEWORK;91
Operands;MICROENTERPRISES;32
Operands;ENTITY’S;27
Operands;TEMPLATES;8
Operands;PROFILE;21
Operands;TRADE;12
Operands;DECIDE;2
Operands;MAIN;3
Operands;INSUFFICIENT;3
Operands;UNCERTAINTY;1
Operands;ROBUST;2
Operands;ONGOING;7
Operands;72;1
Operands;CLOSE;3
Operands;AGENCIES;5
Operands;38;6
Operands;WORLDWIDE;1
Operands;TOOLS;26
Operands;SENSE;2
Operands;REASONS;3
Operands;G7;2
Operands;324;2
Operands;ENTAILS;5
Operands;ADAPT;1
Operands;LEGAL;39
Operands;CONFIDENTIAL;6
Operands;INTERNAL;46
Operands;SUPERVISED;3
Operands;HOME;1
Operands;INVESTIGATION;13
Operands;OBJECTIVE;4
Operands;BUILDS;1
Operands;REPORTS;21
Operands;ANCILLARY;5
Operands;ADDRESS;20
Operands;FUTURE;1
Operands;UNDERSTAND;1
Operands;DEVELOPMENT;7
Operands;PUBLISH;6
Operands;METHODOLOGY;1
Operands;173;2
Operands;POLICY;33
Operands;VIEW;23
Operands;VERIFICATION;3
Operands;THIRD;42
Operands;BODY;13
Operands;600/2014;15
Operands;HIGHLIGHTED;1
Operands;FUNDAMENTAL;1
Operands;SOON;4
Operands;CAPACITY;4
Operands;REPOSITORIES;5
Operands;DELIVERS;1
Operands;EXPLOITED;1
Operands;AFFECT;8
Operands;ARRANGEMENT;13
Operands;40;4
Operands;PRIOR;6
Operands;STRONG;6
Operands;CONVERGENT;1
Operands;ACCURATELY;1
Operands;BASED;31
Operands;21;20
Operands;SUPPORT;13
Operands;STRATEGIC;4
Operands;EXPECTED;6
Operands;OFFER;1
Operands;SKILLS;5
Operands;ENTITY;117
Operands;STANDARDISED;4
Operands;ERRORS;1
Operands;DAMAGE;8
Operands;12;12
Operands;BANKS;4
Operands;OPEN;2
Operands;51;2
Operands;ADDRESSED;17
Operands;WEAKNESSES;5
Operands;EMPOWERED;6
Operands;INSOLVENCY;4
Operands;SOLVENCY;1
Operands;OCTOBER;3
Operands;BENEFITS;5
Operands;EXPERTISE;9
Operands;EXAMINE;2
Operands;BRING;1
Operands;DETAILS;16
Operands;ANALYSES;7
Operands;KEY;15
Operands;LIFE;1
Operands;INTANGIBLE;1
Operands;EXTENDED;2
Operands;2016;11
Operands;17;27
Operands;41;8
Operands;HIGHEST;4
Operands;SECURITY;81
Operands;IRREGULAR;1
Operands;PARAMETERS;4
Operands;EXPENDITURE;1
Operands;STANDARDS;69
Operands;FUNCTION;19
Operands;BEAR;2
Operands;EVENT;23
Operands;UPDATES;6
Operands;FINTECH;1
Operands;DELEGATED;29
Operands;INDIRECT;2
Operands;COORDINATE;4
Operands;STARTING;2
Operands;ANTITRUST;1
Operands;2011;2
Operands;SCENARIOS;9
Operands;FIVEYEAR;1
Operands;MAINTENANCE;3
Operands;REASON;1
Operands;INCOMPLETE;3
Operands;2009;8
Operands;ABILITY;15
Operands;OPERATIONS;37
Operands;ALIGN;1
Operands;ADDRESSING;10
Operands;HOLDING;1
Operands;CHANNELS;5
Operands;RISKS;52
Operands;INVESTOR;1
Operands;MANAGEMENT;137
Operands;DIRECTED;1
Operands;CROSSBORDER;11
Operands;CAPITAL;1
Operands;EXPRESSED;1
Operands;’;4
Operands;MUTUAL;7
Operands;PLANNING;1
Operands;SAFETY;1
Operands;FACE;2
Operands;EXAMPLE;7
Operands;OUTSOURCING;10
Operands;136;1
Operands;ADEQUACY;1
Operands;CONSULTING;6
Operands;COMMONLY;1
Operands;TARGETED;4
Operands;BESPOKE;2
Operands;PERIODIC;12
Operands;ADEQUATE;15
Operands;SECURITIES;22
Operands;TIMES;7
Operands;FOLLOWUP;10
Operands;2009/110/EC;11
Operands;MATTERS;11
Operands;REAL;5
Operands;AUDIT;26
Operands;LEARNING;3
Operands;CONTRIBUTIONS;1
Operands;OFTEN;3
Operands;COMPOSITION;1
Operands;PRACTICES;13
Operands;SECTORS;14
Operands;CALENDAR;6
Operands;MONITORING;32
Operands;SOUNDNESS;2
Operands;RESPOND;3
Operands;COVERING;4
Operands;GROUNDS;1
Operators;;402
Operators;MITIGATING;2
Operators;QUANTITATIVE;5
Operators;IMPLEMENTATION;15
Operators;ACCORDANCE;170
Operators;SEEM;1
Operators;SIMILAR;3
Operators;SETS;2
Operators;PRIMARILY;3
Operators;SETTING;9
Operators;COVER;15
Operators;EVEN;5
Operators;UNDERSTOOD;1
Operators;ADJUST;1
Operators;LIMITATIONS;2
Operators;NOTWITHSTANDING;2
Operators;RATHER;2
Operators;MINIMISE;12
Operators;EXEMPTION;1
Operators;OPERATES;5
Operators;REGULATORY;56
Operators;PROMPTLY;4
Operators;UNDERLYING;1
Operators;CIRCUMSTANCE;1
Operators;SO;3
Operators;EVALUATING;1
Operators;RELATIONSHIP;1
Operators;REQUEST;34
Operators;OVERLAPS;4
Operators;RULE;1
Operators;LEADING;1
Operators;TIMELY;14
Operators;DEPENDS;1
Operators;EXCLUSION;1
Operators;WHILE;23
Operators;FACTOR;2
Operators;COLLECTIVE;7
Operators;ADDITIONAL;9
Operators;REQUESTS;1
Operators;LACK;9
Operators;EXCLUDED;3
Operators;ADOPTION;5
Operators;SHALL;453
Operators;DEFINED;30
Operators;CONTRARY;2
Operators;REPEALING;13
Operators;ADDITION;16
Operators;PARTICULARLY;5
Operators;COVERED;9
Operators;COMBINED;1
Operators;MAY;92
Operators;THEREBY;3
Operators;EMERGING;6
Operators;REQUIRE;12
Operators;UNLESS;4
Operators;RECOMMENDATIONS;30
Operators;IF;19
Operators;DESPITE;3
Operators;RECEIVING;3
Operators;DELIVER;1
Operators;REGARDLESS;2
Operators;THOUGH;1
Operators;FUNCTIONING;18
Operators;SINGLE;30
Operators;SPECIFICALLY;2
Operators;SUM;1
Operators;CONFERRED;6
Operators;CONJUNCTION;1
Operators;PROCESSING;17
Operators;POOLING;1
Operators;NOTABLY;1
Operators;CONSEQUENCE;1
Operators;LIKELY;4
Operators;ADEQUATELY;11
Operators;THEREIN;2
Operators;YEARLY;13
Operators;EXIST;3
Operators;NECESSARILY;1
Operators;ESTIMATES;1
Operators;INCREASES;2
Operators;EXERCISING;8
Operators;PROVIDE;54
Operators;ADD;1
Operators;SPECIFIC;34
Operators;ACQUIRED;3
Operators;INCLUDING;106
Operators;DUPLICATIVE;1
Operators;AND/OR;5
Operators;NAMELY;5
Operators;EG;4
Operators;ACCORDING;5
Operators;HOW;8
Operators;ACCORDINGLY;2
Operators;RAISE;1
Operators;INDIVIDUALLY;2
Operators;AVOID;9
Operators;OVERALL;34
Operators;REGARDING;9
Operators;REDUCE;5
Operators;TEST;16
Operators;IMPEDING;3
Operators;REQUIREMENTS;60
Operators;RESPONDING;1
Operators;LEAST;29
Operators;RESPECTIVELY;5
Operators;RAISED;2
Operators;DIFFERENCES;2
Operators;AND;1660
Operators;CONSIST;1
Operators;EXEMPTIONS;3
Operators;CONDITIONS;24
Operators;WHEREAS;2
Operators;ASSOCIATED;10
Operators;AGGREGATED;6
Operators;ENHANCING;4
Operators;HOWEVER;10
Operators;MAXIMUM;1
Operators;INTEGRATED;4
Operators;GENERATING;1
Operators;MINIMUM;7
Operators;ENSURE;90
Operators;EITHER;11
Operators;DERIVED;5
Operators;BALANCE;7
Operators;LIMITS;5
Operators;EASILY;3
Operators;STEMMING;3
Operators;ESPECIALLY;4
Operators;REQUESTED;6
Operators;OTHERWISE;5
Operators;INCORPORATE;1
Operators;RECEIVE;3
Operators;ADJUSTED;1
Operators;COMPUTING;10
Operators;IDENTIFIED;17
Operators;ADOPT;19
Operators;REQUIRES;2
Operators;ALLOCATE;1
Operators;WHOLE;10
Operators;TESTING;77
Operators;FACTORS;2
Operators;VERIFY;1
Operators;HENCE;3
Operators;MINIMISING;3
Operators;INSTANCES;1
Operators;CALCULATED;2
Operators;SELECTED;1
Operators;MEET;3
Operators;TOTAL;9
Operators;EXCEPTION;1
Operators;COLLECTIVELY;4
Operators;CONCERNS;4
Operators;RELATION;49
Operators;IRRESPECTIVE;5
Operators;QUICKLY;5
Operators;REPLACED;20
Operators;RESULT;9
Operators;ALWAYS;3
Operators;RESTORING;1
Operators;COMPRISE;1
Operators;MEANS;82
Operators;PERIODICALLY;11
Operators;PROPERLY;2
Operators;MANDATED;1
Operators;QUANTIFY;2
Operators;MAINLY;1
Operators;REFERRED;197
Operators;CONTINUE;11
Operators;STILL;2
Operators;EXPLORING;1
Operators;DETERMINED;5
Operators;*;10
Operators;AS;370
Operators;INCLUSION;2
Operators;SUBJECT;56
Operators;SPECIFYING;13
Operators;SUPERVISION;25
Operators;IMPLEMENTING;23
Operators;EQUAL;1
Operators;LIMITED;11
Operators;APPLIED;6
Operators;RESULTED;1
Operators;CONSTITUTES;3
Operators;BUT;12
Operators;POST;6
Operators;SPECIFY;21
Operators;INSTANCE;2
Operators;RESULTS;9
Operators;IMPOSE;7
Operators;ASSESS;25
Operators;EXISTING;7
Operators;DEEMED;8
Operators;SOLELY;3
Operators;IE;1
Operators;ENTAIL;2
Operators;CALCULATIONS;1
Operators;AFTER;19
Operators;PREVIOUS;1
Operators;ALLOWING;7
Operators;EXEMPTED;23
Operators;LAID;29
Operators;INDICATORS;4
Operators;INCREASE;2
Operators;FIRST;47
Operators;ACQUIRING;2
Operators;SELECTION;2
Operators;COMPLYING;2
Operators;ATTRIBUTABLE;1
Operators;REFERS;1
Operators;COMPARABILITY;1
Operators;RESPECT;17
Operators;CASES;1
Operators;CONDUCTING;4
Operators;SPECIFICITIES;5
Operators;ASSESSMENT;39
Operators;CONNECTION;5
Operators;CONTRIBUTING;3
Operators;ENTIRE;2
Operators;DEEMS;6
Operators;CONSEQUENTLY;6
Operators;QUALIFY;4
Operators;DELIVERING;2
Operators;DIRECTLY;10
Operators;ADOPTING;10
Operators;INCLUDES;3
Operators;FULLY;31
Operators;THEREFORE;14
Operators;PREVIOUSLY;2
Operators;CONCERN;5
Operators;ALTERNATIVELY;1
Operators;SUPERVISE;4
Operators;ALSO;53
Operators;BECAUSE;4
Operators;ALLOCATION;2
Operators;DETERMINATION;1
Operators;INVOLVING;3
Operators;PRESERVING;4
Operators;EXCEEDS;1
Operators;SIMILARLY;7
Operators;DISTINCT;3
Operators;SET;66
Operators;APPROVALS;1
Operators;EXCEED;5
Operators;DISTRIBUTING;1
Operators;SOLE;1
Operators;CLEARLY;1
Operators;ANALYSING;3
Operators;ALLOWS;3
Operators;AMENDING;29
Operators;CASEBYCASE;1
Operators;CASE;21
Operators;SUFFICIENTLY;4
Operators;ABSOLUTE;1
Operators;BINDING;1
Operators;SAME;18
Operators;GAP;2
Operators;PERFORM;11
Operators;AMENDED;13
Operators;UNACCEPTABLE;2
Operators;CIRCUMSTANCES;10
Operators;WERE;7
Operators;CLOSELY;4
Operators;ACTUALLY;1
Operators;FOR;441
Operators;FULFIL;5
Operators;SWITCH;1
Operators;INDEED;1
Operators;SUPERVISORY;48
Operators;EFFECTIVELY;20
Operators;SYSTEMICALLY;4
Operators;CONTINUOUSLY;5
Operators;REQUIRED;29
Operators;OBLIGATIONS;22
Operators;REGARDED;2
Operators;PERFORMING;2
Operators;AGGREGATION;1
Operators;ONLY;31
Operators;SUPERVISED;3
Operators;KEEPING;1
Operators;REGULATED;2
Operators;GRANTED;4
Operators;PHYSICALLY;1
Operators;DEDICATED;13
Operators;NEEDS;14
Operators;ADDITIONALLY;2
Operators;LIMIT;4
Operators;OBTAIN;4
Operators;REPORTING;49
Operators;REQUIRING;7
Operators;PARTIALLY;2
Operators;NOT;102
Operators;USING;13
Operators;CONTAINS;1
Operators;DETERMINING;9
Operators;INVOLVED;12
Operators;IDENTIFICATION;6
Operators;APPLY;18
Operators;EXEMPT;1
Operators;YET;3
Operators;ENFORCING;1
Operators;PREVENT;14
Operators;APPLYING;9
Operators;IMPLEMENTED;10
Operators;RECOMMENDATION;2
Operators;ASSESSED;3
Operators;TOGETHER;8
Operators;RELY;6
Operators;TECHNOLOGICALLY;1
Operators;PROVIDES;10
Operators;BEFORE;17
Operators;IMPOSED;5
Operators;ADDED;2
Operators;INFORM;14
Operators;PERMITTED;2
Operators;REGULATION;270
Operators;NEED;20
Operators;ENGAGE;1
Operators;SHARING;8
Operators;ASSESSING;5
Operators;DUPLICATION;3
Operators;ALLOW;23
Operators;REQUIREMENT;9
Operators;INCREASING;1
Operators;LASTLY;1
Operators;SEEK;6
Operators;PREVENTING;1
Operators;MATERIALLY;2
Operators;POTENTIALLY;8
Operators;PROPORTIONALITY;8
Operators;CANNOT;2
Operators;REGARDS;6
Operators;NEEDED;8
Operators;LIKEWISE;2
Operators;FULFILLING;3
Operators;ENTIRELY;1
Operators;SUBMIT;32
Operators;CONCLUDED;14
Operators;EXCLUDE;3
Operators;EXTENDING;1
Operators;CONCERNED;15
Operators;WHEREBY;4
Operators;MOREOVER;7
Operators;RETURN;2
Operators;SIGNIFICANTLY;3
Operators;REMAINS;3
Operators;ESTABLISH;29
Operators;MOVEMENT;2
Operators;OBTAINING;1
Operators;MERELY;2
Operators;NOTIFY;23
Operators;GAPS;6
Operators;REMOVE;2
Operators;ACCEPTED;1
Operators;APPROPRIATELY;3
Operators;DEMONSTRATING;1
Operators;COMPARABLE;1
Operators;MAINTAIN;31
Operators;APPROVED;5
Operators;SPECIFIED;6
Operators;DEFINING;1
Operators;ARISING;8
Operators;REGARD;22
Operators;REFER;2
Operators;ENSURING;24
Operators;EXCEEDED;1
Operators;IDENTIFYING;4
Operators;DEFINE;5
Operators;IMPLEMENT;15
Operators;MULTIPLE;7
Operators;LAY;6
Operators;INVOLVE;3
Operators;EVOLVING;6
Operators;PERCENTAGE;1
Operators;MANDATORY;2
Operators;VERIFIED;2
Operators;FALL;2
Operators;ENFORCEMENT;8
Operators;SUITABLE;5
Operators;OCCURRING;2
Operators;RESULTING;3
Operators;APPROVE;4
Operators;TESTED;3
Operators;CONCERNING;14
Operators;STRENGTHENING;2
Operators;DEFINITION;4
Operators;LIMITING;5
Operators;SUBSEQUENTLY;1
Operators;NEVERTHELESS;1
Operators;COMPREHENSIVELY;3
Operators;ENSURES;4
Operators;ACQUIRE;2
Operators;ADOPTED;9
Operators;THRESHOLDS;8
Operators;THUS;9
Operators;APPROVAL;1
Operators;AVERAGE;1
Operators;OR;496
Operators;CONSTITUTE;1
Operators;REASONABLY;4
Operators;RESPECTIVE;20
Operators;MAINTAINING;6
Operators;REGULATIONS;43
Operators;ALTHOUGH;1
Operators;ALLOWED;4
Operators;DIFFERENT;16
Operators;FORMING;2
Operators;INDICATE;5
Operators;ULTIMATELY;7
Operators;ALTERNATIVE;13
Operators;ENABLING;15
Operators;DEPEND;1
Operators;INCLUDE;27
Operators;DIFFERENTLY;1
Operators;EVALUATE;1
Operators;AGREED;7
Operators;APPLIES;3
Operators;INDIRECTLY;2
Operators;PROVIDED;68
Operators;ALLOCATED;3
Operators;DETERMINE;12
Operators;DEFINITIONS;2
Operators;REGULARLY;9
Operators;SEPARATELY;2
Operators;MITIGATE;8
Operators;MANDATE;1
Operators;IMMEDIATELY;6
Operators;COMBINING;1
Operators;MANAGING;10
Operators;FACILITATE;10
Operators;IDENTIFY;22
Operators;NONETHELESS;1
Operators;CURRENTLY;2
Operators;REDUCING;3
Operators;RELATIVE;1
Operators;INCLUDED;8
Operators;ESTABLISHING;13
Operators;ESTABLISHED;58
Operators;REGULATORS;1
Operators;SINCE;16
Operators;WAS;4
Operators;NOR;3
Operators;EXPLAIN;1
Operators;ESTIMATE;1
Operators;INCORPORATED;1
Operators;GRANTING;1
Operators;READILY;1
Operators;COMPLY;13
Operators;SECOND;12
Operators;INCORPORATION;2
Operators;EQUIVALENT;1
Operators;COOPERATE;12
Operators;TESTS;18
Operators;REMAIN;11
Operators;FURTHER;39
RegulatoryOperators;ALLOWS;3
RegulatoryOperators;DEEM;1
RegulatoryOperators;RECOMMENDATIONS;30
RegulatoryOperators;PREVENTS;1
RegulatoryOperators;LIMIT;4
RegulatoryOperators;ESTABLISH;29
RegulatoryOperators;LIMITS;5
RegulatoryOperators;MANDATORY;2
RegulatoryOperators;IMPOSE;7
RegulatoryOperators;MANDATED;1
RegulatoryOperators;DEEMS;6
RegulatoryOperators;REQUIRING;7
RegulatoryOperators;AMENDED;13
RegulatoryOperators;AUTHORISED;8
RegulatoryOperators;SUITABLE;5
RegulatoryOperators;APPROVING;1
RegulatoryOperators;ALLOWED;4
RegulatoryOperators;REQUESTED;6
RegulatoryOperators;ASSIGNED;1
RegulatoryOperators;ESTABLISHING;13
RegulatoryOperators;ESTABLISHED;58
RegulatoryOperators;APPROVE;4
RegulatoryOperators;PERMITTED;2
RegulatoryOperators;ADD;1
RegulatoryOperators;REMOVE;2
RegulatoryOperators;DEEMED;8
RegulatoryOperators;REQUIRES;2
RegulatoryOperators;DETERMINED;5
RegulatoryOperators;ENABLING;15
RegulatoryOperators;WAIVER;1
RegulatoryOperators;EVALUATE;1
RegulatoryOperators;LIMITING;5
RegulatoryOperators;EXEMPTIONS;3
RegulatoryOperators;ALLOW;23
RegulatoryOperators;PREVENTING;1
RegulatoryOperators;LIMITATIONS;2
RegulatoryOperators;SHALL;453
RegulatoryOperators;DETERMINE;12
RegulatoryOperators;ALLOWING;7
RegulatoryOperators;GRANTING;1
RegulatoryOperators;REPEALING;13
RegulatoryOperators;SUPERVISE;4
RegulatoryOperators;EXEMPTED;23
RegulatoryOperators;IMPLEMENTING;23
RegulatoryOperators;EXEMPT;1
RegulatoryOperators;ESTABLISHMENT;7
RegulatoryOperators;COMPLY;13
RegulatoryOperators;SPECIFIED;6
RegulatoryOperators;RESTRAIN;1
RegulatoryOperators;CANNOT;2
RegulatoryOperators;SHOULD;194
RegulatoryOperators;EXEMPTION;1
RegulatoryOperators;REQUIRED;29
RegulatoryOperators;DESIGNATED;61
RegulatoryOperators;MITIGATE;8
RegulatoryOperators;MANDATE;1
RegulatoryOperators;ENSURING;24
RegulatoryOperators;ENFORCING;1
RegulatoryOperators;PREVENT;14
RegulatoryOperators;REQUIRE;12
RegulatoryOperators;CONFERRING;1
RegulatoryOperators;APPROVAL;1
RegulatoryOperators;SUITABILITY;1
RegulatoryOperators;IMPLEMENTED;10
RegulatoryOperators;APPROVALS;1
RegulatoryOperators;LIMITED;11
RegulatoryOperators;EXCEPTION;1
RegulatoryOperators;DIRECTED;1
RegulatoryOperators;ENSURE;90
RegulatoryOperators;ANNULLING;1
RegulatoryOperators;REGULATED;2
Other;;402
Other;PART;38
Other;1;80
Other;WHICH;137
Other;5;18
Other;STANDARD;6
Other;THEIR;157
Other;P;43
Other;L;118
Other;R;2
Other;WITHOUT;35
Other;THEREOF;12
Other;WHO;6
Other;SIMILAR;3
Other;PERSON;18
Other;FUNDS;7
Other;ABSENT;1
Other;50;8
Other;AT;118
Other;WILL;3
Other;AGAINST;8
Other;ON;353
Other;SEVERAL;9
Other;TURNOVER;5
Other;SHE;1
Other;UNION;210
Other;B;92
Other;DO;10
Other;ONE;35
Other;REGIME;9
Other;MAKING;5
Other;9;10
Other;THROUGH;52
Other;C;71
Other;PARTIES;7
Other;2010;6
Other;FOLLOWS;14
Other;4;41
Other;MODEL;6
Other;HE;1
Other;LESS;5
Other;SEEN;1
Other;CASE;21
Other;RELATED;27
Other;MADE;2
Other;THEY;45
Other;ONCE;4
Other;SAME;18
Other;10;23
Other;TAKING;30
Other;THEM;20
Other;THROUGHOUT;11
Other;I;36
Other;FEWER;3
Other;OUTSIDE;14
Other;PAST;2
Other;COSTS;22
Other;EXCLUDING;3
Other;LITTLE;1
Other;TWO;1
Other;CAN;20
Other;LATER;6
Other;2;48
Other;DID;1
Other;WERE;7
Other;BEING;10
Other;IN;1131
Other;SHALL;453
Other;WHOLE;10
Other;III;14
Other;THEMSELVES;6
Other;WOULD;26
Other;OF;2197
Other;FOR;441
Other;E;36
Other;RELATING;10
Other;DONE;2
Other;A;669
Other;FORTH;1
Other;MAKES;2
Other;GENERAL;15
Other;WITH;404
Other;THREE;16
Other;MIGHT;8
Other;REQUIRED;29
Other;IT;85
Other;MAY;92
Other;GENERALLY;1
Other;HAD;2
Other;BASE;1
Other;AMONGST;1
Other;ANY;100
Other;ALL;107
Other;WHOSE;1
Other;EACH;25
Other;RECOMMENDATIONS;30
Other;IS;179
Other;ARTICLE;361
Other;UNDER;65
Other;UP;19
Other;NEITHER;1
Other;COULD;13
Other;CHAPTERS;3
Other;100;3
Other;TAKES;5
Other;ENOUGH;1
Other;DOWN;37
Other;75;1
Other;SUCH;131
Other;IDENTICAL;1
Other;DOES;9
Other;NOT;102
Other;AMONG;11
Other;EXCEPT;4
Other;GIVING;1
Other;INDIRECTLY;2
Other;CERTAIN;13
Other;MOST;3
Other;THAN;48
Other;SEE;3
Other;PROPORTIONATE;16
Other;CONSIDER;10
Other;OUT;85
Other;PROVIDED;68
Other;DRAWING;1
Other;THE;3460
Other;GIVE;5
Other;BEHIND;1
Other;SOME;7
Other;BE;276
Other;BETWEEN;29
Other;WHOM;3
Other;AN;166
Other;ALONG;2
Other;APPLY;18
Other;THAT;337
Other;56;3
Other;REPORT;41
Other;VARIOUS;9
Other;24;11
Other;ANOTHER;5
Other;BY;345
Other;THESE;3
Other;BOTH;5
Other;EU;295
Other;UNTIL;6
Other;ITS;81
Other;HAVING;11
Other;40;5
Other;ORGANISATION;2
Other;FEW;1
Other;MUST;2
Other;OUGHT;1
Other;WHETHER;24
Other;FOLLOWING;73
Other;ABOUT;11
Other;INTO;73
Other;THIS;220
Other;HAS;57
Other;THERE;9
Other;TAKE;39
Other;ITSELF;1
Other;OVER;9
Other;UPON;28
Other;FROM;115
Other;GIVEN;5
Other;WITHIN;50
Other;3;37
Other;ARE;139
Other;DURING;7
Other;PRINCIPLE;13
Other;PARAGRAPHS;10
Other;M;3
Other;APPLICABLE;32
Other;V;4
Other;CONNECTED;1
Other;PAYMENT;45
Other;MAKE;5
Other;IE;1
Other;MORE;26
Other;CAPS;2
Other;BEYOND;2
Other;VIA;3
Other;WAS;4
Other;OUR;1
Other;WHEN;63
Other;SUBPARAGRAPH;48
Other;PURPOSES;37
Other;II;22
Other;PENDING;1
Other;OTHER;109
Other;HAVE;92
Other;TAKEN;16
Other;BEEN;40
Other;EG;4
Other;WHICHEVER;1
Other;WHERE;96
Other;25;14
Other;SHOULD;194
Other;IV;11
Other;PENALTIES;18
Other;CHAPTER;14
Other;REFERENCE;1
Other;TO;1531
Other;12;13
Other;THOSE;87
Other;ACROSS;20
Other;MANY;2
Other;D;51
Other;6;26
Other;EVERY;7
Other;NO;188
Other;WHAT;5
Unclassified;AIMS;3
Unclassified;CHANGED;2
Unclassified;APPEARS;1
Unclassified;AIMED;2
Unclassified;CONSIDERATION;8
Unclassified;CHOICE;1
Unclassified;CHANGE;7
Unclassified;CHANGES;13
Unclassified;CHANGING;1
Unclassified;CHOSEN;1
Unclassified;CONSIDERS;4
Unclassified;CHOOSE;1
Unclassified;CONSIDERED;11
Unclassified;CONSIDERING;4
Unclassified;CONSIDERATIONS;1
