Operators;;1526
Operators;ENTIRE;6
Operators;INCLUDED;7
Operators;SUBJECTED;1
Operators;MAINTAINING;2
Operators;APPLY;21
Operators;SPECIFIC;81
Operators;CONSIST;1
Operators;MANDATE;8
Operators;ESTABLISH;7
Operators;DISTINCT;3
Operators;THEREBY;1
Operators;REFERS;8
Operators;SUITABLE;3
Operators;LIMIT;5
Operators;ASSUMPTION;2
Operators;ASSOCIATED;21
Operators;PERIODICALLY;1
Operators;ULTIMATELY;3
Operators;SPECIFYING;6
Operators;INVOLVE;1
Operators;NOTIFY;6
Operators;IMPLEMENTED;12
Operators;DETERMINE;4
Operators;COLLECT;3
Operators;SIMILAR;13
Operators;INCORPORATION;1
Operators;DIVIDED;1
Operators;EQUALLY;3
Operators;REDUCTIONS;1
Operators;PARTIALLY;7
Operators;BALANCES;5
Operators;EFFECTIVELY;6
Operators;COVERED;13
Operators;DERIVED;2
Operators;TECHNOLOGICALLY;1
Operators;CONSEQUENCE;6
Operators;MANDATORY;16
Operators;NEEDS;16
Operators;REGARD;13
Operators;RESIDUAL;1
Operators;SECONDLY;1
Operators;IDENTIFYING;8
Operators;LIKELY;19
Operators;FULFIL;1
Operators;ACHIEVES;1
Operators;REFERENCES;6
Operators;BINDING;4
Operators;CIRCUMSTANCES;3
Operators;IF;39
Operators;CANNOT;9
Operators;EXTRACTION;2
Operators;COMBINED;2
Operators;AGREEING;1
Operators;SAME;48
Operators;ESTIMATED;35
Operators;EXCEEDING;1
Operators;ASSESSMENT;61
Operators;PERFORM;11
Operators;RECEIVING;3
Operators;INCREASING;18
Operators;OVERALL;42
Operators;EX;4
Operators;NEARLY;2
Operators;WHOLE;11
Operators;CONFIRMED;3
Operators;REQUIRE;13
Operators;DIFFERS;1
Operators;SELECTION;1
Operators;DECREASE;2
Operators;ELIMINATING;2
Operators;APPLYING;4
Operators;DUPLICATIVE;4
Operators;STRENGTHENING;11
Operators;INCREASES;5
Operators;INSTANCES;3
Operators;RESULTS;34
Operators;ATTRIBUTED;1
Operators;DESCRIBES;2
Operators;COMPUTING;3
Operators;SUPERVISED;5
Operators;OBTAIN;3
Operators;REQUIRES;10
Operators;FOR;632
Operators;DERIVING;3
Operators;REMAINS;4
Operators;LEGALLY;2
Operators;DIRECTLY;10
Operators;REPRESENT;4
Operators;APART;1
Operators;PROPERLY;1
Operators;SUPERVISORY;88
Operators;RECOMMENDATIONS;8
Operators;SATISFY;2
Operators;TIMELY;5
Operators;ESTABLISHING;6
Operators;HENCE;15
Operators;OPERATES;1
Operators;CONTRIBUTING;1
Operators;ASSUME;4
Operators;NEEDED;16
Operators;SUBMIT;1
Operators;DERIVE;2
Operators;MITIGATE;9
Operators;THEREIN;1
Operators;DIFFERENCES;9
Operators;ENABLING;6
Operators;MEANS;10
Operators;DOUBLE;5
Operators;RECOMMENDATION;2
Operators;DIFFER;4
Operators;AVOID;5
Operators;PRIMARILY;1
Operators;OR;268
Operators;SECOND;3
Operators;ADOPTED;5
Operators;YET;5
Operators;RELY;3
Operators;COOPERATE;4
Operators;POST;5
Operators;MAINLY;4
Operators;SINGLE;65
Operators;SUFFICIENTLY;6
Operators;=;3
Operators;DEDICATED;18
Operators;ACCORDINGLY;8
Operators;EVALUATE;2
Operators;PROCESSING;11
Operators;APPLIED;4
Operators;REGARDLESS;1
Operators;ADEQUATELY;5
Operators;FALLS;1
Operators;NOR;2
Operators;EXCESS;1
Operators;CHALLENGING;3
Operators;SUM;3
Operators;REPRESENTS;2
Operators;CALCULATIONS;6
Operators;ADDING;2
Operators;SETTING;11
Operators;RAISES;1
Operators;DEFINED;5
Operators;ESSENTIALLY;1
Operators;CALCULATED;3
Operators;MANAGING;11
Operators;COMPARABLE;6
Operators;FUNCTIONING;5
Operators;IDENTIFICATION;14
Operators;GAP;7
Operators;X;11
Operators;FURTHERMORE;13
Operators;COMPLYING;1
Operators;SUBJECT;59
Operators;TESTED;7
Operators;RESULTING;16
Operators;LIMITATIONS;9
Operators;ACCORDING;35
Operators;RECOMMEND;2
Operators;NEED;36
Operators;CONTAINED;2
Operators;SETS;6
Operators;REFLECTED;5
Operators;APPROVED;1
Operators;SEPARATE;3
Operators;EMERGING;2
Operators;NONETHELESS;1
Operators;COMPARED;19
Operators;AMENDING;4
Operators;REDUCES;2
Operators;SPECIFICITIES;1
Operators;REGULATIONS;6
Operators;LASTLY;3
Operators;LEADING;7
Operators;ENSURING;12
Operators;EXEMPT;1
Operators;CONCERNS;12
Operators;LIMITED;59
Operators;EXIST;7
Operators;REGULARLY;4
Operators;ADDITIONALLY;2
Operators;IMPOSE;3
Operators;WAS;39
Operators;CORRESPONDS;1
Operators;GENERATING;1
Operators;AFTER;12
Operators;CONTAINS;5
Operators;INITIALLY;1
Operators;PROVIDE;35
Operators;ENFORCEMENT;9
Operators;DELIVER;1
Operators;RECEIVE;10
Operators;CONDUCTING;2
Operators;INTEGRATED;10
Operators;CONSTITUTE;2
Operators;EQUIVALENT;5
Operators;WHEREAS;6
Operators;+;14
Operators;AND;1875
Operators;EXEMPTIONS;1
Operators;ADDITIONAL;42
Operators;INTENDED;1
Operators;EXCESSIVE;4
Operators;MEET;2
Operators;GREATER;9
Operators;CONDITIONS;7
Operators;ANYWAY;3
Operators;ALLOWING;5
Operators;CURRENTLY;26
Operators;AGGREGATED;3
Operators;REASONABLY;1
Operators;ASSUMPTIONS;1
Operators;AUTHORIZED;1
Operators;CASE;15
Operators;RELIABLY;1
Operators;DEPENDENCE;2
Operators;WHY;2
Operators;PERFORMING;6
Operators;SPECIFIED;3
Operators;THEN;4
Operators;REPLACED;2
Operators;CONTRARY;1
Operators;ENSURE;43
Operators;PREVENT;16
Operators;FREQUENTLY;1
Operators;ADJUST;5
Operators;ADDITION;28
Operators;LIKE;2
Operators;MAY;76
Operators;HOWEVER;49
Operators;ACCORDANCE;3
Operators;REMAIN;34
Operators;AVERAGING;1
Operators;COMPRISES;2
Operators;REQUIREMENT;7
Operators;CONTINUE;25
Operators;FACTORS;8
Operators;SEEK;2
Operators;OTHERWISE;3
Operators;LAY;1
Operators;EQUAL;1
Operators;REDUCING;11
Operators;NECESSARILY;1
Operators;ACTUALLY;3
Operators;EXCLUSIVELY;1
Operators;ADD;4
Operators;OCCURRING;1
Operators;CONCEPTUALLY;1
Operators;REQUIRED;21
Operators;EVEN;31
Operators;LACK;42
Operators;SO;18
Operators;THEREFORE;31
Operators;SHARING;68
Operators;CLEARLY;4
Operators;IMMEDIATELY;2
Operators;THOUGH;5
Operators;ACCEPTED;1
Operators;INSTEAD;7
Operators;NEVERTHELESS;14
Operators;ASSESSED;3
Operators;REFERRED;2
Operators;SET;47
Operators;SPECIFY;3
Operators;DIFFERENCE;3
Operators;ALTHOUGH;9
Operators;REGULATORS;9
Operators;ADDED;10
Operators;SIMILARLY;8
Operators;EXTREMELY;1
Operators;EXPLAIN;7
Operators;COMBINE;1
Operators;WHILE;46
Operators;IMPEDES;2
Operators;SIGNIFICANTLY;9
Operators;REGARDING;8
Operators;PROPORTIONALITY;22
Operators;SINCE;7
Operators;EXCEEDED;2
Operators;PRESCRIBING;1
Operators;TESTS;31
Operators;QUANTIFY;5
Operators;INCLUDES;6
Operators;RESPECTIVE;4
Operators;ELIMINATED;3
Operators;INSTANCE;20
Operators;DEFINITIONS;1
Operators;HOW;23
Operators;SELECTED;1
Operators;REGULATED;8
Operators;REFLECTS;1
Operators;CLOSELY;2
Operators;INDICATORS;10
Operators;CORRESPONDING;5
Operators;REPORTING;162
Operators;MEAN;2
Operators;KEEPING;1
Operators;PREVIOUS;5
Operators;REQUIRING;5
Operators;APPROXIMATE;1
Operators;THUS;27
Operators;RENDER;1
Operators;NOT;185
Operators;NET;1
Operators;IMPLEMENTATION;16
Operators;ENFORCE;4
Operators;SPECIFICALLY;3
Operators;REQUIREMENTS;238
Operators;ENGAGE;3
Operators;DEFINE;3
Operators;MOREOVER;14
Operators;RELATIVELY;2
Operators;RATHER;14
Operators;COLLECTIVELY;2
Operators;CASES;4
Operators;RAISE;2
Operators;RULE;1
Operators;STEMMING;22
Operators;APPROVE;1
Operators;MINIMUM;11
Operators;PROMPTLY;2
Operators;IMPLEMENT;12
Operators;REMOVE;2
Operators;INCLUDING;36
Operators;DEFINES;1
Operators;EXISTING;35
Operators;ALLOW;18
Operators;MAXIMUM;2
Operators;ALWAYS;5
Operators;LIMITING;4
Operators;REQUESTS;2
Operators;ASSESS;14
Operators;ADOPT;3
Operators;DEPENDING;7
Operators;QUANTIFICATION;1
Operators;SWITCH;1
Operators;IMPLEMENTING;10
Operators;REDUCE;41
Operators;IE;15
Operators;INFORM;4
Operators;RELATION;12
Operators;CONFIRM;2
Operators;RECENTLY;2
Operators;IDENTIFY;19
Operators;DIFFERING;1
Operators;INVOLVING;2
Operators;ARISING;7
Operators;PROXY;1
Operators;SEEM;1
Operators;TESTING;174
Operators;WERE;29
Operators;RESTRICTIONS;1
Operators;LEAST;10
Operators;ENHANCING;6
Operators;CONCLUDED;1
Operators;CONJUNCTION;1
Operators;INDIRECTLY;2
Operators;GAPS;9
Operators;EXPLORING;1
Operators;NEXT;7
Operators;QUANTITATIVE;16
Operators;COVER;25
Operators;ESTABLISHED;14
Operators;ADOPTION;5
Operators;EXTENDING;1
Operators;AMENDED;1
Operators;ADOPTING;1
Operators;ALBEIT;1
Operators;APPROVAL;4
Operators;ENSURES;1
Operators;INDICATOR;3
Operators;INVOLVED;5
Operators;REPRESENTED;3
Operators;MULTIPLE;26
Operators;BEFORE;3
Operators;IRRESPECTIVE;1
Operators;DEFINING;4
Operators;QUARTERLY;1
Operators;FULLY;10
Operators;RETURN;1
Operators;LIMITS;5
Operators;TOO;9
Operators;STOP;2
Operators;MOVEMENT;1
Operators;RESPECT;4
Operators;INHERENTLY;1
Operators;DEPENDS;5
Operators;OCCURRED;1
Operators;INCREASE;47
Operators;DIFFERENTLY;1
Operators;ASSESSING;6
Operators;TOP;10
Operators;OTHERS;20
Operators;CONSEQUENTLY;1
Operators;OVERLAPS;6
Operators;STARTS;2
Operators;RELATIONSHIP;6
Operators;QUICKLY;9
Operators;IMPOSED;7
Operators;INTEGRATE;1
Operators;SAY;2
Operators;ETC;60
Operators;LAID;1
Operators;AVERAGE;22
Operators;RESULT;17
Operators;MULTIPLYING;2
Operators;SHIFT;1
Operators;DUPLICATION;4
Operators;PREVENTING;1
Operators;MAINTAIN;9
Operators;RESPONDING;7
Operators;EXCEPTION;2
Operators;IMPLIES;1
Operators;INCLUDE;28
Operators;BUT;57
Operators;APPROVALS;2
Operators;ALIKE;1
Operators;THRESHOLDS;13
Operators;SUBSTANTIALLY;4
Operators;ALTERNATIVE;1
Operators;ONLY;63
Operators;EXTRACTED;2
Operators;UNDERLYING;4
Operators;ALLOCATE;1
Operators;ENTAIL;12
Operators;TOGETHER;10
Operators;FURTHER;38
Operators;COMPLEMENT;2
Operators;RESTRICT;1
Operators;MINIMISE;3
Operators;PROVIDES;9
Operators;CONTINUOUSLY;4
Operators;MITIGATING;2
Operators;APPROPRIATELY;4
Operators;ESPECIALLY;15
Operators;BESIDES;2
Operators;REDUCED;6
Operators;VERIFY;1
Operators;STILL;13
Operators;FULLEST;1
Operators;MANDATED;3
Operators;INCORPORATE;4
Operators;PROPORTION;2
Operators;SUPERVISE;2
Operators;PERMIT;1
Operators;USING;9
Operators;DIFFERENT;107
Operators;LOWER;9
Operators;INDEED;2
Operators;APPLIES;3
Operators;EVOLVING;4
Operators;CORRESPOND;1
Operators;COMBINATION;3
Operators;BECAUSE;19
Operators;*;1
Operators;UNDERSTOOD;2
Operators;INDIVIDUALLY;3
Operators;EG;119
Operators;COMPREHENSIVELY;5
Operators;AGREED;14
Operators;SUBJECTING;1
Operators;CONFIRMATION;1
Operators;DELIVERING;1
Operators;ENGAGING;1
Operators;DEPEND;4
Operators;NOTABLY;6
Operators;PROVIDED;13
Operators;PERCENTAGE;4
Operators;COMPLY;8
Operators;REGULATORY;102
Operators;EITHER;20
Operators;AS;308
Operators;DETERMINING;1
Operators;MINIMAL;3
Operators;INVOLVES;4
Operators;POTENTIALLY;10
Operators;CONCERNED;2
Operators;SEPARATELY;2
Operators;CALCULATION;3
Operators;RESPECTIVELY;2
Operators;LIMITATION;1
Operators;ELIMINATE;5
Operators;IMPEDING;1
Operators;APPROXIMATION;1
Operators;DEEMED;9
Operators;ASSURING;1
Operators;FULFILLING;1
Operators;IMPROVE;13
Operators;SMALLER;12
Operators;DEFINITION;4
Operators;ESTIMATE;13
Operators;ASSUMING;2
Operators;TOTAL;35
Operators;TECHNICALLY;1
Operators;REGARDS;21
Operators;SYSTEMICALLY;2
Operators;WHEREBY;4
Operators;PARTICULARLY;7
Operators;TEST;18
Operators;CONCERNING;12
Operators;POSITIVE;9
Operators;NOTWITHSTANDING;2
Operators;PREVIOUSLY;1
Operators;FACILITATE;5
Operators;DETERMINED;1
Operators;ESTIMATES;6
Operators;NAMELY;2
Operators;BALANCE;4
Operators;FALL;5
Operators;REFER;3
Operators;ISOLATING;1
Operators;SUPERVISION;66
Operators;EXEMPTION;4
Operators;KEPT;3
Operators;DESPITE;5
Operators;TRYING;1
Operators;IDENTIFIED;23
Operators;NEGATIVE;13
Operators;SHALL;2
Operators;ALSO;149
Operators;COLLECTIVE;8
Operators;REPEALING;1
Operators;UNIQUE;2
Operators;FIRST;17
Operators;RAISED;1
Operators;ENFORCING;1
Operators;OBLIGATIONS;26
Operators;REGULATION;49
Operators;AND/OR;15
Operators;QUALIFY;2
Operators;SEEMS;1
Operands;;1526
Operands;DOMESTIC;5
Operands;DISPROPORTIONATE;2
Operands;WAY;19
Operands;PROVISION;14
Operands;SUPPORT;30
Operands;COORDINATION;14
Operands;HIGHLY;6
Operands;LONG;3
Operands;ENVIRONMENT;10
Operands;TRADE;17
Operands;0;8
Operands;BECOME;17
Operands;FREQUENCY;12
Operands;FUND;1
Operands;SUPPLY;6
Operands;TRANSFER;10
Operands;DEFENCE;5
Operands;VULNERABILITY;12
Operands;SMALL;6
Operands;CRUCIAL;1
Operands;PARTICIPATING;8
Operands;SYSTEMS;108
Operands;REGIMES;2
Operands;APPLICATIONS;1
Operands;MIXED;1
Operands;EXPLICIT;3
Operands;DISRUPTION;12
Operands;CONSULTATIONS;6
Operands;BENEFIT;21
Operands;ACTUAL;5
Operands;FAIR;2
Operands;DRAW;1
Operands;COMPLETE;6
Operands;INFRASTRUCTURES;20
Operands;SUPPORTED;13
Operands;MAP;2
Operands;FORMER;1
Operands;ROLES;2
Operands;INFRASTRUCTURE;19
Operands;1000;3
Operands;15;4
Operands;29;4
Operands;LARGER;4
Operands;STAFF;14
Operands;BROADLY;2
Operands;WIDESPREAD;3
Operands;CURRENT;45
Operands;HEALTH;4
Operands;42;2
Operands;SOON;1
Operands;POSTCRISIS;1
Operands;SUBSTANTIVE;4
Operands;ACCOUNTABLE;2
Operands;INTERRELATED;1
Operands;GUARANTEE;5
Operands;FOUND;6
Operands;17;2
Operands;WORK;11
Operands;JOINTLY;2
Operands;47;1
Operands;SUBSTANTIAL;6
Operands;PROFESSIONAL;1
Operands;ISSUES;18
Operands;TASKS;2
Operands;EXCHANGING;1
Operands;PROTECT;7
Operands;INTENSITY;3
Operands;JULY;5
Operands;WORKING;5
Operands;INTERACTION;11
Operands;IMPORTANT;16
Operands;DEPENDENCIES;11
Operands;OPPORTUNITY;2
Operands;PERSON;2
Operands;GOVERNMENTS;1
Operands;DELEGATED;17
Operands;2006/43/EC;1
Operands;PROVIDERS’;1
Operands;DOCUMENT;6
Operands;ICTRELATED;45
Operands;PROPOSED;11
Operands;PERIOD;7
Operands;CHALLENGE;2
Operands;25000;1
Operands;OUTCOME;2
Operands;REVIEW;29
Operands;MUTUAL;14
Operands;FACED;2
Operands;UNDERTAKINGS;6
Operands;ASSESSMENTS;8
Operands;DIRECTIVE;152
Operands;SEGMENT;1
Operands;PROLIFERATION;2
Operands;ARGUE;4
Operands;DESIGNED;9
Operands;DIVERSIFICATION;3
Operands;UPDATES;1
Operands;2018;11
Operands;QUESTION;2
Operands;STANDARD;15
Operands;POSE;3
Operands;TRADING;41
Operands;LOGIC;3
Operands;SOFTWARE;11
Operands;11;5
Operands;68;4
Operands;COOPERATION;40
Operands;ILLUSTRATE;5
Operands;GUIDANCE;15
Operands;VARIATION;1
Operands;SEGMENTS;5
Operands;FOCUS;11
Operands;VIEWS;6
Operands;INSERT;1
Operands;OPTION;153
Operands;70;4
Operands;SOUND;6
Operands;MEASURES;69
Operands;EXPANDING;1
Operands;AMOUNT;16
Operands;CONVERGE;1
Operands;DEFINED;5
Operands;25;6
Operands;DECEMBER;12
Operands;FIND;3
Operands;1;68
Operands;HOMOGENOUS;1
Operands;X;11
Operands;ONES;4
Operands;CURRENCY;3
Operands;HELPFUL;1
Operands;EVIDENCE;5
Operands;STRICT;1
Operands;PERMANENT;1
Operands;80;3
Operands;LIKELIHOOD;1
Operands;YEAR;4
Operands;SETTLEMENTS;1
Operands;POINTS;4
Operands;SITUATION;7
Operands;UNEVEN;7
Operands;INITIATIVE;41
Operands;PUBLICATION;3
Operands;200;2
Operands;FINTECH;3
Operands;ENABLES;1
Operands;ECONOMIC;9
Operands;MONITORING;20
Operands;MITIGATED;2
Operands;CONTAGION;6
Operands;GOALS;1
Operands;PROCESS;20
Operands;AUTHORITY;70
Operands;BANKS;58
Operands;EXPLOITED;2
Operands;PREJUDICE;1
Operands;COMMODITIES;2
Operands;FAVOUR;2
Operands;INVENTORY;1
Operands;COLLECTION;3
Operands;ARGUED;15
Operands;69;1
Operands;ADVANCE;2
Operands;MASTERCARD;1
Operands;PROCESSED;6
Operands;EXIT;9
Operands;ENABLE;18
Operands;49;1
Operands;SELL;1
Operands;12;4
Operands;CHILE;1
Operands;UNCOORDINATED;12
Operands;SUPPORTING;8
Operands;IDIOSYNCRATIC;1
Operands;MANAGED;9
Operands;TARGETED;9
Operands;COMPLEX;8
Operands;ILLUSTRATED;2
Operands;CLAIMS;2
Operands;2009/65/EC;1
Operands;ACTS;5
Operands;RETAINED;14
Operands;PROJECTED;1
Operands;OPEN;6
Operands;HARMONISE;5
Operands;PRACTICE;9
Operands;CAPACITY;15
Operands;BANK;51
Operands;ROBUST;4
Operands;CHECKS;1
Operands;ENHANCED;12
Operands;ECONOMIES;1
Operands;SCENARIOS;15
Operands;CONTRIBUTE;7
Operands;ACHIEVE;8
Operands;CLAIMING;1
Operands;ENTITY;5
Operands;ECB;18
Operands;TREATY;1
Operands;PURPOSES;5
Operands;MANDATES;1
Operands;DECISIONS;4
Operands;LED;10
Operands;STANDALONE;2
Operands;COMPREHENSIVE;27
Operands;LAW;13
Operands;TARGETS;2
Operands;NA;77
Operands;CONTINUITY;28
Operands;ALTER;3
Operands;2019;17
Operands;ANTITRUST;1
Operands;DELIVERS;1
Operands;EQUITY;1
Operands;TYPE;20
Operands;DISRUPTIONS;19
Operands;EXPERT;4
Operands;CROSSREFERENCE;1
Operands;COMPLEXITY;20
Operands;COVERAGE;6
Operands;EXTERNAL;8
Operands;STRENGTHENED;7
Operands;ENVISAGED;9
Operands;INTEGRITY;30
Operands;PENETRATION;17
Operands;CUSTOMER;4
Operands;JOINT;14
Operands;BASED;56
Operands;EXPERIENCED;5
Operands;DISCLOSURE;1
Operands;SELLER;2
Operands;LICENSING;1
Operands;CONTENT;5
Operands;SECTORS;43
Operands;EXPERIENCES;4
Operands;HORIZONTAL;18
Operands;AMENDMENTS;1
Operands;COLLECTING;1
Operands;LARGELY;5
Operands;COMMERCIAL;2
Operands;IBM;1
Operands;BROAD;4
Operands;VARIES;1
Operands;POSSIBILITY;1
Operands;COSTS;153
Operands;HARMONISED;20
Operands;RECORDS;2
Operands;PRICES;6
Operands;OBSTACLES;2
Operands;THIRD;84
Operands;DIMENSION;10
Operands;FULL;13
Operands;BUSINESSES;11
Operands;BASIC;8
Operands;NOVEMBER;2
Operands;ABILITY;14
Operands;EXERCISES;6
Operands;INNOVATION;3
Operands;EXPERIENCE;11
Operands;77;1
Operands;FORCE;4
Operands;COUNTRIES;2
Operands;EXAMINATIONS;3
Operands;COUNTERPARTY;4
Operands;NATURE;24
Operands;DEMONSTRATE;2
Operands;SIGNIFICANCE;5
Operands;TWICE;1
Operands;TERM;1
Operands;INTERACTIONS;1
Operands;ADVANTAGE;5
Operands;INTRODUCTION;6
Operands;PRODUCTION;2
Operands;VISA;1
Operands;STRESS;42
Operands;PROCEDURES;21
Operands;CONTINUED;2
Operands;METHODOLOGY;2
Operands;PRESENCE;3
Operands;FEES;2
Operands;MINOR;2
Operands;COMPETITION;7
Operands;FACE;18
Operands;SUBOUTSOURCING;11
Operands;VICE;1
Operands;PREVENTION;2
Operands;SUGGESTED;11
Operands;OPERATORS;18
Operands;CONTRACTUAL;27
Operands;6;26
Operands;ENGAGED;5
Operands;STABLE;1
Operands;TECHNOLOGY;23
Operands;CONSOLIDATED;1
Operands;CONTRIBUTION;1
Operands;DETECT;6
Operands;DEVELOPING;10
Operands;VAST;1
Operands;HUB;4
Operands;CONTINGENCY;3
Operands;AMOUNTING;1
Operands;TARGET;4
Operands;INPUT;2
Operands;LEVELS;18
Operands;DEPENDENCY;2
Operands;EVENT;15
Operands;DEGREE;5
Operands;MOVEMENT;1
Operands;AUTHORISATION;4
Operands;2009;1
Operands;CREATING;3
Operands;71;1
Operands;LEGAL;40
Operands;TEAM;5
Operands;CORPORATE;2
Operands;ANNUALLY;2
Operands;CONFIDENTIALITY;7
Operands;86;1
Operands;LINE;10
Operands;AIM;7
Operands;62;1
Operands;TLPT;13
Operands;26;1
Operands;EXTENSIVE;2
Operands;NOTED;10
Operands;BURDEN;30
Operands;DEPLOYMENT;5
Operands;UNDUE;2
Operands;ALIGNED;1
Operands;DETAIL;3
Operands;GUIDE;2
Operands;OCCURRENCE;1
Operands;103;1
Operands;INTERMEDIARY;1
Operands;AREA;12
Operands;CARRY;7
Operands;RELATED;32
Operands;·THE;11
Operands;ORGANISATIONS;5
Operands;PLANNED;2
Operands;LEX;24
Operands;MEDIUM;6
Operands;INVOLVEMENT;3
Operands;INSUFFICIENT;8
Operands;9;4
Operands;SYSTEM;61
Operands;OPTIONS;27
Operands;RELEVANT;30
Operands;PREMIUM;1
Operands;CONDUCTED;2
Operands;ADAPT;7
Operands;19;14
Operands;STANDARDISED;2
Operands;PROMOTE;4
Operands;MARKETS;34
Operands;SAFE;5
Operands;ADVERSE;5
Operands;USUALLY;3
Operands;FINANCE;15
Operands;CONTROLS;10
Operands;STRUCTURES;2
Operands;GEOGRAPHICAL;5
Operands;COMMENSURATE;1
Operands;PORTFOLIO;1
Operands;COVID19;12
Operands;EXPECTED;32
Operands;INVESTMENT;36
Operands;CYBERSECURITY;28
Operands;OBJECTIVE;45
Operands;SUFFICIENT;8
Operands;FORESEEN;4
Operands;INCENTIVES;2
Operands;EXTENT;13
Operands;RELIABILITY;5
Operands;CARE;2
Operands;INVESTOR;8
Operands;EXPECTATIONS;10
Operands;VI;3
Operands;CONVENIENT;1
Operands;MULTIANNUAL;1
Operands;RESTORATION;2
Operands;HISTORICAL;3
Operands;INDUSTRY;40
Operands;FIRM;7
Operands;INTERNAL;26
Operands;CAUSED;7
Operands;ACKNOWLEDGING;1
Operands;RESOURCES;23
Operands;COMMUNITY;2
Operands;GENERATED;2
Operands;HIGHER;23
Operands;14;5
Operands;ARCHITECTURE;1
Operands;INTENTION;1
Operands;VARIETY;5
Operands;CREATED;3
Operands;61;1
Operands;OWN;15
Operands;PREMISES;2
Operands;113;1
Operands;USES;1
Operands;2017;5
Operands;POINTED;7
Operands;FEEDBACK;10
Operands;SPENT;1
Operands;REGULATION;49
Operands;EMPLOYEES;7
Operands;COMMITTEE;12
Operands;4;23
Operands;DESIGNATION;3
Operands;TOOLS;35
Operands;CENTER;1
Operands;CLEAR;10
Operands;STRUCTURED;4
Operands;CAMPAIGNS;2
Operands;SHARED;6
Operands;127;1
Operands;DESCRIBED;3
Operands;INEFFECTIVE;4
Operands;GOVERNED;4
Operands;PARAMETERS;1
Operands;MATTER;2
Operands;59;1
Operands;BULGARIA;1
Operands;AWARENESS;15
Operands;RETAIL;4
Operands;CONSIDERABLE;5
Operands;INVESTIGATION;2
Operands;HELP;8
Operands;RECOVER;12
Operands;PRESIDENT;1
Operands;NETHERLANDS;1
Operands;GOOD;7
Operands;EXAMPLE;24
Operands;STRENGTH;1
Operands;ANALYSIS;14
Operands;DEALING;5
Operands;STAKEHOLDERS;39
Operands;FREEDOM;3
Operands;HARDWARE;4
Operands;–;48
Operands;AFTERMATH;1
Operands;JUST;4
Operands;BASE;2
Operands;CAUSE;7
Operands;TRANSPARENCY;3
Operands;STRONG;2
Operands;REMOTELY;2
Operands;UNDERSTANDING;2
Operands;FUNCTIONS;29
Operands;EXPENSES;2
Operands;INCREASED;33
Operands;DESCRIPTION;6
Operands;SUPERVISED;5
Operands;74;1
Operands;MATERIAL;6
Operands;CARRYING;1
Operands;DISCUSSION;2
Operands;LINES;4
Operands;MAKER;1
Operands;TECHNICAL;30
Operands;BODY;4
Operands;ACTIVE;5
Operands;BEGIN;3
Operands;CUSTOMERS;20
Operands;CRITICAL;54
Operands;FORESEE;2
Operands;123;1
Operands;PRESERVED;1
Operands;INTERPRETATIONS;2
Operands;POSITION;6
Operands;OVERSEER;1
Operands;ONLINE;3
Operands;DISTRIBUTION;1
Operands;LEARNING;2
Operands;ATTEMPT;5
Operands;RISKBASED;5
Operands;FIGURE;9
Operands;PAGE;2
Operands;PARTICIPATE;3
Operands;SUBCONTRACTOR;3
Operands;LEVEL;107
Operands;OUTLINED;5
Operands;ALREADY;25
Operands;BEST;17
Operands;G7;9
Operands;RECOGNISE;1
Operands;ARTICLES;2
Operands;SCRUTINY;6
Operands;EU;301
Operands;ENTERPRISES;1
Operands;89;2
Operands;INTERVENTION;13
Operands;COMPLICATED;1
Operands;TRADED;1
Operands;OUTSOURCED;9
Operands;REPUTATIONAL;4
Operands;ORIGINATED;2
Operands;SPLIT;3
Operands;GROSS;1
Operands;DISPARITIES;2
Operands;MANAGEABLE;1
Operands;BURDENSOME;3
Operands;DEAL;8
Operands;RULEBOOK;18
Operands;BURDENS;5
Operands;ADEQUATE;3
Operands;75;1
Operands;CONSULTED;1
Operands;DEGREES;2
Operands;INSPECTION;4
Operands;ARRANGEMENTS;44
Operands;CONFIDENCE;9
Operands;EXCHANGES;5
Operands;MILLION;29
Operands;ENHANCE;11
Operands;PRIVATE;8
Operands;90;3
Operands;PHYSICAL;9
Operands;USE;42
Operands;DETAILED;25
Operands;SHARE;13
Operands;SUBCONTRACTING;1
Operands;TOOL;1
Operands;THREAT;60
Operands;NEW;62
Operands;PROVIDING;9
Operands;BUILT;4
Operands;EFFICIENCY;22
Operands;PUBLIC;61
Operands;SIZE;14
Operands;OCTOBER;1
Operands;TRANSACTION;1
Operands;LIABILITY;4
Operands;CAPABLE;3
Operands;PROVISIONS;70
Operands;HELD;5
Operands;FIXED;1
Operands;CLARITY;13
Operands;COMPONENTS;6
Operands;CHANNELS;7
Operands;EIOPA;4
Operands;THREATS;25
Operands;32;2
Operands;ARISE;5
Operands;78;1
Operands;VERSION;1
Operands;MEANINGFUL;1
Operands;PARTICULAR;34
Operands;COMMON;34
Operands;RESPOND;12
Operands;PREMISED;1
Operands;COMMENTS;2
Operands;MET;1
Operands;CLOSE;5
Operands;INVESTMENTS;11
Operands;FOUNDATION;1
Operands;SETTLEMENT;5
Operands;GUIDELINES;46
Operands;31;1
Operands;ILLUSTRATES;1
Operands;16;2
Operands;ISSUED;3
Operands;ALIGNMENT;1
Operands;COUNTERPARTIES;15
Operands;AVAILABLE;14
Operands;SUBSEQUENT;4
Operands;SIMPLE;1
Operands;USEFUL;7
Operands;RELIANCE;7
Operands;PARTS;8
Operands;DISADVANTAGE;1
Operands;WAYS;4
Operands;45;4
Operands;ASSETS;8
Operands;INEFFICIENT;1
Operands;PRODUCE;1
Operands;PAYMENTS;15
Operands;MANUFACTURING;1
Operands;QUALIFICATION;1
Operands;CYCLE;6
Operands;PRINCIPLE;15
Operands;RECOGNIZED;2
Operands;SHOCKS;2
Operands;CONCEPT;4
Operands;STAGES;5
Operands;END;4
Operands;DISADVANTAGES;1
Operands;AGREEMENT;2
Operands;COMPANY;3
Operands;UNLIKELY;4
Operands;COM2020;2
Operands;DETAILS;21
Operands;WORDING;1
Operands;ORGANIZED;1
Operands;ACKNOWLEDGE;1
Operands;EXAMINATION;3
Operands;SANCTIONS;2
Operands;PROBLEMS;25
Operands;NATURAL;3
Operands;ECI;3
Operands;INCUR;4
Operands;FEASIBLE;3
Operands;NATIONAL;101
Operands;ACCEPT;1
Operands;FOCUSES;3
Operands;LEAD;24
Operands;CORPORATION;1
Operands;EXPRESSED;6
Operands;FINALISATION;1
Operands;PLANS;5
Operands;MAGNITUDE;2
Operands;GROUP;16
Operands;APPROACHES;14
Operands;MANAGE;21
Operands;LIGHT;5
Operands;DEVELOP;9
Operands;MANNER;12
Operands;CENTRALISATION;1
Operands;COHERENT;20
Operands;ENSURED;1
Operands;TIMING;4
Operands;REASONS;2
Operands;ENTER;2
Operands;STRATEGIES;14
Operands;DESIGNING;1
Operands;LOCATED;3
Operands;ENTRY;7
Operands;COMPETENT;57
Operands;CLARIFYING;1
Operands;FORWARD;2
Operands;REMOTE;3
Operands;MANUAL;1
Operands;UNION’S;1
Operands;DOCUMENTATION;2
Operands;PERSONS;1
Operands;PUBLISHED;4
Operands;IMPACTS;29
Operands;INSTRUMENTS;4
Operands;REVISED;6
Operands;SCHEME;7
Operands;OUTSOURCING;81
Operands;ADJUSTMENTS;1
Operands;SOURCES;5
Operands;VARY;3
Operands;PLAYING;5
Operands;MATCHING;1
Operands;35;1
Operands;MEMBERS;6
Operands;PARALLEL;3
Operands;AUTHORITIES;142
Operands;63;1
Operands;PRESENTED;4
Operands;CITIZENS;1
Operands;HIGHLIGHTED;18
Operands;ALLEVIATE;2
Operands;EXPOSURE;10
Operands;MEASUREMENT;1
Operands;DAMAGE;3
Operands;INNOVATIVE;2
Operands;IMPORTANCE;11
Operands;SYSTEMIC;41
Operands;REDEMPTION;3
Operands;PARTICIPANTS;18
Operands;LEFT;3
Operands;44;4
Operands;STUDY;4
Operands;FRAMEWORKS;28
Operands;BUSINESS;61
Operands;13;1
Operands;TECHNOLOGIES;14
Operands;EROSION;1
Operands;EC;2
Operands;AGAIN;4
Operands;30;3
Operands;UNDERWAY;1
Operands;INCIDENT;162
Operands;COURT;1
Operands;57;1
Operands;34;1
Operands;INTERLINKED;1
Operands;600/2014;1
Operands;43;1
Operands;COMMUNICATIONS;4
Operands;PROVEN;2
Operands;ENTITIES;51
Operands;POLITICAL;5
Operands;21;6
Operands;CONVERGENCE;3
Operands;40;3
Operands;MOBILE;1
Operands;ACT;35
Operands;APPROACH;23
Operands;DISCUSSIONS;2
Operands;PRODUCT;2
Operands;LIFE;1
Operands;CONTROLLED;4
Operands;LEGACY;7
Operands;INSPECTIONS;5
Operands;DELIVERED;2
Operands;POSSIBLE;23
Operands;LINKED;4
Operands;INDIRECT;30
Operands;ISSUE;9
Operands;CONFIDENTIAL;9
Operands;REGIONAL;2
Operands;RESPONSIBILITIES;4
Operands;PERSONAL;6
Operands;SHOW;5
Operands;ICT;453
Operands;CLASSIFICATION;5
Operands;MONITOR;17
Operands;SPECIAL;4
Operands;MARGINAL;4
Operands;BUYER;2
Operands;CORRELATION;1
Operands;87;1
Operands;COUNTRY;2
Operands;51;1
Operands;POWERS;3
Operands;20;5
Operands;NOW;2
Operands;ACTIVITY;9
Operands;STATUTORY;6
Operands;RISKS;173
Operands;DIGITALISED;2
Operands;EXPENDITURE;2
Operands;CONTRAST;2
Operands;DELAY;2
Operands;NOTIFICATION;28
Operands;SUPPLEMENT;1
Operands;SIT;1
Operands;REPORT;66
Operands;FAILURE;5
Operands;REGULAR;8
Operands;DERIVATIVES;5
Operands;CONSISTENCY;3
Operands;OPPOSED;4
Operands;EMPOWERED;2
Operands;YEARS;16
Operands;BENEFITS;62
Operands;SOLVENCY;7
Operands;SINGAPORE;2
Operands;RESPONSIBLE;9
Operands;REVENUES;5
Operands;ADVISORY;1
Operands;INVESTORS;7
Operands;SOLUTIONS;11
Operands;SERVICES;182
Operands;DG;4
Operands;AGREE;7
Operands;FOSTER;3
Operands;COMPANIES;23
Operands;INDUSTRIAL;1
Operands;NIS;182
Operands;REGISTRATION;4
Operands;54;1
Operands;FEATURE;1
Operands;AGENCY;4
Operands;SUCCESSFULLY;1
Operands;ECONOMY;21
Operands;PRICE;4
Operands;CONTINUOUS;3
Operands;ITALY;1
Operands;OFTEN;10
Operands;INSURANCE;36
Operands;33;1
Operands;PERMISSIBLE;1
Operands;INTRODUCE;1
Operands;WELL;38
Operands;INTERPRETED;1
Operands;DECISIONMAKING;1
Operands;ONSITE;4
Operands;MAJOR;28
Operands;PRESSING;1
Operands;QUALITATIVE;21
Operands;SPREAD;8
Operands;FASTER;1
Operands;ILLUSTRATIVE;1
Operands;OBJECTIVES;40
Operands;PARTIES;20
Operands;LICENCE;2
Operands;DISCLOSE;3
Operands;AGREEMENTS;8
Operands;PURPOSE;4
Operands;CONCEPTUAL;2
Operands;ASSET;17
Operands;SUPPLIER;1
Operands;INTRODUCED;6
Operands;FLOWS;1
Operands;EXPERTS;4
Operands;66;3
Operands;DEVELOPMENTS;5
Operands;TERMINOLOGY;1
Operands;TRUST;16
Operands;DIRECTIVES;4
Operands;PLEASE;3
Operands;POSITIONS;8
Operands;UNCERTAINTY;9
Operands;DIGITALISATION;6
Operands;ADDRESS;40
Operands;CERTIFICATION;2
Operands;10;22
Operands;FOLLOWED;4
Operands;ORGANISATIONAL;11
Operands;ACCOMMODATING;1
Operands;COMMISSION;47
Operands;PLANNING;9
Operands;AREAS;25
Operands;COMPONENT;3
Operands;PROPER;8
Operands;LARGE;22
Operands;PURCHASED;1
Operands;OPERATIONAL;220
Operands;120;1
Operands;SYNERGY;1
Operands;MANAGERS;8
Operands;WORLDWIDE;3
Operands;NUMBER;43
Operands;BRINGING;3
Operands;RISK;295
Operands;SUBSTANCE;1
Operands;110;1
Operands;CONSEQUENCES;20
Operands;RESILIENCE;191
Operands;OVERVIEW;14
Operands;INTERCONNECTED;6
Operands;7;10
Operands;AUDITORS;7
Operands;FINES;1
Operands;NECESSARY;16
Operands;RISE;2
Operands;TRADITIONAL;3
Operands;SECURITY;173
Operands;FORUM;2
Operands;STRUCTURE;1
Operands;FIELD;6
Operands;CREDIT;37
Operands;JURISDICTIONS;19
Operands;SUBSIDIARY;1
Operands;BOARD;20
Operands;EXPECT;4
Operands;DESIGN;3
Operands;HARMONISATION;19
Operands;HYBRID;1
Operands;TACKLE;2
Operands;CYBER;131
Operands;IMPLICATIONS;6
Operands;PROTECTIVE;1
Operands;IMPROVING;3
Operands;CHARGE;7
Operands;AFFECTED;13
Operands;RECOVERING;2
Operands;PROVIDERS;100
Operands;CAPTURE;1
Operands;TECHNOLOGICAL;5
Operands;CONTRIBUTIONS;2
Operands;FOLLOW;5
Operands;BOX;3
Operands;EXPERTISE;5
Operands;NOTE;2
Operands;SUCCESSFUL;2
Operands;PARLIAMENT;23
Operands;STABILITY;48
Operands;METHOD;1
Operands;DEFAULT;2
Operands;SITUATIONS;2
Operands;LEGISLATION;70
Operands;24;2
Operands;ACTIVITIES;38
Operands;REVENUE;3
Operands;ONEOFF;10
Operands;DIAGRAM;2
Operands;VOLATILITY;2
Operands;CONTEXT;20
Operands;DEPOSITORIES;10
Operands;OVERLAPPING;29
Operands;ESSENTIAL;14
Operands;STRENGTHEN;24
Operands;41;1
Operands;STRATEGY;8
Operands;SIMPLIFICATIONS;1
Operands;RIGHT;2
Operands;CHAINS;2
Operands;OVERCOME;3
Operands;PREPAREDNESS;4
Operands;WHOLESALE;2
Operands;ADVICE;13
Operands;CONCLUSION;2
Operands;GENERATE;1
Operands;BANKING;34
Operands;RECOGNISED;5
Operands;UNDERTAKING;2
Operands;CONFLICT;2
Operands;ESTABLISHMENT;5
Operands;MONTHS;1
Operands;MARKET;98
Operands;ADVANCES;1
Operands;SIMPLIFICATION;1
Operands;FACILITY;1
Operands;SAFEGUARDS;2
Operands;ORDER;14
Operands;INTERNATIONAL;32
Operands;PROGRESSIVE;2
Operands;RATING;12
Operands;FREEDOMS;1
Operands;SECTOR’S;2
Operands;POLICY;43
Operands;JUSTIFIED;2
Operands;PROTOCOLS;1
Operands;PRUDENTIAL;31
Operands;ADVANTAGES;1
Operands;PRIOR;1
Operands;DYNAMIC;2
Operands;LOW;4
Operands;EXCHANGE;20
Operands;ACCOUNTING;1
Operands;53;1
Operands;EVALUATION;8
Operands;OVERSIGHT;79
Operands;REPUTATION;2
Operands;67;2
Operands;VALID;1
Operands;LOCATIONS;2
Operands;ADDRESSING;14
Operands;LENGTH;1
Operands;HAND;5
Operands;INSURERS;5
Operands;ASYMMETRY;1
Operands;60;3
Operands;GUARANTEES;1
Operands;VALUE;16
Operands;DEVELOPED;15
Operands;BACKUP;1
Operands;PROTECTION;29
Operands;GUIDING;1
Operands;ENGAGEMENT;2
Operands;GLOBAL;22
Operands;ACCOUNTED;1
Operands;APRIL;7
Operands;COORDINATE;2
Operands;INITIAL;4
Operands;WRITTEN;7
Operands;BILLION;28
Operands;PRINCIPLES;16
Operands;LANDSCAPE;7
Operands;55;1
Operands;DIFFICULTY;1
Operands;EMPLOYEE;1
Operands;CONSTANT;1
Operands;RELIABLE;1
Operands;REAL;6
Operands;SECTORSPECIFIC;3
Operands;WELCOME;3
Operands;STEP;2
Operands;PROBLEM;15
Operands;JUNE;3
Operands;DIVERSITY;1
Operands;REVIEWS;12
Operands;OWNED;2
Operands;65;1
Operands;MACROPRUDENTIAL;3
Operands;OVERHEAD;1
Operands;CLASSIFY;1
Operands;OCCUR;4
Operands;TERMINATION;1
Operands;INCONSISTENT;7
Operands;REPORTS;19
Operands;OBTAINED;1
Operands;RECOGNITION;10
Operands;REPRESENTATIVES;1
Operands;DATA;129
Operands;INFORMATION;189
Operands;PARTNER;3
Operands;250;1
Operands;GERMANY;1
Operands;UPDATE;10
Operands;2016/1148;7
Operands;PRICING;3
Operands;FAR;8
Operands;CAUSES;2
Operands;ADEQUACY;2
Operands;LOOPHOLES;1
Operands;EASIER;1
Operands;UNDERWRITING;1
Operands;TIMES;7
Operands;MODELS;5
Operands;CALL;4
Operands;MALICIOUS;13
Operands;RANGE;52
Operands;COMMISSION’S;17
Operands;FIRMS;60
Operands;VULNERABILITIES;21
Operands;ACTING;1
Operands;ROLE;11
Operands;POINT;20
Operands;RATE;1
Operands;DOCUMENTED;1
Operands;LEVERAGE;6
Operands;FOREIGN;2
Operands;ONGOING;7
Operands;BRING;13
Operands;EMERGENCY;1
Operands;PLATFORM;4
Operands;654;1
Operands;SIMPLIFY;2
Operands;DIGITAL;152
Operands;EFFECTIVE;29
Operands;EXECUTION;1
Operands;BELIEVE;3
Operands;ADDRESSED;23
Operands;VIEW;5
Operands;RECOVERY;20
Operands;ABLE;10
Operands;CAPABILITIES;22
Operands;BREACHES;8
Operands;AVAILABILITY;4
Operands;COUNCIL;26
Operands;DEPOSIT;1
Operands;POLICIES;14
Operands;TEAMS;5
Operands;MAINTENANCE;2
Operands;CARRIED;10
Operands;REVEALED;4
Operands;PUBLICLY;1
Operands;CENTRALISED;4
Operands;RECENT;9
Operands;2016;9
Operands;CONSISTENTLY;1
Operands;LOCAL;2
Operands;RESOLUTION;5
Operands;MONEY;5
Operands;POSSIBLY;3
Operands;IMPACTED;6
Operands;LOSS;13
Operands;FRANCE;1
Operands;ILLEGAL;1
Operands;COMPETITIVE;1
Operands;SIDES;1
Operands;DAY;3
Operands;SOMETIMES;4
Operands;36;2
Operands;STRATEGIC;1
Operands;WEBSITE;2
Operands;BROADER;5
Operands;ADMINISTRATIVE;36
Operands;OVERSEERS;1
Operands;CHIEF;5
Operands;CODE;8
Operands;POWER;3
Operands;BEHAVIOUR;3
Operands;SECTION;23
Operands;TEMPLATES;12
Operands;MEMBERSHIP;2
Operands;STOCK;2
Operands;OPERATION;3
Operands;FINANCIAL;861
Operands;UNIT;2
Operands;POSED;5
Operands;ANSWER;1
Operands;23;2
Operands;TPPS;152
Operands;DULY;1
Operands;RULES;122
Operands;OBLIGATION;5
Operands;DESIGNATED;12
Operands;INSTRUMENT;1
Operands;SCALE;13
Operands;ACCOUNTS;10
Operands;126;1
Operands;CONTROL;11
Operands;INCOMPLETE;2
Operands;2013;1
Operands;ACCURATE;1
Operands;CONSISTENT;13
Operands;5;24
Operands;PEOPLE;3
Operands;SUGGEST;4
Operands;EFFICIENT;5
Operands;APPLICATION;16
Operands;TURN;4
Operands;STATES;54
Operands;DIRECT;50
Operands;CROSSBORDER;45
Operands;MANAGEMENT;120
Operands;RESEARCH;4
Operands;TIME;36
Operands;ENTITIES’;1
Operands;MICRO;2
Operands;SHOWN;2
Operands;CLIENTS;7
Operands;OPERATE;9
Operands;METHODS;5
Operands;EUROSYSTEM;1
Operands;SOCIAL;11
Operands;GENERATION;1
Operands;PERFORMED;8
Operands;WRITING;1
Operands;INDEPENDENT;1
Operands;FUNDING;3
Operands;REPOSITORIES;11
Operands;THIRDPARTY;12
Operands;PRACTICES;28
Operands;OVERSEEN;2
Operands;58;1
Operands;MEASURE;4
Operands;EBA;36
Operands;PROVIDER;12
Operands;EXAMINED;1
Operands;REDUNDANT;2
Operands;OPERATED;1
Operands;NETWORK;30
Operands;SYNERGIES;1
Operands;HUMAN;2
Operands;RELEVANCE;12
Operands;DEVELOPMENT;14
Operands;STEPS;3
Operands;OFFERING;1
Operands;BEGINNING;1
Operands;PRACTICAL;8
Operands;909/2014;3
Operands;MAJORITY;41
Operands;QUALITY;10
Operands;DECIDE;3
Operands;SECTOR;174
Operands;648/2012;6
Operands;CALLED;4
Operands;TABLE;41
Operands;INCOME;1
Operands;USED;18
Operands;TYPES;12
Operands;MANIPULATION;2
Operands;KEEP;1
Operands;COMPETITORS;2
Operands;SENSITIVE;4
Operands;LEADS;9
Operands;ACCEPTABLE;3
Operands;SERVICE;87
Operands;NONCOMPLIANCE;1
Operands;BRINGS;1
Operands;COMPATIBILITY;1
Operands;CRITERIA;18
Operands;BETTER;16
Operands;COMMUNICATION;27
Operands;879;1
Operands;MEMBER;62
Operands;PROFILE;6
Operands;GROWTH;2
Operands;INTEREST;4
Operands;1060/2009;2
Operands;HIGH;36
Operands;LISTED;2
Operands;ENCOURAGE;3
Operands;LIABILITIES;1
Operands;HOME;2
Operands;POTENTIAL;46
Operands;REPORTED;17
Operands;LOCATION;3
Operands;DISCRETION;3
Operands;GAINS;1
Operands;CATEGORY;5
Operands;39;1
Operands;RESPONSE;21
Operands;TERMS;46
Operands;DISASTER;6
Operands;EURO;2
Operands;CONFLICTS;1
Operands;MECHANISM;4
Operands;ANNUAL;14
Operands;STATE;15
Operands;PLACE;17
Operands;FOCUSING;1
Operands;COORDINATED;8
Operands;KNOWLEDGE;10
Operands;22;5
Operands;REFORMS;1
Operands;ABSENCE;13
Operands;SILENT;2
Operands;REGION;2
Operands;ANNEX;42
Operands;IMPACT;92
Operands;OVERSEE;4
Operands;REFLECT;2
Operands;RIGHTS;18
Operands;SUPERVISORS;99
Operands;RECEIVED;5
Operands;CONTRACTS;9
Operands;CYBERATTACKS;13
Operands;CONSUMER;11
Operands;QUOTED;1
Operands;PROTECTED;3
Operands;REACH;4
Operands;FREE;3
Operands;PRESENT;12
Operands;ZERO;1
Operands;INFLUENCE;1
Operands;AUTHORISED;1
Operands;PARTICIPATION;8
Operands;TFEU;2
Operands;FAILURES;6
Operands;FINAL;8
Operands;FTE;1
Operands;START;6
Operands;OCCASIONS;1
Operands;DETECTION;12
Operands;THANKS;3
Operands;SIGNIFICANT;58
Operands;TAILORED;7
Operands;INFORMED;1
Operands;DECISION;2
Operands;CONSUMERS;8
Operands;PREPARED;5
Operands;FUTURE;15
Operands;2000;1
Operands;ACTIONS;13
Operands;OCCUPATIONAL;7
Operands;PERIODIC;1
Operands;SOLVE;2
Operands;CONDUCT;8
Operands;ACCOMPANIED;2
Operands;STRESSED;22
Operands;INSTITUTIONAL;1
Operands;3;61
Operands;REASONABLE;2
Operands;GROUNDS;1
Operands;AGENCIES;13
Operands;NONFINANCIAL;2
Operands;IMPOSING;2
Operands;FUNCTION;5
Operands;VENUES;20
Operands;ITEMS;1
Operands;LENDING;2
Operands;HIGHEST;1
Operands;PURSUED;1
Operands;ENSUING;2
Operands;BREAKS;1
Operands;TRIGGER;6
Operands;ELEMENTS;19
Operands;KNOWN;4
Operands;OUTCOMES;1
Operands;INITIATIVES;19
Operands;GROUPS;2
Operands;94;1
Operands;BORROWING;1
Operands;PERSPECTIVE;3
Operands;RELIES;3
Operands;NEUTRALITY;1
Operands;SAFEGUARD;6
Operands;BUDGET;12
Operands;EXAMINE;1
Operands;TESTERS;4
Operands;CONCENTRATION;21
Operands;BESPOKE;3
Operands;VERY;24
Operands;INSTITUTIONS;337
Operands;SOURCE;43
Operands;FACT;5
Operands;STUDIES;2
Operands;TECHNIQUES;6
Operands;EARLY;3
Operands;BREAKDOWN;5
Operands;APPROPRIATE;17
Operands;BROUGHT;1
Operands;FRAMEWORK;127
Operands;CATEGORIES;6
Operands;EXPLANATION;1
Operands;PROGRAMME;2
Operands;ESAS;38
Operands;85;1
Operands;ACTION;26
Operands;GAIN;2
Operands;EXTENDED;4
Operands;COVERS;7
Operands;F;1
Operands;TRANSACTIONS;9
Operands;REMAINING;2
Operands;PROCESSES;28
Operands;EEA;1
Operands;WIDE;5
Operands;COMPLETELY;9
Operands;PARTIAL;2
Operands;PROBABLY;2
Operands;LEVERAGING;1
Operands;TIER;1
Operands;ESRB;18
Operands;ENFORCEMENT;9
Operands;LONGER;2
Operands;OPERATIONS;26
Operands;ACCURACY;2
Operands;COLLECTED;1
Operands;LIQUIDITY;13
Operands;STARTING;1
Operands;MAIN;31
Operands;UNDERTAKEN;2
Operands;ENTERED;1
Operands;EXEMPTIONS;1
Operands;PERFORMANCE;11
Operands;2015/2366;4
Operands;PUT;5
Operands;CONSULTING;2
Operands;ENTERPRISE;1
Operands;JURISDICTION;5
Operands;INCURRED;5
Operands;84;1
Operands;CAPITAL;69
Operands;INTERDEPENDENT;2
Operands;BASELINE;12
Operands;LEGISLATIVE;9
Operands;2;101
Operands;GENERATES;2
Operands;CASH;1
Operands;REINSURANCE;7
Operands;IMPEDE;1
Operands;US;15
Operands;EXPLAINED;2
Operands;EUROPE;5
Operands;SHARES;1
Operands;DISCLOSED;1
Operands;FIGURES;2
Operands;WEAKNESSES;1
Operands;SCENARIO;31
Operands;FORM;3
Operands;INABILITY;4
Operands;PROGRESS;5
Operands;PENSIONS;2
Operands;FUTURES;3
Operands;AGE;3
Operands;PILLARS;3
Operands;INSURER;3
Operands;ELECTRONIC;12
Operands;PRODUCTS;11
Operands;MATERIALITY;8
Operands;CROSSSECTORAL;6
Operands;ESMA;2
Operands;CRIMINAL;1
Operands;CREATION;7
Operands;LOGICAL;1
Operands;83;1
Operands;PARTNERS;3
Operands;USD;5
Operands;HOLDING;1
Operands;UK;1
Operands;SECURITIES;20
Operands;FIVE;1
Operands;BASIS;31
Operands;UNABLE;1
Operands;CLAUSES;12
Operands;SUMMARY;7
Operands;128;1
Operands;INTELLIGENCE;37
Operands;DEMAND;4
Operands;CREATE;8
Operands;COST;29
Operands;2010;1
Operands;POOLED;2
Operands;EFFECT;5
Operands;2008;2
Operands;UNITS;1
Operands;INCIDENTS;144
Operands;ACCOUNT;22
Operands;TRANSITION;3
Operands;GOVERNANCE;16
Operands;DIVERSE;4
Operands;AUDIT;20
Operands;104;1
Operands;CULTURE;1
Operands;OPERATING;16
Operands;18;3
Operands;FUNDAMENTAL;6
Operands;INTENT;1
Operands;ACHIEVED;17
Operands;OPPORTUNITIES;1
Operands;ANOMALOUS;1
Operands;LESSONS;5
Operands;EXTREME;2
Operands;TRUSTED;6
Operands;STAGE;4
Operands;ATTENTION;5
Operands;CONTRIBUTES;2
Operands;INDIVIDUAL;11
Operands;WORLD;4
Operands;DIFFICULT;12
Operands;DUE;43
Operands;CHALLENGES;13
Operands;CONTRACT;6
Operands;SIMPLIFIED;1
Operands;38;4
Operands;COMPLIANCE;44
Operands;DELETED;3
Operands;SAFETY;1
Operands;INTRODUCING;8
Operands;FEATURES;4
Operands;DIFFICULTIES;20
Operands;CORE;17
Operands;52;1
Operands;COMMONLY;1
Operands;ACCESS;34
Operands;37;1
Operands;PROTOCOL;1
Operands;AUDITS;4
Operands;125;1
Operands;RENEGOTIATION;1
Operands;ADVANCED;18
Operands;TYPICAL;4
Operands;PROPOSAL;3
Operands;KEY;14
Operands;2014/65/EU;7
Operands;AFFECT;6
Operands;SOLUTION;3
Operands;73;1
Operands;STANDARDS;35
Operands;ENISA;11
Operands;72;4
Operands;ANALYSES;2
Operands;ENTAILS;2
Operands;STORAGE;2
Operands;PROFILES;1
Operands;FEDERAL;3
Operands;TRANSLATE;4
Operands;PENALTIES;1
Operands;PARTY;62
Operands;IMPOSSIBLE;4
Operands;INTANGIBLE;1
Operands;UNDERSTAND;6
Operands;INSTITUTION;27
Operands;FLOW;2
Operands;RESPONSIBILITY;1
Operands;DELIVERY;1
Operands;DIVERGENCES;1
Operands;EUROPEAN;96
Operands;CLAIM;1
Operands;PLAN;7
Operands;48;2
Operands;98;1
Operands;233;2
Operands;CENTRAL;44
Operands;BODIES;6
Operands;117;1
Operands;STANDARDIZATION;7
Operands;EUR;8
Operands;2020;21
Operands;USERS;3
Operands;COMPLETED;1
Operands;SCOPE;33
Operands;QUESTIONS;3
Operands;SUCCESS;1
Operands;LEAVES;2
Operands;46;1
Operands;LIST;5
Operands;ENTRUSTED;1
Operands;IMPROVEMENTS;5
Operands;DIVERGENT;5
Operands;REPEAL;1
Operands;MECHANISMS;16
Operands;CLOUD;50
Operands;IDENTITY;2
Operands;JUSTIFICATION;2
Operands;UPDATED;2
Operands;DISTRIBUTED;3
Operands;76;1
Operands;IMPAIRMENT;1
Operands;BECOMES;3
Operands;FOCUSED;8
Operands;SUBSECTORS;51
Operands;CONSULTATION;47
Operands;RETIREMENT;5
Operands;EFFECTIVENESS;41
Operands;RETAIN;1
Operands;OFFER;3
Operands;27;10
Operands;8;7
Operands;LOSSES;33
Operands;HARD;2
Operands;ENTITY’S;2
Operands;CLARIFY;1
Operands;DEMONSTRATED;1
Operands;INDUSTRIES;2
Operands;SUPERVISION;66
Operands;CRISIS;14
Operands;EFFECTS;8
Operands;PRIORITY;2
Operands;RELIED;1
Operands;EXERCISE;11
Operands;FINALLY;16
Operands;CRITICALITY;8
Operands;PREPARATION;1
Operands;ASPECTS;14
Operands;VOLUNTARY;28
Operands;COVERING;12
Operands;101;2
Operands;2016/679;2
Operands;DATE;2
Operands;SERVICING;1
Operands;SENIOR;5
Operands;EVOLUTION;1
Operands;REGISTER;8
Operands;BREACH;11
Other;;1526
Other;CONSIDER;7
Other;PAST;6
Other;THAT;467
Other;MUST;27
Other;WILL;81
Other;UNION;20
Other;APPLY;21
Other;MODEL;5
Other;ALONG;3
Other;ETC;60
Other;WHEN;47
Other;PENALTIES;1
Other;DO;23
Other;D;1
Other;AMONG;28
Other;GIVING;2
Other;0;9
Other;5;25
Other;RELATES;1
Other;ARTICLE;12
Other;CAN;66
Other;REFERENCE;4
Other;AN;166
Other;OUTSIDE;14
Other;OUGHT;1
Other;40;4
Other;25;7
Other;GET;2
Other;THEREOF;2
Other;75;2
Other;WHERE;52
Other;APPLICABLE;21
Other;1;69
Other;AGO;1
Other;A;685
Other;RELATED;32
Other;MAKING;7
Other;LESS;25
Other;24;3
Other;PARTIES;20
Other;GIVES;1
Other;BEHIND;1
Other;GENERAL;51
Other;FOLLOWS;2
Other;SIMILAR;13
Other;THESE;78
Other;UNTIL;3
Other;WITHOUT;19
Other;VARIOUS;4
Other;REGIME;4
Other;DE;1
Other;MAKES;5
Other;2010;1
Other;DID;8
Other;LATER;2
Other;DURING;9
Other;THEY;120
Other;THERE;40
Other;OUT;55
Other;EACH;21
Other;GAVE;3
Other;BEYOND;8
Other;NOTHING;2
Other;ONCE;3
Other;NOT;185
Other;9;5
Other;WOULD;375
Other;IS;269
Other;SHOULD;90
Other;ASIDE;1
Other;OVER;38
Other;COME;11
Other;CONNECTED;2
Other;B;1
Other;THAN;22
Other;WHENEVER;1
Other;COSTS;153
Other;SAME;48
Other;IN;893
Other;ORGANISATION;10
Other;PART;10
Other;DOES;20
Other;100;8
Other;ALONGSIDE;1
Other;UP;30
Other;BEEN;42
Other;10;23
Other;HAVE;143
Other;THOSE;46
Other;EG;119
Other;UPON;5
Other;GIVEN;27
Other;CERTAIN;27
Other;ADJUSTMENT;2
Other;PLUS;3
Other;HAD;10
Other;ONTO;1
Other;/;9
Other;MADE;8
Other;TOOK;3
Other;EX;4
Other;WHOLE;11
Other;IV;13
Other;WAS;39
Other;PROVIDED;13
Other;WHO;15
Other;THEIR;187
Other;FUNDS;3
Other;BY;253
Other;WITHIN;35
Other;II;21
Other;ABOVE;21
Other;50;7
Other;FEW;15
Other;TAKEN;19
Other;FEWER;1
Other;THEMSELVES;4
Other;BETWEEN;66
Other;THROUGHOUT;8
Other;GIVE;4
Other;BASE;2
Other;FROM;198
Other;OTHER;86
Other;WE;14
Other;MOST;54
Other;III;14
Other;CALCULATION;3
Other;MIGHT;17
Other;WHATEVER;1
Other;EXPENSES;2
Other;ABOUT;29
Other;BE;390
Other;WHAT;9
Other;MORE;128
Other;ALL;117
Other;BEING;23
Other;IE;15
Other;FOLLOWING;21
Other;RELATING;3
Other;IT;210
Other;SOME;131
Other;PER;7
Other;ANY;34
Other;EU;301
Other;ON;537
Other;DOWN;4
Other;CHAPTER;1
Other;C;1
Other;TOWARDS;6
Other;HER;1
Other;56;2
Other;ABSENT;2
Other;FOR;632
Other;EXCEPT;4
Other;ANOTHER;12
Other;OF;1796
Other;V;6
Other;12;5
Other;REPORT;66
Other;FOUR;13
Other;THIS;213
Other;DONE;3
Other;THREE;13
Other;MAKE;12
Other;CASE;15
Other;WERE;29
Other;COULD;82
Other;MUCH;11
Other;RECOMMENDATIONS;8
Other;INCOME;1
Other;AHEAD;2
Other;INSIDE;2
Other;PERSON;2
Other;UNDER;144
Other;ARE;272
Other;INDIRECTLY;2
Other;SOMETHING;1
Other;YOUR;2
Other;6;27
Other;WITH;269
Other;HAS;68
Other;THE;2853
Other;3;62
Other;ENOUGH;2
Other;SEVERAL;39
Other;BELOW;24
Other;HERE;1
Other;SEE;45
Other;MANY;31
Other;PENDING;1
Other;2;102
Other;THROUGH;34
Other;WHEREVER;1
Other;PROPORTIONATE;11
Other;ONE;77
Other;MAY;76
Other;I;16
Other;AMONGST;1
Other;TAKES;5
Other;ACROSS;86
Other;NEAR;2
Other;WHICH;111
Other;US;15
Other;INTO;41
Other;SHALL;2
Other;ING;1
Other;GENERALLY;7
Other;ITSELF;5
Other;EVERY;16
Other;HAVING;11
Other;WHETHER;19
Other;SUCH;96
Other;TWO;16
Other;AGAINST;13
Other;THEM;34
Other;BOTH;45
Other;PURPOSES;5
Other;ITS;60
Other;TAKING;10
Other;PRINCIPLE;15
Other;NO;75
Other;AROUND;47
Other;TAKE;18
Other;REQUIRED;21
Other;TO;1379
Other;PAYMENT;38
Other;STANDARD;15
Other;NONE;2
Other;VIA;21
Other;AT;138
Other;4;24
Unclassified;APPEAR;1
Unclassified;LOOKING;2
Unclassified;CONSIDERING;4
Unclassified;AIMED;7
Unclassified;CHOOSE;1
Unclassified;CONSIDERATION;2
Unclassified;AIMS;3
Unclassified;APPEARS;1
Unclassified;LOOKS;2
Unclassified;CHOICE;1
Unclassified;CHANGES;25
Unclassified;CHANGE;11
Unclassified;CONSIDERS;3
Unclassified;CHOSEN;2
Unclassified;CHANGING;4
Unclassified;X;11
Unclassified;CONSIDERATIONS;2
Unclassified;CONSIDERED;12
