Operators;;436
Operators;BINDING;4
Operators;SUBJECT;36
Operators;BALANCES;1
Operators;INVOLVING;4
Operators;MINIMISE;2
Operators;NOTABLY;4
Operators;RESULTING;5
Operators;EQUALITY;1
Operators;EXEMPTED;2
Operators;RESTRICTIONS;5
Operators;CONNECTION;2
Operators;FUNCTIONING;7
Operators;ACTUALLY;5
Operators;RELY;5
Operators;CLEARLY;4
Operators;NORMALLY;2
Operators;FOR;562
Operators;CONNECT;1
Operators;TIMELY;1
Operators;APART;2
Operators;REGULATORY;159
Operators;CALCULATIONS;5
Operators;DENY;1
Operators;COMPLY;13
Operators;FREQUENTLY;1
Operators;INCREASING;3
Operators;ENSURE;39
Operators;EXCLUDE;1
Operators;EXIST;6
Operators;CHALLENGING;2
Operators;DEDICATED;7
Operators;DECREASE;6
Operators;APPROVAL;2
Operators;SYSTEMICALLY;2
Operators;&;4
Operators;IDENTIFYING;1
Operators;UNDERMINING;1
Operators;COVERED;37
Operators;SPECIFIED;3
Operators;ENSURING;6
Operators;QUICKLY;3
Operators;LIKE;5
Operators;EVOLVING;1
Operators;SINCE;7
Operators;GAPS;4
Operators;TOP;2
Operators;SEEKS;1
Operators;AFTER;10
Operators;INFORM;3
Operators;PARTICULARLY;6
Operators;POTENTIALLY;21
Operators;NOT;227
Operators;IMPLEMENT;3
Operators;LASTLY;2
Operators;MEANS;38
Operators;COMBINED;3
Operators;MAINTAINING;4
Operators;RECOMMENDATION;2
Operators;LACK;30
Operators;RECENTLY;4
Operators;AGGREGATED;1
Operators;COMPRISES;1
Operators;SIMPLY;1
Operators;INCLUDED;5
Operators;IMPOSED;12
Operators;FURTHER;20
Operators;SHIFTING;2
Operators;ALTERNATIVE;12
Operators;FACILITATING;3
Operators;HOLDS;3
Operators;GREATEST;1
Operators;NEED;37
Operators;COMBINATION;5
Operators;EXISTS;1
Operators;CONCERNED;1
Operators;ANALYSING;1
Operators;EXTENDING;2
Operators;RATHER;12
Operators;ALTOGETHER;1
Operators;SEEMS;1
Operators;MANDATED;1
Operators;ELIMINATE;3
Operators;RECEIVE;3
Operators;MOVEMENT;1
Operators;EVALUATE;2
Operators;LIMITATION;2
Operators;SINGLE;36
Operators;RELATION;12
Operators;EQUIVALENT;7
Operators;IDENTIFIED;10
Operators;REGARDLESS;1
Operators;ADOPTED;7
Operators;THEN;9
Operators;ATTRIBUTABLE;2
Operators;DEFINITION;31
Operators;ADDITIONALLY;4
Operators;OTHERS;13
Operators;ASSOCIATED;8
Operators;PARTIALLY;3
Operators;INSTANCES;2
Operators;ASSUMPTIONS;2
Operators;TREATMENT;6
Operators;ENTIRE;4
Operators;COMPUTATIONS;1
Operators;MANAGING;3
Operators;REFERRED;5
Operators;DESPITE;6
Operators;DIFFER;8
Operators;TESTS;1
Operators;CONSEQUENTLY;1
Operators;MAXIMUM;2
Operators;NEWLY;4
Operators;ADDED;4
Operators;X;1
Operators;IDENTIFICATION;5
Operators;INCLUDES;7
Operators;NEGATIVE;11
Operators;REFLECTED;3
Operators;INCLUSION;6
Operators;RELATIONSHIP;1
Operators;DERIVE;1
Operators;SUBSEQUENTLY;1
Operators;CONSTITUTES;7
Operators;FULFIL;1
Operators;SETTING;2
Operators;PREVENTING;1
Operators;MINIMUM;4
Operators;NEXT;5
Operators;RESULTS;10
Operators;CONSTITUTE;2
Operators;QUANTIFIED;1
Operators;DISTINCTION;7
Operators;REQUIRED;19
Operators;ADEQUATELY;6
Operators;COLLECTIVELY;2
Operators;LOWER;23
Operators;ALIKE;1
Operators;RELATE;2
Operators;NEVERTHELESS;4
Operators;DISTINCT;1
Operators;PROXY;1
Operators;AMENDING;1
Operators;DIFFERENT;43
Operators;GRANTED;4
Operators;GRANTING;3
Operators;SPECIFYING;1
Operators;COMPUTE;1
Operators;USING;16
Operators;APPROPRIATELY;1
Operators;ACCORDANCE;1
Operators;BECAUSE;7
Operators;EXPLAIN;1
Operators;ENFORCEMENT;7
Operators;CIRCUMSTANCES;4
Operators;DUPLICATIVE;1
Operators;RELATIVE;3
Operators;CONFIRMATION;1
Operators;ASSESSMENT;31
Operators;ALLOW;35
Operators;IMPEDING;1
Operators;SUPERVISORY;42
Operators;WHEREAS;6
Operators;DETERMINE;4
Operators;NOR;2
Operators;GREATER;1
Operators;ENFORCE;3
Operators;THEREBY;7
Operators;DIRECTLY;8
Operators;INTENDED;1
Operators;APPLIED;11
Operators;CONCERNING;2
Operators;REDUCING;11
Operators;ADJUSTED;1
Operators;MEET;15
Operators;RECOGNISING;1
Operators;RAISED;36
Operators;HENCE;2
Operators;REQUESTED;1
Operators;OTHERWISE;3
Operators;REFERS;1
Operators;DEPEND;15
Operators;ASSUMING;3
Operators;INCORPORATED;1
Operators;EQUALLY;6
Operators;CONFIRMED;2
Operators;WANT;4
Operators;INVOLVES;1
Operators;ADDITION;17
Operators;LIKELY;19
Operators;ASSESS;6
Operators;PREVENT;17
Operators;COLLECTIVE;4
Operators;INDICATE;2
Operators;ESTIMATED;36
Operators;SPECIFIC;52
Operators;WIDELY;8
Operators;ALLOWS;6
Operators;APPLY;30
Operators;AGREED;2
Operators;REQUIREMENTS;116
Operators;MANDATE;7
Operators;LIKEWISE;2
Operators;ESSENTIALLY;1
Operators;RECEIVING;1
Operators;COMPRISE;1
Operators;REQUIRE;23
Operators;DIFFERENCE;4
Operators;TECHNOLOGICALLY;3
Operators;REGULARLY;1
Operators;ACCEPTED;8
Operators;REPRESENTED;5
Operators;REQUESTS;3
Operators;REGARDING;6
Operators;ESTABLISHED;14
Operators;IDENTIFY;6
Operators;FACTORS;10
Operators;DEFINES;3
Operators;DIFFERENCES;3
Operators;REGULATION;66
Operators;ESPECIALLY;21
Operators;EXEMPTIONS;2
Operators;RESPECTIVELY;2
Operators;COVER;11
Operators;SUM;1
Operators;BECAME;1
Operators;*;1
Operators;EMERGING;3
Operators;MAY;113
Operators;INCREASE;16
Operators;PROVIDE;54
Operators;AVERAGE;11
Operators;LAY;1
Operators;SPECIFY;2
Operators;DETERMINES;2
Operators;LIMIT;13
Operators;ADD;1
Operators;PAYING;1
Operators;KEPT;3
Operators;LEGALLY;3
Operators;INCORPORATING;1
Operators;WAS;26
Operators;LIMITS;3
Operators;IMPOSE;10
Operators;PRIMARILY;4
Operators;REMAIN;14
Operators;DECLINE;3
Operators;TESTED;1
Operators;ADDITIONAL;31
Operators;REQUIRES;7
Operators;TREATED;2
Operators;COMPLEMENT;6
Operators;QUALIFY;45
Operators;SHIFT;1
Operators;REFERENCES;1
Operators;INVOLVED;5
Operators;IF;65
Operators;CONTINUE;2
Operators;SATISFY;2
Operators;EXISTING;82
Operators;EVENTUALLY;2
Operators;TRYING;1
Operators;RULE;2
Operators;SPECIFICALLY;4
Operators;ADOPTION;9
Operators;COLLECT;1
Operators;IMPLEMENTED;6
Operators;DEPENDING;19
Operators;SHARING;1
Operators;ACCORDINGLY;3
Operators;ADVERTISING;3
Operators;COMPARABLE;4
Operators;SPECIFICITIES;1
Operators;COMPARABLY;3
Operators;PREVIOUSLY;2
Operators;REGULATED;36
Operators;CONVERSION;1
Operators;SEEM;3
Operators;CORRESPONDING;1
Operators;PERFORMING;1
Operators;WERE;19
Operators;FRACTION;2
Operators;ALSO;190
Operators;MANDATORY;11
Operators;THOUGH;1
Operators;DECREASED;3
Operators;ASSUMED;1
Operators;NAMELY;2
Operators;WHILE;64
Operators;CURRENTLY;48
Operators;INTEGRATED;2
Operators;SECOND;14
Operators;DETERMINED;1
Operators;BEFORE;5
Operators;YET;5
Operators;CONTINUOUSLY;1
Operators;RESEMBLE;1
Operators;REQUEST;1
Operators;ESTABLISHING;1
Operators;AND;1311
Operators;SEPARATELY;2
Operators;INTEGRATE;1
Operators;PROCESSING;3
Operators;HOW;43
Operators;REGULATIONS;4
Operators;ASSESSED;4
Operators;CLOSELY;2
Operators;LIMITING;10
Operators;SUPERVISED;2
Operators;SIMILAR;19
Operators;CLASSIFYING;1
Operators;AVOIDS;1
Operators;TESTING;4
Operators;ONLY;38
Operators;NEEDED;9
Operators;+;29
Operators;ALLOWED;5
Operators;ARISING;6
Operators;MITIGATE;7
Operators;INDICATORS;5
Operators;QUANTITATIVE;1
Operators;REMOVE;6
Operators;INCORPORATE;1
Operators;SEEK;4
Operators;ALWAYS;3
Operators;ADDING;1
Operators;ENSURES;1
Operators;WHOLE;2
Operators;SUPERVISION;17
Operators;REQUIREMENT;10
Operators;APPROVED;1
Operators;MOREOVER;2
Operators;SMALLER;2
Operators;SIGNIFICANTLY;5
Operators;RESTRICT;1
Operators;TECHNICALLY;2
Operators;UNDERSTOOD;1
Operators;INSTEAD;1
Operators;REGARDS;14
Operators;FALLS;2
Operators;THUS;10
Operators;DEPENDS;4
Operators;LIMITED;37
Operators;COOPERATE;1
Operators;EQUAL;3
Operators;FIRST;17
Operators;PROPERLY;3
Operators;AND/OR;29
Operators;ENGAGE;7
Operators;REFLECTS;1
Operators;MULTIPLE;8
Operators;STOP;2
Operators;COMBINE;2
Operators;ESTIMATES;8
Operators;REPRESENT;5
Operators;INCLUSIVE;3
Operators;ALLOWING;6
Operators;AVOID;13
Operators;RESPECTIVE;7
Operators;TEST;2
Operators;NEEDS;5
Operators;CONSIST;1
Operators;HOWEVER;75
Operators;STILL;23
Operators;CANNOT;7
Operators;PERFORM;1
Operators;RESPONDING;1
Operators;DEEMED;1
Operators;UNDERLYING;11
Operators;REGULATORS;5
Operators;SAME;35
Operators;FACILITATE;14
Operators;SO;6
Operators;IMPLIES;1
Operators;OBTAIN;3
Operators;REPORTING;14
Operators;ALLOCATION;1
Operators;UNIQUE;1
Operators;OR;287
Operators;TOTAL;9
Operators;OBLIGATIONS;12
Operators;RESPECT;3
Operators;ULTIMATELY;4
Operators;ACCORDING;11
Operators;NECESSARILY;2
Operators;ADOPT;4
Operators;ENTAIL;6
Operators;ETC;7
Operators;TOGETHER;4
Operators;DEFINE;3
Operators;COMPUTING;2
Operators;CONDITIONS;15
Operators;REPLICATE;3
Operators;EFFECTIVELY;9
Operators;COMPARED;31
Operators;PROVIDED;14
Operators;ENABLING;6
Operators;EITHER;16
Operators;INITIALLY;1
Operators;SAY;1
Operators;REGULATE;6
Operators;STEMMING;6
Operators;ASSUMES;5
Operators;CASEBYCASE;1
Operators;CONCERN;7
Operators;IMPLEMENTING;1
Operators;MAINLY;8
Operators;UNLESS;1
Operators;SUFFICIENTLY;3
Operators;IE;28
Operators;DEFINITIONS;8
Operators;EXCEED;3
Operators;DETERMINING;2
Operators;PREVIOUS;1
Operators;FALL;22
Operators;PROVIDES;12
Operators;FULLY;14
Operators;EG;58
Operators;RETURNS;1
Operators;RELATIVELY;22
Operators;REDUCTIONS;1
Operators;INCREASES;1
Operators;DEFINED;11
Operators;IMPLEMENTATION;5
Operators;SIMILARLY;3
Operators;LEADING;5
Operators;DELIVER;4
Operators;DETERMINANTS;1
Operators;CONFIRM;1
Operators;NEARLY;2
Operators;MAINTAIN;5
Operators;LEAST;7
Operators;BUT;26
Operators;VERIFIED;2
Operators;CONCERNS;14
Operators;DEPENDENCE;1
Operators;EVEN;14
Operators;ENHANCING;2
Operators;THRESHOLD;2
Operators;MINIMAL;2
Operators;PRE;1
Operators;REGARD;2
Operators;SEPARATE;4
Operators;RECOMMENDATIONS;14
Operators;INCLUDE;14
Operators;RESULT;8
Operators;ESTIMATE;10
Operators;ADJUST;3
Operators;RAISE;18
Operators;DIVIDED;1
Operators;POSITIVE;12
Operators;OVERALL;12
Operators;CALCULATE;2
Operators;SWITCH;1
Operators;EXCESS;1
Operators;ORIGINALLY;1
Operators;RETURN;3
Operators;REQUIRING;5
Operators;INCLUDING;49
Operators;EQUIVALENCE;1
Operators;SUBSTANTIALLY;3
Operators;THEREFORE;42
Operators;TYPICALLY;9
Operators;SECONDLY;2
Operators;REMAINS;9
Operators;CASES;18
Operators;SET;26
Operators;CONDUCTING;2
Operators;SUBDIVISION;1
Operators;CASE;21
Operators;APPLIES;18
Operators;ACQUIRE;1
Operators;PAR;5
Operators;ILLUSTRATING;1
Operators;ESTABLISH;5
Operators;SUITABLE;1
Operators;WHY;2
Operators;APPLYING;19
Operators;IMPROVE;12
Operators;REDUCE;18
Operators;ESTABLISHES;1
Operators;AMENDED;2
Operators;DELIVERING;3
Operators;MITIGATING;5
Operators;FURTHERMORE;27
Operators;PRESCRIBE;1
Operators;INSTANCE;41
Operators;BALANCE;2
Operators;OUTWEIGH;2
Operators;PROHIBITION;1
Operators;PROPORTIONALITY;2
Operators;ALTHOUGH;2
Operators;REDUCED;9
Operators;TOO;3
Operators;REPRESENTS;5
Operators;AS;431
Operators;SHALL;2
Operands;;436
Operands;COLLECTED;3
Operands;THANKS;1
Operands;COMPATIBILITY;1
Operands;34;3
Operands;DEFAULT;1
Operands;ARGUED;2
Operands;POWER;5
Operands;INTRODUCTION;4
Operands;VARIATIONS;3
Operands;DGS;1
Operands;DISPLAY;1
Operands;35;3
Operands;83;1
Operands;INTENT;1
Operands;PREPAREDNESS;2
Operands;OPERATIONS;8
Operands;LEVIED;1
Operands;COMMISSION’S;10
Operands;ANTE;1
Operands;RETAIL;9
Operands;ENGAGEMENT;2
Operands;BURDENSOME;2
Operands;RELIABLE;7
Operands;EFFECTIVENESS;5
Operands;BREACH;1
Operands;OUTLINED;1
Operands;OPPOSED;2
Operands;2019;43
Operands;DRAFT;3
Operands;SPECIAL;1
Operands;DIVERGENT;6
Operands;RESEARCH;2
Operands;89;1
Operands;AREAS;16
Operands;NETWORK;24
Operands;FORCE;4
Operands;EXPERT;2
Operands;SUFFER;3
Operands;HIGHRISK;1
Operands;MARKETING;2
Operands;CONSISTENTLY;1
Operands;TRADE;18
Operands;AFFECT;5
Operands;INTERACTIONS;2
Operands;CHARACTERISTICS;5
Operands;GROWTH;5
Operands;PROPOSED;7
Operands;RISK;39
Operands;255;1
Operands;GENERATE;2
Operands;JURISDICTION;4
Operands;DISCLOSURE;20
Operands;68;2
Operands;QUALITY;5
Operands;COMPLEX;9
Operands;22;5
Operands;COOPERATION;7
Operands;ATTACHED;8
Operands;MODEST;1
Operands;HARD;2
Operands;UNDERSTANDING;2
Operands;MAIN;14
Operands;MINORITY;1
Operands;AUTHORITIES;10
Operands;HUNGARY;1
Operands;TOOL;1
Operands;AVAILABLE;10
Operands;OPTIONAL;4
Operands;ENTERPRISE;1
Operands;COST;31
Operands;COORDINATION;4
Operands;INTENTION;3
Operands;ACCURACY;3
Operands;DIFFICULTIES;1
Operands;BROKERDEALERS;1
Operands;TRANSPARENT;5
Operands;COMMUNITY;2
Operands;STABILITY;72
Operands;X;1
Operands;HIGH;21
Operands;ENTER;1
Operands;HELP;8
Operands;SPONSOR;3
Operands;TRANSPARENCY;15
Operands;DISRUPTIONS;1
Operands;CAPABILITIES;1
Operands;PRESSURES;1
Operands;SAFEGUARD;1
Operands;DIFFICULTY;3
Operands;BUILDS;1
Operands;SYSTEM;19
Operands;TARGET;2
Operands;REALISE;3
Operands;TIMES;3
Operands;EXPECTED;14
Operands;VOLUNTARY;3
Operands;UNBANKED;1
Operands;INTERACTION;1
Operands;RATE;6
Operands;SMALL;21
Operands;CROATIA;1
Operands;CURRENT;29
Operands;RELIEF;1
Operands;STRESS;4
Operands;NECESSARY;16
Operands;VIEWED;1
Operands;DISPARITIES;2
Operands;BASELINE;17
Operands;CONSISTENT;4
Operands;PAYMENTS;33
Operands;VERIFICATION;3
Operands;SOLUTIONS;8
Operands;HIGHLY;6
Operands;INFORMATION;54
Operands;ELEMENTS;2
Operands;NATIONAL;69
Operands;BRANCH;3
Operands;ACCOUNTING;1
Operands;RESPONSIBILITIES;1
Operands;DIRECTED;2
Operands;ADMINISTRATIVE;2
Operands;FRAMEWORKS;4
Operands;OPERATIONAL;30
Operands;RELIES;1
Operands;FORWARD;4
Operands;LEGITIMATE;1
Operands;PRESERVE;5
Operands;EXEMPTIONS;2
Operands;UNDERTAKING;4
Operands;CLOSE;3
Operands;SUMMARISED;1
Operands;BECOME;19
Operands;VOLATILITY;10
Operands;ACHIEVE;4
Operands;AUTHORISATION;15
Operands;POLICY;54
Operands;FUNCTIONS;15
Operands;CYCLES;1
Operands;NONRECURRING;2
Operands;SYSTEMIC;5
Operands;PREPARED;2
Operands;SIMPLIFICATION;1
Operands;INVESTOR;37
Operands;11;8
Operands;ACCOUNTED;1
Operands;ADEQUATE;11
Operands;ENTRY;5
Operands;18;6
Operands;INTERMEDIATION;4
Operands;ASSESSMENTS;3
Operands;DISCUSSED;2
Operands;CHARGE;4
Operands;JOINTLY;1
Operands;STATEMENT;4
Operands;211;1
Operands;COMPLIANCE;40
Operands;CONTRIBUTE;5
Operands;OUTCOMES;2
Operands;OBSERVED;1
Operands;COVERS;1
Operands;SITUATION;4
Operands;ENABLES;1
Operands;PLAN;12
Operands;3;48
Operands;CREATING;11
Operands;REVENUES;2
Operands;IMPACTED;1
Operands;FACE;11
Operands;8;9
Operands;46;1
Operands;OWNERSHIP;7
Operands;SUBSTANCE;1
Operands;FACILITIES;1
Operands;ADVERSE;1
Operands;RESILIENCE;7
Operands;STRICT;3
Operands;77;3
Operands;ERRORS;5
Operands;NORWAY;2
Operands;WISH;1
Operands;NATURE;21
Operands;LIABILITY;3
Operands;COMMON;13
Operands;LEGISLATIVE;27
Operands;FIRM;11
Operands;SAID;2
Operands;ECONOMIES;4
Operands;FUNDING;19
Operands;STAGE;11
Operands;COMMUNICATION;5
Operands;PRICING;1
Operands;ACCOMPANIED;1
Operands;GROUP;24
Operands;OPTIONS;64
Operands;SUPERVISION;17
Operands;DEBT;1
Operands;ENVIRONMENT;13
Operands;CAPITAL;36
Operands;FACED;3
Operands;AGE;4
Operands;APPRECIATION;1
Operands;TRANSITION;1
Operands;INTERESTS;1
Operands;DEVELOP;13
Operands;DEVELOPMENTS;11
Operands;CREATED;3
Operands;ADMINISTRATIONS;2
Operands;EFFICIENCIES;2
Operands;ADAPT;1
Operands;CONFLICTS;6
Operands;ARBITRAGE;22
Operands;CEASE;2
Operands;ACCOUNTABLE;4
Operands;AUSTRALIA;1
Operands;UNDERWAY;1
Operands;SPLIT;2
Operands;JUSTICE;1
Operands;25;4
Operands;CONSTRAINTS;2
Operands;RIGHT;4
Operands;ENCOURAGE;1
Operands;SETTLEMENT;52
Operands;EXTREME;3
Operands;UNITED;2
Operands;71;2
Operands;BEHAVIOUR;1
Operands;MOVEMENTS;1
Operands;INDIVIDUAL;6
Operands;STOCK;2
Operands;LANDSCAPE;3
Operands;EXPERIENCE;7
Operands;BRANCHING;1
Operands;EFFECTIVE;9
Operands;DRAW;1
Operands;ABLE;16
Operands;EARN;1
Operands;LOAN;1
Operands;PROCESSES;11
Operands;PRACTICES;4
Operands;PROVIDERS’;1
Operands;FIGURES;6
Operands;HARMONISE;2
Operands;FAILURES;3
Operands;FEATURES;13
Operands;FAR;4
Operands;CONVERGENCE;6
Operands;FACILITY;7
Operands;PRESENCE;4
Operands;ROLES;3
Operands;PREPARATION;1
Operands;9;8
Operands;ACTIVITY;11
Operands;ANTITRUST;1
Operands;STANDARDISED;2
Operands;CROSSBORDER;29
Operands;ESSENTIAL;4
Operands;EXPECTATIONS;1
Operands;INCIDENT;2
Operands;ILLEGAL;1
Operands;FOLLOWED;1
Operands;PRIOR;2
Operands;OFFSET;1
Operands;TARGETS;2
Operands;ONGOING;12
Operands;POOL;1
Operands;FUND;9
Operands;LEVELS;3
Operands;COMPANY;5
Operands;SHARES;8
Operands;FEASIBLE;1
Operands;MANIPULATION;7
Operands;DOWNSIDE;2
Operands;INCIDENTS;2
Operands;AMENDMENTS;22
Operands;DEMONSTRATE;2
Operands;MARKETS;72
Operands;UNITS;1
Operands;DEFINED;11
Operands;CENTRALISED;10
Operands;TRANSACTIONS;56
Operands;RECENT;6
Operands;APRIL;6
Operands;ONEOFF;11
Operands;TANGIBLE;2
Operands;AUTHORITY;21
Operands;TECHNICAL;11
Operands;BODY;5
Operands;GUIDANCE;17
Operands;CONTROLLED;1
Operands;BILLION;26
Operands;WORLD;5
Operands;AMOUNTS;10
Operands;MARGINAL;1
Operands;ACTUAL;7
Operands;CUMBERSOME;1
Operands;PRESIDENT;2
Operands;BENEFITS;45
Operands;PRINCIPLE;7
Operands;TREATY;1
Operands;SUMMARY;7
Operands;OPERATING;16
Operands;BELGIUM;2
Operands;CUSTOMER;4
Operands;REMAINING;1
Operands;65;1
Operands;BUSINESS;40
Operands;75;2
Operands;POLICIES;1
Operands;TYPE;34
Operands;SUPERVISORS;15
Operands;AGENCIES;1
Operands;58;1
Operands;12;15
Operands;RESPONSE;3
Operands;FIT;9
Operands;INDEPENDENT;1
Operands;55;2
Operands;PLAYING;8
Operands;27;4
Operands;PURE;1
Operands;BEAR;4
Operands;MONEY;39
Operands;MANUAL;1
Operands;HISTORICALLY;1
Operands;CRUCIAL;2
Operands;EVENT;4
Operands;CASH;8
Operands;SITUATIONS;2
Operands;RELIED;2
Operands;EXCHANGES;29
Operands;OBJECTIVES;15
Operands;PRUDENTIAL;2
Operands;USED;34
Operands;SIZE;13
Operands;DECIDE;8
Operands;MARGINS;3
Operands;19;11
Operands;CLASSIFICATION;15
Operands;YIELDS;1
Operands;RISKBASED;4
Operands;FINTECH;23
Operands;HELD;13
Operands;INFLUENCE;1
Operands;CONDUCTED;3
Operands;ROBUST;2
Operands;HIGHER;13
Operands;WELCOME;1
Operands;PRODUCTS;4
Operands;49;2
Operands;BROADLY;3
Operands;AREA;18
Operands;QUALIFICATION;6
Operands;DELIVERED;1
Operands;16;7
Operands;CONCENTRATION;1
Operands;UNDERSTAND;5
Operands;CONCEPT;1
Operands;POOLS;1
Operands;LISTED;2
Operands;PURPOSE;15
Operands;DOCUMENTS;1
Operands;PARTICIPATE;5
Operands;33;4
Operands;REGISTER;2
Operands;51;3
Operands;EU;317
Operands;COMMITMENT;3
Operands;CROWDFUNDING;3
Operands;VIEW;4
Operands;INCREASED;13
Operands;36;1
Operands;CATEGORY;15
Operands;32;6
Operands;ECB;11
Operands;30;7
Operands;SCENARIOS;1
Operands;94;1
Operands;BULGARIA;1
Operands;CSD;17
Operands;DERIVATIVES;3
Operands;SERVICES;155
Operands;ASSIST;2
Operands;COUNTRY;10
Operands;DEVELOPS;1
Operands;TRADING;137
Operands;MONITORING;13
Operands;PRIMARY;7
Operands;CORPORATE;2
Operands;CRITERIA;6
Operands;EXAMPLE;27
Operands;PARTNERS;1
Operands;VENTURE;6
Operands;SIXTH;1
Operands;14;7
Operands;GAINS;14
Operands;220;1
Operands;87;1
Operands;SAMPLE;1
Operands;69;1
Operands;APPROPRIATE;14
Operands;REGULAR;1
Operands;UNDERWRITING;1
Operands;BURDEN;1
Operands;SECURITIES;63
Operands;FORMULATED;1
Operands;ENTITLED;2
Operands;LENGTH;2
Operands;IMPROVING;1
Operands;ANNUAL;4
Operands;OBLIGATION;13
Operands;GEOGRAPHICAL;1
Operands;61;2
Operands;COMPLEXITY;6
Operands;EQUITY;7
Operands;SHEET;1
Operands;BEGINNING;1
Operands;MARKET;323
Operands;TRIGGER;2
Operands;CYBER;14
Operands;DISCREPANCIES;1
Operands;EXCHANGE;35
Operands;ORIGINAL;1
Operands;MOBILE;1
Operands;INFORMED;2
Operands;THIRDPARTY;1
Operands;CONCENTRATED;2
Operands;LOCALLY;1
Operands;ESMA;68
Operands;DISPOSE;1
Operands;NONCOMPLIANCE;2
Operands;SALES;2
Operands;DIFFICULT;13
Operands;SCALE;15
Operands;USD;2
Operands;TRANSACTION;24
Operands;IMPLICATIONS;15
Operands;AFFECTED;2
Operands;UK;4
Operands;DECISIONS;3
Operands;CONVENIENT;1
Operands;WEIGHTED;1
Operands;PROPONENTS;1
Operands;DIVERSIFYING;1
Operands;COMPOSITION;2
Operands;TACKLE;3
Operands;DESCRIBED;4
Operands;BASE;6
Operands;REGIMES;25
Operands;INVESTIGATIONS;2
Operands;DISINTERMEDIATION;1
Operands;OCTOBER;9
Operands;MARGIN;1
Operands;MEMBER;67
Operands;1095/2010;1
Operands;ENSURED;4
Operands;BENEFIT;18
Operands;ENTRUSTED;1
Operands;DEVELOPING;2
Operands;5000;1
Operands;DOMESTIC;8
Operands;BASIS;24
Operands;ENHANCED;5
Operands;INSTITUTION;3
Operands;2018;33
Operands;CLASSIFIED;1
Operands;CRIMINAL;2
Operands;REASONS;3
Operands;QUESTIONS;10
Operands;POWERS;1
Operands;CAUSE;2
Operands;LONGER;6
Operands;USES;2
Operands;COMPETING;3
Operands;DEVELOPED;13
Operands;ATTENTION;1
Operands;CLOUD;2
Operands;TFEU;5
Operands;COMPENSATION;1
Operands;200;1
Operands;HOLDING;5
Operands;DIRECTIVE;35
Operands;PENETRATION;1
Operands;FEE;6
Operands;EUROPEAN;50
Operands;RELIABILITY;3
Operands;CLARITY;27
Operands;VARIETY;2
Operands;SCOPE;30
Operands;EXPRESSED;1
Operands;10;13
Operands;FINANCING;29
Operands;64;1
Operands;VARIES;2
Operands;PHYSICAL;2
Operands;DELEGATED;2
Operands;DG;48
Operands;REDUNDANT;1
Operands;THEORY;1
Operands;STUDIES;1
Operands;WELL;19
Operands;CANADA;2
Operands;70;2
Operands;EARLY;6
Operands;FEEDBACK;2
Operands;LOW;16
Operands;PUT;13
Operands;TRANSFER;8
Operands;INCURRING;1
Operands;EVALUATION;1
Operands;CONTROLS;1
Operands;SUPERVISED;2
Operands;DETAILED;4
Operands;PURCHASING;3
Operands;RECOVERING;1
Operands;PRESSURE;2
Operands;TECHNIQUES;3
Operands;PRIORITY;1
Operands;SALE;3
Operands;US;4
Operands;USEFUL;2
Operands;VAST;2
Operands;RISKS;131
Operands;PREPARE;1
Operands;SELLERS;3
Operands;LEGISLATION;102
Operands;CLARIFICATION;1
Operands;INFRASTRUCTURES;37
Operands;NATURAL;10
Operands;OPERATION;7
Operands;EXAMPLES;2
Operands;PUBLICLY;2
Operands;PLANNING;4
Operands;INVESTORS;46
Operands;1;74
Operands;ILLIQUID;4
Operands;ENGAGED;1
Operands;EXPLAINED;2
Operands;WRITTEN;1
Operands;PURCHASE;5
Operands;LEVERAGE;2
Operands;EXTENSIVE;2
Operands;500;2
Operands;FOSTER;6
Operands;EXPOSURE;2
Operands;REGIONS;1
Operands;ABILITY;3
Operands;CONSULTED;1
Operands;FORUM;5
Operands;DEALING;5
Operands;CERTAINTY;18
Operands;SUPPLY;1
Operands;DESIGN;4
Operands;EMPOWERED;2
Operands;LINKED;6
Operands;OVERSTATED;2
Operands;RULES;83
Operands;TAILORED;1
Operands;REVENUE;3
Operands;DESIGNS;1
Operands;PRIVATE;17
Operands;STRUCTURE;3
Operands;COSTS;143
Operands;SCHEME;1
Operands;BUILT;4
Operands;SHORTTERM;5
Operands;INITIATIVE;23
Operands;BREACHES;1
Operands;UNCERTAINTY;12
Operands;REACH;12
Operands;CYCLE;1
Operands;GEOGRAPHIC;1
Operands;PRINCIPLES;4
Operands;DISTORTIONS;1
Operands;BANKING;8
Operands;SUPPORTED;5
Operands;TRUSTED;5
Operands;62;1
Operands;OVERVIEW;6
Operands;STAKEHOLDERS;24
Operands;85;2
Operands;42;7
Operands;ADVISORY;1
Operands;EASY;2
Operands;DISPROPORTIONATE;1
Operands;PRACTICE;4
Operands;REACHED;2
Operands;WORK;13
Operands;SECRETARIAT;6
Operands;LIQUIDITY;17
Operands;43;2
Operands;LEGACY;5
Operands;CAPACITY;3
Operands;INITIAL;34
Operands;SOUND;1
Operands;OFFERING;14
Operands;ACCOUNT;14
Operands;FAIRNESS;1
Operands;PLANS;2
Operands;DIGITALISED;1
Operands;DETAILS;6
Operands;MANDATES;2
Operands;63;2
Operands;ACCOMMODATE;3
Operands;BROADER;6
Operands;20;6
Operands;ISSUES;33
Operands;FRANCE;12
Operands;PARTY;3
Operands;ANSWER;1
Operands;REWARD;3
Operands;LEAD;19
Operands;EURO;7
Operands;DETERMINANTS;1
Operands;INTELLECTUAL;2
Operands;2016;2
Operands;DUE;27
Operands;REPUBLIC;1
Operands;ADVICE;26
Operands;EFFECTS;6
Operands;INTENSITY;1
Operands;OUTSTANDING;5
Operands;BANKS;14
Operands;SAFEGUARDS;3
Operands;84;1
Operands;G7;10
Operands;OUTPUTS;1
Operands;EVOLUTION;1
Operands;INTERNAL;4
Operands;SOON;1
Operands;PARTS;6
Operands;PILLARS;1
Operands;PERSON;8
Operands;MATERIAL;2
Operands;DIGITAL;33
Operands;SOURCE;12
Operands;HARMONISATION;16
Operands;BUSINESSES;6
Operands;WITHDRAWAL;3
Operands;BOOK;1
Operands;54;3
Operands;JUSTIFIED;2
Operands;MONITOR;6
Operands;STORAGE;7
Operands;MEASURES;61
Operands;KEYS;11
Operands;IMPACTS;11
Operands;CONSUMERS;30
Operands;DELIVERY;3
Operands;DISCOUNT;1
Operands;BEST;2
Operands;ENTITY;15
Operands;BENCHMARKING;4
Operands;REVIEWED;1
Operands;CLARIFYING;2
Operands;ANNEX;29
Operands;ACCURATELY;1
Operands;BROUGHT;2
Operands;CURRENCY;22
Operands;CRISIS;1
Operands;UNABLE;2
Operands;PERFORMED;1
Operands;SOFTWARE;7
Operands;VERY;16
Operands;DISCLOSED;1
Operands;IMPACT;62
Operands;KEY;25
Operands;TURN;4
Operands;TRANSFERRED;4
Operands;DISRUPTION;3
Operands;UNLIKELY;7
Operands;INDIRECT;6
Operands;2017;11
Operands;PLACE;19
Operands;USERS;61
Operands;5;26
Operands;CONTINUOUS;3
Operands;INTERNATIONAL;19
Operands;GAIN;4
Operands;ROLE;3
Operands;17;5
Operands;BASIC;2
Operands;PROFIT;3
Operands;FORESEEABLE;1
Operands;CREDIT;5
Operands;MAGNITUDE;4
Operands;CONTINUED;1
Operands;ABSENCE;14
Operands;GUARANTEES;1
Operands;GOVERNANCE;18
Operands;VEHICLE;1
Operands;CONFIDENTIAL;3
Operands;MIXED;1
Operands;COUNTRIES;16
Operands;INTERVENTION;1
Operands;SANCTIONS;1
Operands;CALL;1
Operands;DEMAND;5
Operands;COHERENT;7
Operands;41;1
Operands;SCRUTINY;4
Operands;STRONG;7
Operands;CONSOLIDATION;1
Operands;PERIODIC;5
Operands;IMPORTANT;20
Operands;MITIGATED;2
Operands;TECHNOLOGY;47
Operands;INTRODUCING;3
Operands;PARTIES;5
Operands;86;1
Operands;ADJUSTMENTS;2
Operands;BESPOKE;33
Operands;SERVICING;1
Operands;NA;3
Operands;PLATFORM;9
Operands;DIGITALISATION;2
Operands;FREE;2
Operands;CONFIDENCE;10
Operands;VOLATILE;1
Operands;UNDERTAKEN;1
Operands;TABLE;14
Operands;ACTIONS;9
Operands;ALIGN;1
Operands;LICENCE;2
Operands;BRINGING;7
Operands;GROSS;1
Operands;40;3
Operands;INCUR;1
Operands;CYBERATTACKS;2
Operands;MERGER;1
Operands;LEVEL;76
Operands;21;5
Operands;CLAIM;13
Operands;BROAD;4
Operands;RECONCILIATION;3
Operands;ALREADY;21
Operands;REVIEW;7
Operands;78;1
Operands;OPEN;4
Operands;EXECUTION;4
Operands;FLUCTUATIONS;3
Operands;ACTS;4
Operands;DEPENDENCY;1
Operands;PERSONS;6
Operands;BODIES;3
Operands;MOVEMENT;1
Operands;POINTED;2
Operands;PROVIDER;13
Operands;DELAY;1
Operands;ECONOMIC;8
Operands;REPUTATION;1
Operands;PURPOSES;5
Operands;GOOD;2
Operands;CIVIL;1
Operands;BREAKDOWN;2
Operands;DEPOSIT;3
Operands;MANAGE;2
Operands;ASPECT;2
Operands;ORDER;15
Operands;IDENTITY;1
Operands;HYBRID;7
Operands;INPUT;9
Operands;LOSSES;10
Operands;QUALITATIVE;2
Operands;DISTRIBUTED;32
Operands;REASON;1
Operands;COUNTERPARTY;10
Operands;KEEP;3
Operands;SERVICE;129
Operands;FAILURE;8
Operands;GLOBAL;70
Operands;ADVANTAGE;9
Operands;MODIFY;3
Operands;INTEGRITY;40
Operands;2009/110/EC;1
Operands;CONTROL;5
Operands;PRESSING;2
Operands;PURCHASES;1
Operands;INSTITUTIONAL;4
Operands;SEARCH;2
Operands;COMPLICATED;1
Operands;48;2
Operands;ISOLATION;1
Operands;IMPOSING;4
Operands;VENUES;5
Operands;YEARS;4
Operands;OPTION;154
Operands;CENTRAL;30
Operands;AGREE;2
Operands;PRICE;18
Operands;PUBLISH;4
Operands;PEOPLE;5
Operands;FUTURE;15
Operands;CORRELATION;1
Operands;IMPEDE;1
Operands;ENFORCEMENT;7
Operands;REFORMS;1
Operands;ADMINISTRATION;1
Operands;COMMITTEE;2
Operands;AMOUNT;18
Operands;STRENGTHEN;1
Operands;RUSSIA;1
Operands;6;12
Operands;ACT;8
Operands;REGISTRATION;2
Operands;USE;76
Operands;LICENSED;2
Operands;FOUND;4
Operands;PROMOTE;4
Operands;LAW;16
Operands;UPDATED;5
Operands;CARRYING;1
Operands;PRODUCE;4
Operands;CREATE;31
Operands;38;1
Operands;WORKING;19
Operands;ACCESS;26
Operands;TOKENS;195
Operands;ACCEPT;4
Operands;PRESENTED;9
Operands;CHALLENGES;16
Operands;INTELLIGENCE;2
Operands;CONTROVERSIAL;1
Operands;…;5
Operands;FORM;18
Operands;2014/65/EU;2
Operands;JOINT;3
Operands;WIDESPREAD;10
Operands;EIOPA;2
Operands;80;1
Operands;SOURCES;13
Operands;DEAL;2
Operands;140;1
Operands;PROGRAMME;2
Operands;PRACTICAL;2
Operands;DAMAGE;3
Operands;AVAILABILITY;1
Operands;SUCCESSFUL;5
Operands;INTERPRETATIONS;8
Operands;MEDIUM;5
Operands;PRESENT;12
Operands;AIM;4
Operands;ISSUED;29
Operands;GROUPS;2
Operands;APPLICATION;22
Operands;HIGHLIGHTED;4
Operands;CHINA;1
Operands;OUTPUT;2
Operands;LOCATIONS;2
Operands;2;88
Operands;CODE;5
Operands;TERM;13
Operands;ORGANISATIONAL;1
Operands;PROCESS;17
Operands;DIVERSE;1
Operands;ISSUERS;91
Operands;ICT;1
Operands;FACT;10
Operands;FIVE;3
Operands;MANNER;5
Operands;EQUITABLE;1
Operands;WEBSITE;1
Operands;DETER;1
Operands;RESOLUTION;1
Operands;ULTIMATE;1
Operands;198;2
Operands;COMPETENT;3
Operands;STEP;3
Operands;PROTECTION;64
Operands;SHOWN;2
Operands;RIGHTS;20
Operands;LATVIA;2
Operands;AGAIN;1
Operands;LITHUANIA;2
Operands;44;2
Operands;INTERPRETED;1
Operands;DESCRIPTION;7
Operands;53;1
Operands;EXPERIENCES;1
Operands;SYSTEMS;22
Operands;45;1
Operands;TRADED;15
Operands;PERSONAL;5
Operands;NOTES;1
Operands;FTE;3
Operands;SUFFICIENT;8
Operands;REPORTED;4
Operands;STRATEGIES;1
Operands;PILLAR;1
Operands;HARMONISED;8
Operands;VIEWS;3
Operands;PRODUCT;4
Operands;VOTING;1
Operands;MODIFICATION;3
Operands;INTERDEPENDENT;1
Operands;VERSION;4
Operands;PERSPECTIVE;4
Operands;STANDARD;1
Operands;OPPORTUNITIES;19
Operands;RELEVANT;15
Operands;DAY;2
Operands;PILOT;18
Operands;LAUNCH;7
Operands;KOREA;1
Operands;–;72
Operands;COMMERCIAL;2
Operands;GROUNDS;2
Operands;FORMATION;2
Operands;MODIFIED;2
Operands;CONSUMER;30
Operands;SIMPLIFY;1
Operands;PARTICIPANTS;51
Operands;PROPOSAL;5
Operands;AUTHORISED;23
Operands;59;2
Operands;DECISION;1
Operands;INNOVATIVE;12
Operands;WHOLESALE;3
Operands;LEAVES;1
Operands;CONCLUSION;1
Operands;HIGHEST;1
Operands;LOCAL;3
Operands;CONTRACTS;15
Operands;COMPETITION;21
Operands;VULNERABILITY;1
Operands;RANGE;27
Operands;LICENSE;7
Operands;OFTEN;10
Operands;STRATEGY;4
Operands;WIDE;4
Operands;POTENTIAL;64
Operands;WAY;28
Operands;ASSET;19
Operands;SAFE;8
Operands;PROVISIONS;22
Operands;SEPTEMBER;5
Operands;TERMS;37
Operands;WORLDWIDE;3
Operands;STATES;59
Operands;DESIGNED;3
Operands;ONLINE;2
Operands;GUARANTEE;4
Operands;LOCATED;6
Operands;BASED;33
Operands;ONES;5
Operands;90;1
Operands;EC;1
Operands;PROTECTED;5
Operands;COMPLETE;1
Operands;RECEIVED;3
Operands;SAFETY;1
Operands;MEDIAN;2
Operands;LEGAL;104
Operands;COMPETITIVE;7
Operands;POSITION;4
Operands;72;3
Operands;TAXATION;1
Operands;INTRODUCED;8
Operands;ENTAILS;1
Operands;FORMER;1
Operands;PARTICULAR;39
Operands;REFLECT;2
Operands;CLASSIFY;1
Operands;ADVANTAGES;10
Operands;STAGES;1
Operands;RESOLVED;1
Operands;13;1
Operands;SEGMENT;2
Operands;LIST;7
Operands;FINAL;6
Operands;SOCALLED;4
Operands;PENALTIES;1
Operands;DECENTRALISED;18
Operands;FULL;20
Operands;STRESSED;2
Operands;ENGAGES;1
Operands;SOLID;1
Operands;ENABLE;25
Operands;NUMBER;53
Operands;PROVISION;13
Operands;CONTINGENCY;2
Operands;SUFFICE;1
Operands;INFRASTRUCTURE;37
Operands;IMPORTANCE;5
Operands;FIDUCIARY;1
Operands;PROFITABILITY;1
Operands;PROPOSALS;1
Operands;BEHAVIOURS;1
Operands;MEASURE;2
Operands;CATEGORIES;10
Operands;STATE;16
Operands;QUESTION;8
Operands;STUDY;17
Operands;EXTENT;5
Operands;OBSTACLES;10
Operands;INDEPTH;2
Operands;OWNED;1
Operands;39;2
Operands;OCCUPATIONAL;1
Operands;66;1
Operands;HANDFUL;1
Operands;OFFICIAL;2
Operands;THREATS;1
Operands;BONDS;8
Operands;ACKNOWLEDGING;2
Operands;APPROACHES;7
Operands;POINTS;3
Operands;ASIA;2
Operands;23;5
Operands;SEPA;2
Operands;GERMANY;12
Operands;2009/65/EC;1
Operands;REASONABLE;4
Operands;SIMPLE;1
Operands;OIL;1
Operands;BANK;29
Operands;CARRIED;6
Operands;ROMANIA;1
Operands;UNDUE;1
Operands;YEAR;10
Operands;MECHANISMS;8
Operands;FOCUSED;1
Operands;UNION’S;1
Operands;PURSUANT;1
Operands;73;1
Operands;LATTER;3
Operands;RESOURCES;3
Operands;APPLICATIONS;4
Operands;HEAVY;1
Operands;ENTITIES;32
Operands;WEAK;1
Operands;PROTECT;4
Operands;JURISDICTIONS;11
Operands;REPUTATIONAL;1
Operands;PRICES;4
Operands;KNOWLEDGE;1
Operands;INTEREST;20
Operands;CALLED;1
Operands;LONGTERM;1
Operands;CONSULT;1
Operands;BUDGET;1
Operands;STAKE;4
Operands;EUROPE;12
Operands;REPRESENTATIVES;5
Operands;CLEAR;10
Operands;ORGANISATIONS;2
Operands;ARRANGEMENT;21
Operands;PROCEDURES;6
Operands;2020;19
Operands;LARGE;16
Operands;COVERING;1
Operands;USUALLY;7
Operands;BRING;7
Operands;CONTEXT;21
Operands;REPORT;44
Operands;REGION;1
Operands;VARY;5
Operands;NONBANK;3
Operands;STARTUP;3
Operands;EVIDENCE;17
Operands;FRAMEWORK;101
Operands;OVERCOME;2
Operands;MODIFICATIONS;6
Operands;UN;1
Operands;ASSETS;101
Operands;BETTER;8
Operands;OCCUR;2
Operands;NEW;81
Operands;FAIR;6
Operands;CONSULTATION;22
Operands;MANAGEMENT;14
Operands;FEES;10
Operands;KNOWN;3
Operands;RECOVER;1
Operands;FULFILMENT;1
Operands;INSTRUMENT;15
Operands;4;28
Operands;PROLIFERATION;8
Operands;SUSTAINED;1
Operands;SWEDEN;1
Operands;LIFE;2
Operands;0;42
Operands;POINT;7
Operands;JULY;5
Operands;REAL;20
Operands;SPAIN;1
Operands;INSUFFICIENT;1
Operands;INTERMEDIARIES;15
Operands;DECEMBER;9
Operands;PROVIDING;23
Operands;HOME;6
Operands;INSURANCE;2
Operands;SECTION;12
Operands;TRUST;8
Operands;COORDINATED;2
Operands;LENDING;3
Operands;STARTING;1
Operands;SELL;6
Operands;57;1
Operands;26;5
Operands;SHARED;3
Operands;ASPECTS;4
Operands;METHOD;4
Operands;COMPONENTS;1
Operands;SOMETIMES;4
Operands;CONCLUSIONS;1
Operands;NOTED;2
Operands;ELECTRONIC;23
Operands;PROCEDURE;1
Operands;NOVEMBER;4
Operands;FORMAL;3
Operands;PROPER;3
Operands;ACTION;29
Operands;PROVIDER’S;1
Operands;SOLVE;3
Operands;SINGAPORE;1
Operands;INNOVATION;30
Operands;FRAUD;20
Operands;SENSITIVE;1
Operands;BOARD;10
Operands;FIGURE;21
Operands;OPERATED;1
Operands;THREAT;2
Operands;PERIOD;5
Operands;STEPS;2
Operands;SPENT;1
Operands;COEXISTENCE;1
Operands;OFFER;27
Operands;7;12
Operands;SFD;13
Operands;FORESEEN;2
Operands;PARLIAMENT;3
Operands;ADDRESS;29
Operands;ANALYSIS;12
Operands;PROVIDER’;1
Operands;29;5
Operands;TRILLION;2
Operands;COMMENTS;2
Operands;SOLUTION;1
Operands;REALISED;2
Operands;FEATURE;3
Operands;OWN;18
Operands;TREATMENT;6
Operands;SECTIONS;3
Operands;CONTRACT;7
Operands;MEMBERS;3
Operands;REGISTERED;3
Operands;CHECKS;1
Operands;STATEMENTS;1
Operands;UNCLEAR;3
Operands;HARDWARE;1
Operands;OPPORTUNITY;4
Operands;ADDRESSING;4
Operands;POLITICAL;7
Operands;NONGOVERNMENTAL;1
Operands;DATE;4
Operands;PLEASE;1
Operands;FINANCIAL;310
Operands;RECORDS;5
Operands;ADDRESSED;9
Operands;POSED;6
Operands;EXTERNAL;2
Operands;CAPTURE;3
Operands;END;2
Operands;CONFLICT;1
Operands;SUGGEST;7
Operands;REPORTS;7
Operands;OPERATORS;9
Operands;MULTILATERAL;3
Operands;INABILITY;1
Operands;TRANSFERS;6
Operands;CLIENTS;6
Operands;TOOLS;8
Operands;CONTINUITY;4
Operands;EEA;2
Operands;PORTUGAL;1
Operands;FACTS;1
Operands;SIGNIFICANT;21
Operands;RESPONSIBLE;3
Operands;60;2
Operands;ACTIVITIES;54
Operands;TIME;27
Operands;FLOW;3
Operands;LICENSING;6
Operands;REMOTELY;1
Operands;MILLION;20
Operands;EXTENDED;2
Operands;SUCCESS;4
Operands;COMPLETELY;2
Operands;CONSIDERABLE;2
Operands;FEDERAL;2
Operands;EMPLOYEES;2
Operands;APPROACH;43
Operands;ICELAND;1
Operands;PERIODS;1
Operands;PROBLEM;11
Operands;EFFICIENCY;22
Operands;RATES;6
Operands;MODELS;10
Operands;ENTERPRISES;2
Operands;ACCURATE;7
Operands;LOSS;2
Operands;POSE;10
Operands;MOVE;2
Operands;SECTOR;21
Operands;SUPPORTING;5
Operands;SUBSTANTIAL;6
Operands;CITIZENS;2
Operands;ARISE;6
Operands;JUST;8
Operands;PROPERTY;2
Operands;REGULATION;66
Operands;POSSIBILITY;11
Operands;PROFILES;1
Operands;FASTER;3
Operands;SCENARIO;18
Operands;CUSTOMERS;6
Operands;SLOVAKIA;1
Operands;FOLLOW;5
Operands;PROVEN;1
Operands;INITIATIVES;6
Operands;18000;1
Operands;BECOMES;8
Operands;REDEMPTION;7
Operands;FUNDAMENTAL;2
Operands;QUALIFIES;3
Operands;SUPPLEMENT;2
Operands;PERFORMANCE;2
Operands;DESIGNATED;1
Operands;CONTRACTUAL;5
Operands;IDIOSYNCRATIC;1
Operands;UPDATES;1
Operands;INSTRUMENTS;80
Operands;DISCUSSION;2
Operands;INSTITUTIONS;11
Operands;STABLE;8
Operands;FAVOUR;6
Operands;CARRY;6
Operands;LOCATION;3
Operands;COVID19;3
Operands;ESTONIA;1
Operands;ITALY;1
Operands;TASKS;1
Operands;FREEDOM;1
Operands;UNCHANGED;2
Operands;15;6
Operands;ACCOUNTS;4
Operands;THIRD;26
Operands;BELIEVE;13
Operands;TECHNOLOGIES;6
Operands;PROBLEMS;7
Operands;PRODUCTION;1
Operands;CLARIFY;2
Operands;FOCUS;2
Operands;CRYPTOASSETS;354
Operands;SHOW;2
Operands;DOCUMENT;21
Operands;JAPAN;1
Operands;AFFORDABLE;1
Operands;FIND;4
Operands;FINLAND;1
Operands;INDUSTRY;11
Operands;ENHANCE;4
Operands;FIELD;16
Operands;PERMANENT;3
Operands;EFFECT;7
Operands;DIVIDEND;2
Operands;DEPLOYMENT;5
Operands;37;3
Operands;INVESTMENT;47
Operands;SUPPORT;16
Operands;EASIER;2
Operands;CONSEQUENCES;1
Operands;DISPUTES;1
Operands;PROVIDERS;128
Operands;EUR;15
Operands;SWITZERLAND;2
Operands;POLAND;2
Operands;RELATED;47
Operands;POSSIBLE;21
Operands;TYPES;19
Operands;DEPOSITORIES;4
Operands;MET;3
Operands;FIXED;1
Operands;EXPLANATION;1
Operands;FINALLY;12
Operands;67;2
Operands;BUYERS;4
Operands;LARGER;5
Operands;74;2
Operands;ENVISAGED;22
Operands;ESTABLISHMENT;2
Operands;CHANNELS;7
Operands;TIMING;1
Operands;TECHNOLOGICAL;7
Operands;FOREIGN;2
Operands;TAX;5
Operands;SECTORS;3
Operands;COLLECTION;1
Operands;FINANCE;9
Operands;PENSIONS;1
Operands;SENSE;1
Operands;LISTING;2
Operands;NOTE;2
Operands;LEAVE;2
Operands;COMMISSION;67
Operands;SUGGESTS;2
Operands;ABUSE;23
Operands;DATA;24
Operands;MECHANISM;16
Operands;ISSUE;16
Operands;AGREEMENT;2
Operands;ECONOMY;7
Operands;FLOWS;5
Operands;SHARE;4
Operands;CHALLENGE;1
Operands;VULNERABILITIES;4
Operands;RISE;9
Operands;PROTOCOLS;2
Operands;TARGETED;18
Operands;KNOWHOW;1
Operands;AFRICA;1
Operands;EXIT;2
Operands;SKILLS;1
Operands;COMPREHENSIVE;7
Operands;TEMPORARY;2
Operands;INTERCONNECTED;1
Operands;IRELAND;1
Operands;SECURITY;118
Operands;76;1
Operands;SUBSEQUENT;1
Operands;PUBLIC;41
Operands;LONG;5
Operands;FUNCTION;8
Operands;EFFICIENT;9
Operands;PROGRESS;2
Operands;PROFESSIONAL;2
Operands;MAJOR;6
Operands;DIVIDENDS;1
Operands;CRYPTOASSET;146
Operands;47;1
Operands;STANDARDS;14
Operands;THREEYEAR;3
Operands;INVESTMENTS;6
Operands;IMPOSSIBLE;4
Operands;OVERSIGHT;3
Operands;DUTIES;1
Operands;PORTFOLIO;3
Operands;COMPANIES;20
Operands;RESPOND;1
Operands;OBJECTIVE;14
Operands;31;1
Operands;COMMODITIES;2
Operands;CREATION;20
Operands;DEGREE;13
Operands;FISCAL;1
Operands;LARGELY;7
Operands;HAND;1
Operands;WITHDRAW;1
Operands;DAMAGES;1
Operands;HOLDINGS;7
Operands;COUNCIL;6
Operands;BURDENS;1
Operands;COMMENSURATE;1
Operands;INTRODUCE;5
Operands;COMMONLY;3
Operands;MAJORITY;19
Operands;GREECE;1
Operands;DEVELOPMENT;25
Operands;SELLING;6
Operands;TRADITIONAL;28
Operands;SOLD;2
Operands;52;2
Operands;INCURRED;5
Operands;ARRANGEMENTS;26
Operands;EXPECT;2
Operands;LINE;3
Operands;VALUE;59
Operands;PUBLICATION;8
Operands;15000;1
Operands;STAFF;5
Operands;OPERATE;24
Operands;NETHERLANDS;1
Operands;24;6
Operands;EBA;20
Operands;RECOVERY;2
Operands;FIRMS;13
Operands;OBVIOUS;1
Operands;PROFILE;1
Operands;OECD;9
Operands;INTERMEDIARY;9
Operands;CONTRAST;10
Operands;MANAGERS;3
Operands;CONDUCT;8
Operands;COUNTERPARTIES;1
Operands;RECEIPT;4
Operands;ACTIVE;2
Operands;DIVERSIFICATION;2
Operands;PUBLISHED;13
Operands;ESAS;4
Operands;VARIABLE;1
Operands;LEVERAGING;4
Operands;APPLICANT;1
Operands;SITE;1
Operands;GUIDELINES;9
Operands;DIRECT;14
Other;;436
Other;3;49
Other;10;14
Other;BEEN;29
Other;OTHER;101
Other;SOMEONE;1
Other;INSIDE;3
Other;REQUIRED;19
Other;WERE;19
Other;EXCLUDING;1
Other;TWO;15
Other;NEAR;5
Other;WHILST;1
Other;PROVIDED;14
Other;ING;1
Other;COULD;222
Other;ANYONE;2
Other;A;820
Other;UNDER;147
Other;MOST;35
Other;9;9
Other;UPON;3
Other;THESE;65
Other;WILL;119
Other;THERE;45
Other;AN;169
Other;DURING;6
Other;ONCE;3
Other;WHEREVER;1
Other;FOR;562
Other;STANDARD;1
Other;W;1
Other;THEIR;112
Other;MUST;8
Other;WHETHER;23
Other;PART;6
Other;AGAINST;13
Other;THROUGHOUT;8
Other;4;29
Other;IE;28
Other;NO;32
Other;MANY;30
Other;0;43
Other;MUCH;6
Other;NONE;2
Other;6;13
Other;WHEN;42
Other;GIVING;6
Other;APPLICABLE;12
Other;IV;7
Other;DE;5
Other;RESTRICTION;2
Other;50;6
Other;IT;145
Other;ITSELF;3
Other;ORGANISATION;10
Other;LESS;15
Other;THREE;19
Other;FOLLOWING;10
Other;II;92
Other;ONTO;1
Other;EG;58
Other;THEMSELVES;3
Other;BY;336
Other;SEEN;2
Other;RESPECTING;1
Other;DO;24
Other;BETWEEN;50
Other;RELATING;3
Other;HAD;2
Other;SAVE;1
Other;FOUR;4
Other;PARTIES;5
Other;ARGUABLY;1
Other;THOSE;74
Other;VERSUS;2
Other;SIMILAR;19
Other;FEW;8
Other;HIS;2
Other;HE;1
Other;SEVERAL;26
Other;NOT;227
Other;EACH;9
Other;THEM;37
Other;ARE;304
Other;MORE;58
Other;OVER;17
Other;THIS;184
Other;ANY;45
Other;COME;3
Other;REGIME;107
Other;GET;2
Other;THAN;35
Other;LATER;3
Other;OFF;2
Other;HAS;57
Other;MIGHT;6
Other;ALL;61
Other;APPLY;30
Other;WE;2
Other;US;4
Other;OUR;1
Other;PROPORTIONATE;5
Other;RELATED;47
Other;ANOTHER;16
Other;ON;503
Other;III;11
Other;100;4
Other;BASE;6
Other;WHOLE;2
Other;WOULD;411
Other;PER;31
Other;IN;821
Other;E;1
Other;40;4
Other;TOWARDS;5
Other;THAT;444
Other;TAKING;1
Other;TO;1148
Other;THE;2541
Other;EU;317
Other;VIA;11
Other;GIVE;11
Other;ENOUGH;5
Other;TAKES;1
Other;GENERALLY;3
Other;BEYOND;12
Other;WHO;13
Other;PAYMENT;96
Other;PERSON;8
Other;MAKES;8
Other;INTO;27
Other;FUNDS;30
Other;MAKE;19
Other;GRANTS;1
Other;SOME;123
Other;FEWER;1
Other;DOING;1
Other;PRINCIPLE;7
Other;SHOULD;66
Other;1;75
Other;DONE;2
Other;DOES;22
Other;RECOMMENDATIONS;14
Other;/;10
Other;MODEL;13
Other;OF;1620
Other;NEITHER;2
Other;B;2
Other;MAY;113
Other;EVERY;1
Other;AMONG;15
Other;?;3
Other;GIVES;3
Other;VARIOUS;17
Other;WHERE;32
Other;75;3
Other;WAS;26
Other;25;5
Other;2;89
Other;GENERAL;16
Other;ITS;36
Other;OUT;30
Other;BACK;4
Other;UNION;5
Other;AT;129
Other;12;16
Other;PURPOSES;5
Other;TAKE;10
Other;CAN;136
Other;THEY;103
Other;ABOVE;11
Other;TAX;5
Other;24;7
Other;D;1
Other;SAVING;4
Other;REPORT;44
Other;I;25
Other;IS;282
Other;DID;2
Other;THROUGH;40
Other;CASE;21
Other;BEING;7
Other;MADE;4
Other;WHAT;21
Other;SAME;35
Other;HAVE;116
Other;UNTIL;1
Other;FAMILY;1
Other;DOWN;3
Other;C;4
Other;BE;392
Other;WITH;174
Other;FOLLOWS;4
Other;R;1
Other;HER;1
Other;GIVEN;42
Other;CITE;2
Other;FROM;140
Other;EXCEPT;4
Other;ARTICLE;24
Other;CONNECTED;1
Other;CONSIDER;10
Other;UP;15
Other;COSTS;143
Other;OUTSIDE;31
Other;TOOK;2
Other;ABOUT;17
Other;YOUR;4
Other;SUCH;126
Other;SEE;39
Other;5;27
Other;WITHOUT;29
Other;BELOW;6
Other;ONE;38
Other;AMONGST;1
Other;222;1
Other;HERE;1
Other;MAKING;8
Other;WITHIN;35
Other;56;2
Other;WHOSE;6
Other;ACROSS;28
Other;PAST;1
Other;PENALTIES;1
Other;REFERENCE;3
Other;TAKEN;8
Other;ALONG;1
Other;BOTH;20
Other;ETC;7
Other;UNLIKE;2
Other;CERTAIN;36
Other;WHICH;94
Other;HAVING;8
Other;THEREOF;1
Other;SHALL;2
Other;AROUND;20
Unclassified;AIMED;13
Unclassified;LOOKING;2
Unclassified;CHANGE;6
Unclassified;CONSIDERS;1
Unclassified;CHOOSING;1
Unclassified;X;1
Unclassified;AIMS;7
Unclassified;APPEARS;1
Unclassified;CONSIDERED;28
Unclassified;CHANGES;22
Unclassified;CHOSEN;2
Unclassified;CHOICE;2
Unclassified;APPEAR;2
Unclassified;CONSIDERATIONS;1
Unclassified;CONSIDERATION;1
Unclassified;CHOOSE;1
Unclassified;CONSIDERING;6
