Operators;ASSESSMENT;39
Operators;LIMITS;5
Operators;DISTINCT;3
Operators;DETERMINED;5
Operators;INVOLVED;12
Operators;IMPLEMENTING;23
Operators;REQUIREMENTS;60
Operators;ADDITION;16
Operators;ADDITIONALLY;2
Operators;ESTABLISH;29
Operators;EXCEPTION;1
Operators;ALWAYS;3
Operators;CONCERNED;15
Operators;THUS;9
Operators;COMPARABLE;1
Operators;PERCENTAGE;1
Operators;SOLELY;3
Operators;AVERAGE;1
Operators;ASSOCIATED;10
Operators;WERE;7
Operators;REGARDING;9
Operators;ACCORDANCE;170
Operators;SUM;1
Operators;PARTICULARLY;5
Operators;NONETHELESS;1
Operators;THOUGH;1
Operators;ALTHOUGH;1
Operators;INDICATE;5
Operators;ESTIMATE;1
Operators;ADD;1
Operators;NEEDED;8
Operators;ALLOWED;4
Operators;GAPS;6
Operators;EQUIVALENT;1
Operators;APPLIED;6
Operators;REGARDED;2
Operators;THEREBY;3
Operators;DIFFERENT;16
Operators;ESTABLISHED;58
Operators;BALANCE;7
Operators;EXEMPTION;1
Operators;RETURN;2
Operators;MITIGATE;8
Operators;COMPUTING;10
Operators;ESTABLISHING;13
Operators;CANNOT;2
Operators;NOT;102
Operators;CONCERNING;14
Operators;UNACCEPTABLE;2
Operators;RECOMMENDATION;2
Operators;INSTANCES;1
Operators;COMBINING;1
Operators;ACCEPTED;1
Operators;REGULATION;269
Operators;ACTUALLY;1
Operators;ALLOWING;7
Operators;INCLUDE;27
Operators;CONCERNS;4
Operators;LIMIT;4
Operators;IMPLEMENTATION;15
Operators;ADOPTED;9
Operators;ADDITIONAL;9
Operators;CASEBYCASE;1
Operators;ALTERNATIVE;13
Operators;VERIFY;1
Operators;EXIST;3
Operators;INCLUDES;3
Operators;TOGETHER;8
Operators;IDENTIFYING;4
Operators;FURTHER;39
Operators;DEPENDS;1
Operators;ADOPTION;5
Operators;DESPITE;3
Operators;IF;19
Operators;CONDITIONS;24
Operators;INCLUSION;2
Operators;IDENTIFICATION;6
Operators;REGULATIONS;41
Operators;WHOLE;10
Operators;MAY;92
Operators;INCREASING;1
Operators;LIMITATIONS;2
Operators;APPLYING;9
Operators;CONSTITUTES;3
Operators;EG;4
Operators;IDENTIFIED;17
Operators;QUANTIFY;2
Operators;LACK;9
Operators;THRESHOLDS;8
Operators;IMPOSE;7
Operators;GRANTING;1
Operators;DETERMINING;9
Operators;RAISE;1
Operators;CONSEQUENCE;1
Operators;SIMILARLY;7
Operators;INCORPORATION;2
Operators;EXCLUDED;3
Operators;HENCE;3
Operators;APPROVED;5
Operators;RAISED;2
Operators;AND;1657
Operators;SELECTION;2
Operators;REGULATORS;1
Operators;LASTLY;1
Operators;APPROVE;4
Operators;DUPLICATION;3
Operators;MINIMISE;12
Operators;IMPLEMENTED;10
Operators;INCLUDING;106
Operators;MOREOVER;7
Operators;EVALUATE;1
Operators;POST;6
Operators;EVEN;5
Operators;ENTIRELY;1
Operators;STILL;2
Operators;SUPERVISORY;48
Operators;MAXIMUM;1
Operators;KEEPING;1
Operators;TESTED;3
Operators;EXCLUSION;1
Operators;TESTS;18
Operators;SPECIFICITIES;5
Operators;EXISTING;7
Operators;REGULATORY;56
Operators;REFERRED;197
Operators;PREVIOUSLY;2
Operators;MEET;3
Operators;DEFINING;1
Operators;ENSURE;90
Operators;TEST;16
Operators;ENSURES;4
Operators;CALCULATIONS;1
Operators;APPROVALS;1
Operators;AS;370
Operators;CONSEQUENTLY;6
Operators;OR;496
Operators;RELATION;49
Operators;INVOLVING;3
Operators;APPLIES;3
Operators;REGARDS;6
Operators;ADOPTING;10
Operators;AGGREGATION;1
Operators;RESULT;9
Operators;PREVENT;14
Operators;EXEMPTIONS;3
Operators;TESTING;77
Operators;RECOMMENDATIONS;30
Operators;DEPEND;1
Operators;RESULTS;9
Operators;REQUIRE;12
Operators;FORMING;2
Operators;EQUAL;1
Operators;BECAUSE;4
Operators;ALLOCATED;3
Operators;REQUEST;34
Operators;CONJUNCTION;1
Operators;SET;66
Operators;REGULATED;2
Operators;RESULTING;3
Operators;MANDATED;1
Operators;BUT;12
Operators;SETS;2
Operators;DEEMS;6
Operators;CONNECTION;5
Operators;REFER;2
Operators;SPECIFIC;34
Operators;ALLOCATE;1
Operators;OVERALL;34
Operators;SIMILAR;3
Operators;REGARDLESS;2
Operators;INCORPORATE;1
Operators;RESULTED;1
Operators;CIRCUMSTANCES;10
Operators;ENFORCEMENT;8
Operators;QUANTITATIVE;5
Operators;ATTRIBUTABLE;1
Operators;FIRST;47
Operators;TOTAL;9
Operators;VERIFIED;2
Operators;INSTANCE;2
Operators;REQUIRING;7
Operators;ASSESSED;3
Operators;SUPERVISION;25
Operators;SO;3
Operators;ALLOCATION;2
Operators;ALLOW;23
Operators;CASE;21
Operators;SUBJECT;56
Operators;EXCLUDE;3
Operators;RESPECT;17
Operators;INDEED;1
Operators;IE;1
Operators;NOTABLY;1
Operators;DEFINITIONS;2
Operators;DERIVED;5
Operators;RATHER;2
Operators;ADJUST;1
Operators;WHEREBY;4
Operators;COMPARABILITY;1
Operators;CONTRARY;2
Operators;SHALL;453
Operators;EXCEEDS;1
Operators;CONSIST;1
Operators;OBLIGATIONS;22
Operators;EXEMPT;1
Operators;EITHER;11
Operators;REQUIRED;29
Operators;COMPRISE;1
Operators;REFERS;1
Operators;FACTORS;2
Operators;LIMITING;5
Operators;RULE;1
Operators;SWITCH;1
Operators;SUITABLE;5
Operators;SEPARATELY;2
Operators;COMPLY;13
Operators;ALTERNATIVELY;1
Operators;INCORPORATED;1
Operators;SPECIFICALLY;2
Operators;SPECIFIED;6
Operators;APPLY;18
Operators;DEFINE;5
Operators;REDUCING;3
Operators;SETTING;9
Operators;IMPOSED;5
Operators;ASSESSING;5
Operators;INTEGRATED;4
Operators;ACCORDING;5
Operators;EXCEED;5
Operators;ASSESS;25
Operators;DEEMED;8
Operators;COMBINED;1
Operators;REGARD;22
Operators;NEED;20
Operators;WAS;4
Operators;RELATIVE;1
Operators;REMOVE;2
Operators;DETERMINATION;1
Operators;FALL;2
Operators;AND/OR;5
Operators;ENTAIL;2
Operators;IRRESPECTIVE;5
Operators;ADOPT;19
Operators;REQUESTS;1
Operators;INDICATORS;4
Operators;DEFINITION;4
Operators;MULTIPLE;7
Operators;INCREASES;2
Operators;SUPERVISE;4
Operators;YET;3
Operators;CONCERN;5
Operators;INCREASE;2
Operators;SINGLE;30
Operators;MINIMISING;3
Operators;AFTER;19
Operators;UNLESS;4
Operators;WHEREAS;2
Operators;EXCEEDED;1
Operators;IMPLEMENT;15
Operators;MANDATE;1
Operators;CONTAINS;1
Operators;REQUIRES;2
Operators;NAMELY;5
Operators;DIFFERENCES;2
Operators;EVALUATING;1
Operators;COVERED;9
Operators;RESPECTIVE;20
Operators;CASES;1
Operators;THEREIN;2
Operators;SUPERVISED;3
Operators;PERMITTED;2
Operators;NEVERTHELESS;1
Operators;CALCULATED;2
Operators;DIFFERENTLY;1
Operators;DUPLICATIVE;1
Operators;ALLOWS;3
Operators;AGGREGATED;6
Operators;ABSOLUTE;1
Operators;LIMITED;11
Operators;OTHERWISE;5
Operators;ADJUSTED;1
Operators;FACTOR;2
Operators;PARTIALLY;2
Operators;MANDATORY;2
Operators;LIKEWISE;2
Operators;MINIMUM;7
Operators;HOWEVER;10
Operators;APPROVAL;1
Operators;LEAST;29
Operators;ENFORCING;1
Operators;SECOND;12
Operators;SAME;18
Operators;IDENTIFY;22
Operators;PREVIOUS;1
Operators;REQUIREMENT;9
Operators;PROPORTIONALITY;8
Operators;ESPECIALLY;4
Operators;FOR;440
Operators;HOW;8
Operators;RESPECTIVELY;5
Operators;ONLY;31
Operators;BEFORE;17
Operators;ESTIMATES;1
Operators;MEANS;82
Operators;CIRCUMSTANCE;1
Operators;GRANTED;4
Operators;DETERMINE;12
Operators;ENTIRE;2
Operators;ENSURING;24
Operators;NOR;3
Operators;FULLY;31
Operators;NOTWITHSTANDING;2
Operators;COVER;15
Operators;NEEDS;14
Operators;SINCE;16
Operators;RELATIONSHIP;1
Operators;SELECTED;1
Operators;ADDED;2
Operators;SEEM;1
Operators;INCLUDED;8
Operators;ALSO;53
Operators;GAP;2
Operators;ACCORDINGLY;2
Operators;WHILE;23
Operators;CONSTITUTE;1
Operators;SOLE;1
Operators;THEREFORE;14
Operators;INVOLVE;3
Operators;DEFINED;30
Operands;CONSUMERS;1
Operands;POSITIONS;3
Operands;BOARD;5
Operands;SOFTWARE;8
Operands;FREQUENCY;8
Operands;DISRUPTIONS;10
Operands;ADAPT;1
Operands;PROVISIONS;29
Operands;46;6
Operands;TECHNOLOGY;8
Operands;ANALYSIS;8
Operands;UNABLE;1
Operands;24;10
Operands;69;1
Operands;VARY;1
Operands;TEXT;1
Operands;AUDIT;26
Operands;PROVIDER;148
Operands;RULES;42
Operands;PERMANENT;1
Operands;COUNCIL;102
Operands;PARTNERS;1
Operands;AGREED;7
Operands;EXTERNAL;24
Operands;LONG;3
Operands;PRACTICES;13
Operands;DIRECTED;1
Operands;PERFORM;11
Operands;WAYS;2
Operands;64;9
Operands;POOLING;1
Operands;LONGER;3
Operands;INTERVENTION;1
Operands;DOCUMENTED;12
Operands;ACTION;5
Operands;CONSOLIDATED;4
Operands;SOPHISTICATION;1
Operands;FOCUS;5
Operands;BURDENS;1
Operands;OPERATE;9
Operands;MAP;3
Operands;324;2
Operands;PARENT;4
Operands;PROVIDING;21
Operands;DEVELOPMENT;7
Operands;ONGOING;7
Operands;RELEVANCE;7
Operands;ACT;15
Operands;VARIETY;1
Operands;CRITICAL;226
Operands;IMPROVEMENTS;1
Operands;3;36
Operands;2016;11
Operands;ENTITY;117
Operands;PROMPTLY;4
Operands;IMPROVING;1
Operands;TRUST;4
Operands;PAID;2
Operands;4;40
Operands;OVERLAPPING;1
Operands;POINTS;23
Operands;ALLEVIATE;1
Operands;OCCURRENCE;4
Operands;DELIVERY;2
Operands;TECHNICAL;74
Operands;ADDRESSED;17
Operands;BENCHMARKING;1
Operands;RESOURCES;18
Operands;COLLECTING;3
Operands;PRIVATE;1
Operands;ADEQUATE;15
Operands;IMPLICATIONS;1
Operands;FACED;1
Operands;EXTENT;8
Operands;INDUSTRY;4
Operands;AVAILABLE;14
Operands;PRODUCTION;6
Operands;RANGE;6
Operands;5;17
Operands;REDUCE;5
Operands;ACTIONS;11
Operands;OBSERVED;1
Operands;POLICIES;30
Operands;ANNUAL;13
Operands;JURISDICTION;4
Operands;DISTRIBUTION;2
Operands;ADDRESS;20
Operands;ULTIMATE;3
Operands;CONSULTATION;11
Operands;G;12
Operands;SITUATIONS;4
Operands;AUTHORITY;100
Operands;CARRIED;9
Operands;THREAT;21
Operands;AGENCIES;5
Operands;SECTOR;39
Operands;COMPANIES;2
Operands;ACTUAL;1
Operands;49;2
Operands;TRADITIONAL;3
Operands;APPROPRIATENESS;3
Operands;OBVIOUS;1
Operands;MAINLY;1
Operands;RESORT;2
Operands;TRANSFER;2
Operands;OFFER;1
Operands;IDENTITY;6
Operands;PROCESSES;32
Operands;DISTRIBUTING;1
Operands;HAND;10
Operands;WRITING;2
Operands;ACTIVITY;6
Operands;REASONABLE;2
Operands;MATERIALITY;4
Operands;HEAVY;2
Operands;LAND;2
Operands;DIGITALISATION;4
Operands;INABILITY;2
Operands;CARRYING;11
Operands;31;12
Operands;PAYMENTS;13
Operands;18;5
Operands;JURISDICTIONS;6
Operands;THIRD;42
Operands;SCOPE;37
Operands;ANTITRUST;1
Operands;STABILITY;31
Operands;DOCUMENTATION;8
Operands;FORWARD;1
Operands;44;3
Operands;RATIONALE;1
Operands;311;4
Operands;43;3
Operands;FRAMEWORKS;7
Operands;FEASIBLE;3
Operands;136;1
Operands;RIGHTS;21
Operands;SOURCES;6
Operands;61;13
Operands;CONTRIBUTIONS;1
Operands;PARTICIPATION;9
Operands;MEASURE;4
Operands;PENALTY;25
Operands;ABILITY;15
Operands;CONTEXT;23
Operands;ALIGNED;1
Operands;GROUP;26
Operands;END;8
Operands;AVAILABILITY;21
Operands;PROCEDURES;53
Operands;14;27
Operands;S;2
Operands;PRIMARY;7
Operands;PERSPECTIVE;3
Operands;54;3
Operands;OPERATING;11
Operands;REGULATION;269
Operands;JOINT;42
Operands;USES;1
Operands;INTERMEDIATION;2
Operands;EVENT;23
Operands;MONITORING;32
Operands;PURPOSE;24
Operands;EFFECTS;7
Operands;NOVEMBER;9
Operands;VERY;2
Operands;PERIODS;6
Operands;NONFINANCIAL;1
Operands;TRANSPARENT;3
Operands;REVISED;1
Operands;CLAIM;1
Operands;EXERCISING;8
Operands;MARKETS;21
Operands;BENCHMARKS;5
Operands;LIQUIDITY;2
Operands;ACCOUNTS;2
Operands;TECHNOLOGIES;5
Operands;BANKS;4
Operands;LENDING;1
Operands;SECTION;18
Operands;AGE;2
Operands;OVERSIGHT;100
Operands;2011;2
Operands;FEATURE;2
Operands;THIRDPARTY;366
Operands;COMPLETED;1
Operands;LEVELS;9
Operands;ATTENTION;2
Operands;PARTICIPATE;5
Operands;MEMBERS;13
Operands;FEE;1
Operands;INSTITUTIONS;71
Operands;CAREFUL;1
Operands;LINKED;2
Operands;TRADE;12
Operands;TERMINOLOGY;1
Operands;CLOSE;3
Operands;SCHEME;1
Operands;LAW;40
Operands;ABLE;14
Operands;EXPLOITED;1
Operands;ADMINISTRATIVE;30
Operands;ASSET;5
Operands;EMPLOYS;3
Operands;CLASSIFICATION;4
Operands;YEARS;7
Operands;LOCATIONS;4
Operands;PRIORITY;2
Operands;80;2
Operands;CONFIDENTIALITY;20
Operands;PRODUCING;1
Operands;WIDESPREAD;1
Operands;BURDEN;2
Operands;PARTICIPANTS;5
Operands;METHODOLOGY;1
Operands;EXPENDITURE;1
Operands;DECIDE;2
Operands;MAINTAIN;31
Operands;DISCLOSED;3
Operands;MANAGEMENT;137
Operands;COHERENT;4
Operands;DIVERGENCES;3
Operands;INCONSISTENT;1
Operands;STATE;25
Operands;INTRODUCTION;1
Operands;19;7
Operands;BEGIN;1
Operands;NUMBER;15
Operands;REPORT;41
Operands;SYSTEM;37
Operands;SECTORSPECIFIC;5
Operands;WIDE;4
Operands;SENSE;2
Operands;ENTERPRISE;1
Operands;DISCLOSURE;5
Operands;FACTS;3
Operands;AGREE;4
Operands;RECOVER;1
Operands;MEMBER;68
Operands;72;1
Operands;WORLDWIDE;1
Operands;63;3
Operands;LICENCE;1
Operands;ISSUES;5
Operands;LISTED;2
Operands;LOCAL;2
Operands;EXTENDING;1
Operands;ACTING;1
Operands;MARKET;37
Operands;APPLICATION;25
Operands;ACQUIRING;2
Operands;QUALIFY;4
Operands;MEMBERSHIP;3
Operands;39;6
Operands;INAPPROPRIATE;1
Operands;PUBLISHED;4
Operands;SOUND;16
Operands;COORDINATE;4
Operands;SUBSIDIARIES;3
Operands;ARISE;3
Operands;22;11
Operands;PERFORMING;2
Operands;INFORM;14
Operands;ORIGINAL;1
Operands;INTENTION;3
Operands;AFFECTS;1
Operands;SHEET;3
Operands;APPROACH;27
Operands;RECEIVE;3
Operands;BETTER;5
Operands;INDIRECTLY;2
Operands;SOURCE;7
Operands;RECENT;2
Operands;EFFICIENCY;6
Operands;CEASE;3
Operands;LEVIED;1
Operands;SUPPORT;13
Operands;VALUE;4
Operands;PROFITS;2
Operands;EXTENSIVE;1
Operands;8;14
Operands;PERSON;18
Operands;REVIEWED;6
Operands;COMPLIANCE;13
Operands;FEATURES;3
Operands;INSURANCE;26
Operands;UNLIKELY;1
Operands;CARRY;16
Operands;POSSIBLE;10
Operands;STRENGTHEN;3
Operands;FULFILMENT;8
Operands;MANAGE;9
Operands;MANNER;12
Operands;DISCLOSE;3
Operands;JUNE;5
Operands;REGISTRATION;1
Operands;ENTERED;2
Operands;PLAN;17
Operands;33;5
Operands;ACQUIRE;2
Operands;TYPICAL;1
Operands;NECESSARILY;1
Operands;LARGELY;2
Operands;JUDICIAL;5
Operands;AGREEMENT;5
Operands;FUTURE;1
Operands;CAPTURE;1
Operands;PUBLIC;26
Operands;HELP;3
Operands;LIFE;1
Operands;48;3
Operands;FIND;1
Operands;INTEGRITY;33
Operands;CHARGE;2
Operands;IMPORTANCE;12
Operands;11;6
Operands;ALIGNMENT;4
Operands;EXTENDED;2
Operands;LIKELY;4
Operands;STRONG;6
Operands;BASE;1
Operands;HIGHER;3
Operands;IMPAIRMENT;1
Operands;LEADS;1
Operands;INDEPENDENT;11
Operands;BANKING;5
Operands;INTERMEDIARIES;13
Operands;RECORDS;8
Operands;STOCK;1
Operands;PENALTIES;18
Operands;LEVEL;82
Operands;PARTIES;7
Operands;QUESTION;2
Operands;CUSTOMER;1
Operands;DETAILED;4
Operands;INVESTMENT;24
Operands;QUESTIONS;1
Operands;COMPOSITION;1
Operands;67;1
Operands;CHALLENGE;1
Operands;NATURE;32
Operands;DISCUSSIONS;2
Operands;POWERS;30
Operands;BASIC;2
Operands;COMMITTEE;29
Operands;INTRODUCING;1
Operands;HIGHLY;2
Operands;DISASTER;7
Operands;NECESSARY;47
Operands;TECHNOLOGICAL;7
Operands;MEANINGFUL;1
Operands;GOVERNANCE;6
Operands;ACHIEVED;4
Operands;WELL;54
Operands;CONTROL;23
Operands;REASONABLY;4
Operands;35;9
Operands;PRIOR;6
Operands;EXAMINE;2
Operands;87;1
Operands;SEGMENTED;1
Operands;GLOBAL;4
Operands;INTERMEDIARY;3
Operands;POTENTIALLY;8
Operands;CLEAR;8
Operands;CAPABLE;3
Operands;RELIABILITY;1
Operands;CASH;1
Operands;MAIN;3
Operands;REMAINS;3
Operands;PRIMARILY;3
Operands;TYPES;14
Operands;UNDERSTOOD;1
Operands;2009;8
Operands;RISK;278
Operands;PROVIDES;10
Operands;ENSURES;4
Operands;FAILURES;1
Operands;MAINTAINING;6
Operands;TASKS;21
Operands;194;2
Operands;DEVELOP;25
Operands;BEHAVIOUR;1
Operands;DECISIONMAKING;2
Operands;DESCRIPTION;1
Operands;ACQUIRED;3
Operands;COMMENSURATE;4
Operands;VIEW;23
Operands;TRANSACTIONS;6
Operands;COMPETITION;3
Operands;COMPREHENSIVE;17
Operands;12;12
Operands;OBJECTIVE;4
Operands;ISSUED;7
Operands;DEFENCE;9
Operands;302;2
Operands;BUSINESS;81
Operands;EVIDENCE;1
Operands;PROCESS;19
Operands;IMPACT;60
Operands;INDIRECT;2
Operands;PRODUCE;2
Operands;HELD;3
Operands;RETAINED;1
Operands;ASPECTS;1
Operands;TRANSITIONAL;1
Operands;EFFECTIVELY;20
Operands;ENCOURAGE;1
Operands;PARTS;1
Operands;PHYSICALLY;1
Operands;GROUNDS;1
Operands;MULTILATERAL;1
Operands;STRENGTH;1
Operands;STANDARDISED;4
Operands;BECOME;10
Operands;REIMBURSEMENT;1
Operands;ADDRESSING;10
Operands;ADVERSE;14
Operands;FIVE;3
Operands;ISSUE;10
Operands;TECHNOLOGICALLY;1
Operands;CERTIFICATION;1
Operands;CONTROLS;15
Operands;EXEMPTIONS;3
Operands;PROPERLY;2
Operands;FINALISATION;1
Operands;DRAW;6
Operands;INTANGIBLE;1
Operands;CLEARLY;1
Operands;ENTER;7
Operands;CURRENT;6
Operands;40;4
Operands;DELIVERING;2
Operands;IMPACTED;3
Operands;REFORMS;1
Operands;BENEFITS;5
Operands;POOL;2
Operands;EXERCISED;2
Operands;ENABLE;25
Operands;ORDER;50
Operands;COORDINATED;5
Operands;BEAR;2
Operands;ADEQUACY;1
Operands;PROPERTIES;1
Operands;USING;13
Operands;WORKING;1
Operands;CLARIFY;1
Operands;CALENDAR;6
Operands;COMPONENTS;13
Operands;GAINS;1
Operands;68;3
Operands;CHECKS;4
Operands;STATEMENTS;3
Operands;RIGHT;12
Operands;TRANSPARENCY;2
Operands;APPROACHES;10
Operands;HOLDING;1
Operands;21;20
Operands;CONTRIBUTING;3
Operands;INSUFFICIENT;3
Operands;STATEMENT;5
Operands;34;6
Operands;38;6
Operands;51;2
Operands;ARISING;8
Operands;32;7
Operands;84;2
Operands;CONDUCTING;4
Operands;CONDUCT;39
Operands;HIGHEST;4
Operands;REGULAR;10
Operands;USE;79
Operands;EMPLOYEES;1
Operands;REMAIN;11
Operands;CENTRAL;31
Operands;SUPPLIED;2
Operands;ELECTRONIC;17
Operands;POTENTIAL;26
Operands;LEGAL;39
Operands;SUBMIT;32
Operands;EFFECTIVENESS;9
Operands;APPLICATIONS;3
Operands;STRATEGIC;4
Operands;REMEDY;3
Operands;ALREADY;7
Operands;ISOLATE;1
Operands;CONSISTENT;18
Operands;INTEREST;11
Operands;NEW;9
Operands;PRESERVED;1
Operands;AUDITED;1
Operands;DESIGNED;1
Operands;ERRORS;1
Operands;AREAS;11
Operands;PLANS;44
Operands;ESTABLISHMENT;7
Operands;CONTRIBUTE;3
Operands;ALIGN;1
Operands;53;2
Operands;DEMONSTRATING;1
Operands;ENFORCEMENT;8
Operands;PURPOSES;37
Operands;RESPONSIBILITIES;6
Operands;FOLLOW;5
Operands;TRANSITION;4
Operands;DEVELOPED;12
Operands;SERVICE;377
Operands;HYBRID;1
Operands;SHARE;5
Operands;FIVEYEAR;1
Operands;STEMMING;3
Operands;SEEK;6
Operands;DIRECT;5
Operands;CUSTOMERS;10
Operands;UNDUE;7
Operands;26;11
Operands;TANGIBLE;1
Operands;ENTITIES;353
Operands;EFFICIENT;4
Operands;ACHIEVE;7
Operands;SUBSTANTIVE;2
Operands;SUPERVISION;25
Operands;CONCLUSIONS;3
Operands;RESTORATION;8
Operands;INTERNATIONAL;10
Operands;CAUSES;2
Operands;EVOLUTION;4
Operands;ARRANGEMENT;13
Operands;EARLY;1
Operands;PURSUED;1
Operands;161;1
Operands;AFFAIRS;1
Operands;CAPACITY;4
Operands;RESPONSIBILITY;15
Operands;PARTICIPATING;4
Operands;SERVICES;248
Operands;BROADER;3
Operands;JUSTIFIED;1
Operands;DATA;98
Operands;PERIODIC;12
Operands;REINSURANCE;13
Operands;SIZE;14
Operands;ENGAGEMENT;1
Operands;STARTING;2
Operands;FINDINGS;9
Operands;ASCERTAIN;1
Operands;VERIFICATION;3
Operands;HARMONISED;5
Operands;STRATEGY;16
Operands;IRREGULAR;1
Operands;SUPPORTED;7
Operands;OFFERING;2
Operands;EASILY;3
Operands;STANDARDS;69
Operands;BINDING;1
Operands;DEAL;3
Operands;REVEALED;2
Operands;PERSONS;23
Operands;ENVIRONMENT;1
Operands;CONTAGION;2
Operands;CREATING;4
Operands;SECURITIES;22
Operands;SAFEGUARD;4
Operands;29;6
Operands;LOGICAL;1
Operands;REGULARLY;9
Operands;INTRAGROUP;5
Operands;REASONS;3
Operands;CREDIT;31
Operands;RELEVANT;158
Operands;COSTS;22
Operands;FUNCTION;19
Operands;AFFECTED;11
Operands;AREA;4
Operands;WAY;15
Operands;REVIEW;32
Operands;CRITERIA;32
Operands;MANAGING;10
Operands;321;3
Operands;MECHANISM;8
Operands;FORM;2
Operands;DESIGN;4
Operands;NATURAL;16
Operands;MET;6
Operands;IMPORTANT;70
Operands;STATES;41
Operands;ADVANCE;2
Operands;DIVERGENT;4
Operands;LIABILITY;1
Operands;LINES;4
Operands;BASELINE;1
Operands;INSPECTION;21
Operands;INVESTORS;1
Operands;CREATE;5
Operands;DEMONSTRATE;2
Operands;PAGE;3
Operands;INITIAL;9
Operands;BUILDINGS;1
Operands;VENUES;4
Operands;SENSITIVE;4
Operands;REPORTS;21
Operands;KEYS;1
Operands;APPROPRIATE;80
Operands;INPUT;3
Operands;POSSIBILITY;7
Operands;ISOLATION;1
Operands;EXPLANATION;4
Operands;EU;290
Operands;SIMPLE;3
Operands;COMMUNITY;1
Operands;WEAKNESS;1
Operands;INTERMEDIATE;1
Operands;RELIANCE;7
Operands;CHARACTERISTICS;1
Operands;DELIVERS;1
Operands;STRATEGIES;12
Operands;60;5
Operands;INDIVIDUAL;12
Operands;DIRECTLY;10
Operands;POSE;5
Operands;MEASURES;55
Operands;TYPE;14
Operands;CONSOLIDATION;1
Operands;FUNCTIONS;97
Operands;EXAMPLE;7
Operands;FLOWS;1
Operands;MAJOR;58
Operands;SUBSIDIARY;7
Operands;59;2
Operands;SUFFER;1
Operands;6;25
Operands;PROPER;1
Operands;COMPETITIVE;3
Operands;MATTERS;11
Operands;EXCHANGE;11
Operands;EXPLORE;2
Operands;ECONOMIC;8
Operands;MERELY;2
Operands;SAFEGUARDS;6
Operands;RESOLUTION;21
Operands;MATERIAL;12
Operands;TOOL;1
Operands;MATERIALLY;2
Operands;REMOTE;1
Operands;AMOUNTS;1
Operands;SUFFICIENT;11
Operands;USEFUL;1
Operands;DETRIMENT;2
Operands;SUBSTANTIAL;1
Operands;SUPPLIER;1
Operands;PARTICULAR;53
Operands;COMPLEX;8
Operands;OWN;6
Operands;EXPRESSED;1
Operands;CONSULT;8
Operands;BRING;1
Operands;ENTITLED;3
Operands;ESSENTIAL;15
Operands;PRINCIPLES;10
Operands;MANDATES;2
Operands;MECHANISMS;28
Operands;FUNDING;2
Operands;PRESERVING;4
Operands;RELY;6
Operands;30;8
Operands;FIGURES;1
Operands;CONTINUED;1
Operands;INTERNAL;46
Operands;CONSISTENTLY;1
Operands;GUIDANCE;4
Operands;STRUCTURES;3
Operands;GROUPS;3
Operands;PERIOD;14
Operands;DEFER;1
Operands;PERFORMANCE;26
Operands;CONFLICTS;7
Operands;EXPLORING;1
Operands;CRITERION;1
Operands;58;2
Operands;OPERATION;3
Operands;RECEIVING;3
Operands;CAPITAL;1
Operands;SAFETY;1
Operands;191;1
Operands;STRICT;3
Operands;SECTIONS;2
Operands;SOLUTION;2
Operands;DEALING;5
Operands;MEDIUM;1
Operands;176;1
Operands;COUNTERPARTIES;8
Operands;TERMS;8
Operands;BROUGHT;3
Operands;ACCURATE;1
Operands;SIMPLIFIED;6
Operands;ASSETS;29
Operands;BODY;13
Operands;ACCOUNTING;4
Operands;PRINCIPLE;13
Operands;15;18
Operands;STAGE;1
Operands;NOW;2
Operands;PROTOCOL;2
Operands;POOLED;8
Operands;SECTORS;14
Operands;RECOGNITION;6
Operands;UNDERLYING;1
Operands;SEPTEMBER;2
Operands;UNDERSTAND;1
Operands;ADEQUATELY;11
Operands;REVIEWS;13
Operands;SHARED;3
Operands;HOME;1
Operands;ADVANCED;8
Operands;ACTIVITIES;70
Operands;INSTRUMENTS;4
Operands;ECONOMIES;1
Operands;LARGE;4
Operands;PERFORMS;1
Operands;LOCATION;1
Operands;173;2
Operands;ACKNOWLEDGE;2
Operands;THREATS;24
Operands;INCUR;2
Operands;PLACE;28
Operands;PAY;1
Operands;EVALUATION;1
Operands;APPROPRIATELY;3
Operands;DIVERSITY;1
Operands;CLASSIFIED;5
Operands;HUMAN;3
Operands;REPORTED;6
Operands;LEADING;1
Operands;FINAL;2
Operands;STANDARD;6
Operands;OWNED;1
Operands;PHYSICAL;10
Operands;NOTICE;7
Operands;CRISIS;12
Operands;PRESERVE;3
Operands;PRACTICE;3
Operands;13;9
Operands;EXERCISE;23
Operands;COORDINATION;19
Operands;ACCURACY;1
Operands;OPPORTUNITY;4
Operands;CERTAINTY;5
Operands;LIKELIHOOD;1
Operands;PREPARATION;3
Operands;ACTIVE;5
Operands;2017;2
Operands;SEVERED;1
Operands;ROLE;9
Operands;METHODS;10
Operands;DELIVER;1
Operands;RETAIN;1
Operands;36;7
Operands;7;12
Operands;LINE;6
Operands;INTERESTS;1
Operands;COMPLEXITY;24
Operands;INSPECTIONS;20
Operands;OBJECTIVES;15
Operands;COMMUNICATED;2
Operands;GENERATION;2
Operands;BEST;8
Operands;COMPLETELY;2
Operands;PREPARE;2
Operands;ASSIST;1
Operands;FAIR;1
Operands;COLLECTION;1
Operands;OWNERSHIP;1
Operands;GENERATE;1
Operands;ULTIMATELY;7
Operands;SIGNIFICANTLY;3
Operands;25;13
Operands;COMPONENT;1
Operands;MANAGED;8
Operands;OVERVIEW;2
Operands;BREACH;10
Operands;DECISION;39
Operands;REPORTING;49
Operands;CAPABILITIES;21
Operands;42;10
Operands;OBTAINING;1
Operands;EUR;5
Operands;OCCUR;1
Operands;LOSSES;11
Operands;DELIVERED;3
Operands;CONFIDENCE;3
Operands;SPREAD;5
Operands;SUBSEQUENTLY;1
Operands;TRANSFERS;1
Operands;POINT;120
Operands;OBTAIN;4
Operands;POLITICAL;1
Operands;ENGAGE;1
Operands;DEGREE;5
Operands;EXAMINATION;10
Operands;CONTROLLED;2
Operands;SOLVENCY;1
Operands;MODIFICATIONS;1
Operands;REFLECT;4
Operands;MODELS;1
Operands;LEGACY;2
Operands;SUPERVISED;3
Operands;181;1
Operands;SUBSEQUENT;5
Operands;PROTECT;7
Operands;TERRITORY;4
Operands;OFTEN;3
Operands;CALL;2
Operands;AUDITORS;7
Operands;DERIVATIVES;1
Operands;TERMINATION;11
Operands;PARAMETERS;4
Operands;FAILURE;6
Operands;UPDATES;6
Operands;EXPERIENCE;3
Operands;ENABLES;2
Operands;ONLINE;1
Operands;EXPLAIN;1
Operands;INNOVATIVE;1
Operands;COST;5
Operands;REAL;5
Operands;CONDUCTED;8
Operands;REACHED;1
Operands;IMMEDIATELY;6
Operands;PROVIDED;68
Operands;PROPOSAL;5
Operands;ALTER;1
Operands;LEVERAGE;3
Operands;TIME;33
Operands;47;4
Operands;REGIONS;1
Operands;2019;8
Operands;JUSTIFICATION;1
Operands;PARTY;8
Operands;FACILITATE;10
Operands;10;22
Operands;MATTER;10
Operands;DIGITAL;92
Operands;PLATFORM;1
Operands;INTRODUCED;2
Operands;EXTREME;1
Operands;ECONOMY;3
Operands;COMMON;23
Operands;SIGNIFICANT;28
Operands;LOCATED;9
Operands;RISKS;52
Operands;CONTRACT;4
Operands;COMPANY;1
Operands;OPERATIONS;37
Operands;ADMINISTRATION;3
Operands;RESPONDING;1
Operands;NETWORK;30
Operands;PARAGRAPH;133
Operands;CONCENTRATION;14
Operands;GUIDE;3
Operands;OUTCOME;4
Operands;PUBLICATION;12
Operands;23;11
Operands;SMOOTH;7
Operands;WEAKNESSES;5
Operands;CROSSBORDER;11
Operands;FINANCIAL;653
Operands;SMALL;9
Operands;KEY;16
Operands;EFFECT;5
Operands;RESTORING;1
Operands;SERVERS;1
Operands;PRESENCE;1
Operands;FLOW;1
Operands;UNDERTAKE;3
Operands;62;3
Operands;QUALITATIVE;5
Operands;BACKUP;12
Operands;TURN;3
Operands;HARMONISATION;10
Operands;HIGHLIGHTED;1
Operands;AFFECT;8
Operands;PERIODICALLY;11
Operands;CONTINUE;11
Operands;JULY;14
Operands;2008;1
Operands;UNDERWRITING;1
Operands;PERFORMED;6
Operands;AUTHORITIES;169
Operands;NEGLIGENCE;2
Operands;CONSISTENCY;10
Operands;CATEGORIES;2
Operands;TECHNIQUES;5
Operands;FASTER;2
Operands;EXCHANGES;5
Operands;FINANCE;5
Operands;POLICY;33
Operands;INFORMED;4
Operands;AMOUNT;6
Operands;DECISIONS;3
Operands;TURNOVER;5
Operands;HIGH;23
Operands;MONITOR;16
Operands;ENTERPRISES;3
Operands;FRAMEWORK;91
Operands;45;4
Operands;REST;1
Operands;BASED;31
Operands;TIER;2
Operands;BESPOKE;2
Operands;GAIN;1
Operands;ADVANTAGE;1
Operands;65;3
Operands;PUBLICLY;2
Operands;STRESS;1
Operands;WORKINGS;1
Operands;DIFFICULTIES;3
Operands;FREEDOMS;1
Operands;FOCUSING;2
Operands;SHORTFALLS;1
Operands;TIMELY;14
Operands;ANALYSING;3
Operands;SITUATION;4
Operands;INCURRED;3
Operands;ACCOUNTABILITY;1
Operands;INVESTMENTS;1
Operands;WORK;12
Operands;HOMOGENOUS;1
Operands;DEMAND;1
Operands;OPTION;2
Operands;FULL;20
Operands;LOSS;4
Operands;ADVICE;8
Operands;PLANNING;1
Operands;FEASIBILITY;3
Operands;SUPPORTING;44
Operands;CLOUD;11
Operands;DATE;12
Operands;LIGHT;7
Operands;CONCLUSION;3
Operands;REASON;1
Operands;AVOID;9
Operands;COUNTRY;20
Operands;OPERATES;5
Operands;UNCERTAINTY;1
Operands;CONTRACTS;8
Operands;SUFFICIENTLY;4
Operands;17;27
Operands;YEAR;3
Operands;WORLD;1
Operands;ABSENCE;8
Operands;DEVELOPING;11
Operands;COMMONLY;1
Operands;POSED;3
Operands;STORAGE;2
Operands;SYSTEMS;93
Operands;UNDERSTANDING;7
Operands;PURSUANT;60
Operands;REPUTATIONAL;1
Operands;BROAD;2
Operands;INSOLVENCY;4
Operands;2010;6
Operands;CHALLENGES;2
Operands;CIVIL;1
Operands;GUIDELINES;6
Operands;331;7
Operands;CONTINUOUS;8
Operands;SIGNIFICANCE;3
Operands;94;1
Operands;PRACTICAL;3
Operands;GENERATING;1
Operands;201;1
Operands;COVERAGE;2
Operands;BODIES;8
Operands;SCALE;19
Operands;CORE;6
Operands;SOUNDNESS;2
Operands;OPTIONS;1
Operands;BASIS;53
Operands;CATEGORY;5
Operands;COMPLETION;2
Operands;STAKEHOLDERS;4
Operands;PUT;15
Operands;DETAILS;16
Operands;PLAYING;1
Operands;WEBSITE;4
Operands;RECOVERING;1
Operands;37;8
Operands;EXPERIENCED;1
Operands;EMERGENCY;1
Operands;INVESTOR;1
Operands;CHAINS;1
Operands;EXPECTED;6
Operands;UNDERTAKEN;6
Operands;SCENARIO;1
Operands;SUBPARAGRAPHS;1
Operands;DUE;18
Operands;REACH;1
Operands;INTERPRETED;2
Operands;READILY;1
Operands;432;2
Operands;USERS;4
Operands;ARRANGEMENTS;106
Operands;DISTORTIONS;1
Operands;RELIABLE;2
Operands;ROBUST;2
Operands;COUNTRIES;9
Operands;9;9
Operands;BENEFIT;3
Operands;OPEN;2
Operands;COMMERCIAL;1
Operands;LEAD;123
Operands;55;2
Operands;EXPERIENCES;1
Operands;DAMAGES;2
Operands;KNOWN;1
Operands;CONVERGENT;1
Operands;ACCURATELY;1
Operands;VI;2
Operands;POSITION;1
Operands;TRADING;7
Operands;TRANSACTION;1
Operands;USED;10
Operands;FACE;2
Operands;CORPORATE;5
Operands;TACKLE;1
Operands;START;3
Operands;SUCCESSFUL;1
Operands;PROPERTY;2
Operands;20;10
Operands;PROVIDE;54
Operands;OPERATIONAL;126
Operands;BUILDS;1
Operands;52;3
Operands;MILLION;5
Operands;INFORMATION;165
Operands;57;4
Operands;DESIGNATED;61
Operands;CENTRALISED;1
Operands;SALES;1
Operands;ACCESS;28
Operands;196;1
Operands;FREE;4
Operands;ATTEMPT;2
Operands;41;8
Operands;CREATION;1
Operands;RESPONSIBLE;27
Operands;ACCOUNT;54
Operands;DEFINED;30
Other;;2585
Other;IV;11
Other;MODEL;6
Other;INDIRECTLY;2
Other;HAVE;92
Other;P;41
Other;ENOUGH;1
Other;Â€“;4
Other;THEIR;157
Other;24;11
Other;VARIOUS;9
Other;ONE;35
Other;VIA;3
Other;CASE;21
Other;NO;184
Other;REGIME;9
Other;PERSON;18
Other;SEVERAL;9
Other;WHO;6
Other;THEMSELVES;6
Other;IE;1
Other;ABSENT;1
Other;FEWER;3
Other;UNTIL;6
Other;WITHIN;50
Other;ANOTHER;5
Other;GIVE;5
Other;50;8
Other;CAN;20
Other;PENDING;1
Other;TAKEN;16
Other;AT;118
Other;WHERE;96
Other;ARE;139
Other;IS;179
Other;WERE;7
Other;DRAWING;1
Other;TAKE;39
Other;NEITHER;1
Other;PROVIDED;68
Other;56;3
Other;COSTS;22
Other;BASE;1
Other;THEM;20
Other;SUBPARAGRAPH;48
Other;UNION;131
Other;3;37
Other;BEEN;40
Other;ITS;81
Other;SHALL;453
Other;REFERENCE;1
Other;10;23
Other;ON;352
Other;HE;1
Other;PENALTIES;18
Other;EXCEPT;4
Other;4;41
Other;OVER;9
Other;D;51
Other;PARTIES;7
Other;II;25
Other;WHOM;3
Other;DO;10
Other;SEE;3
Other;FORTH;1
Other;DONE;2
Other;WOULD;26
Other;5;18
Other;BETWEEN;29
Other;CONSIDER;10
Other;MOST;3
Other;UNDER;65
Other;MUST;2
Other;ORGANISATION;2
Other;LESS;5
Other;ALONG;2
Other;HAD;2
Other;GIVING;1
Other;IT;85
Other;A;669
Other;GIVEN;5
Other;LATER;6
Other;REQUIRED;29
Other;EU;290
Other;BEING;10
Other;BOTH;5
Other;THESE;3
Other;FROM;115
Other;PARAGRAPHS;10
Other;AN;166
Other;ABOUT;11
Other;TURNOVER;5
Other;RELATING;10
Other;SAME;18
Other;OF;2115
Other;FUNDS;7
Other;DID;1
Other;HAS;57
Other;WHETHER;24
Other;THEY;45
Other;THE;3378
Other;WHOSE;1
Other;ONCE;4
Other;M;3
Other;FOLLOWING;73
Other;MAKING;5
Other;E;36
Other;BEYOND;2
Other;TAKING;30
Other;B;92
Other;6;26
Other;SHE;1
Other;CONNECTED;1
Other;EVERY;7
Other;R;2
Other;12;13
Other;APPLICABLE;32
Other;IN;1131
Other;WITHOUT;35
Other;FOR;440
Other;BE;276
Other;FEW;1
Other;ALL;107
Other;HAVING;11
Other;THROUGH;52
Other;APPLY;18
Other;MIGHT;8
Other;NOT;102
Other;THERE;9
Other;GENERAL;15
Other;ITSELF;1
Other;TAKES;5
Other;CHAPTERS;3
Other;BY;345
Other;PART;38
Other;OUTSIDE;14
Other;AMONGST;1
Other;I;29
Other;ENTITYÂ€™S;27
Other;ANY;100
Other;IDENTICAL;1
Other;2010;6
Other;L;38
Other;TO;1531
Other;RECOMMENDATIONS;30
Other;SHOULD;194
Other;40;5
Other;100;3
Other;DOWN;37
Other;PRINCIPLE;13
Other;2;48
Other;SUCH;131
Other;CHAPTER;14
Other;WITH;404
Other;AGAINST;8
Other;FOLLOWS;14
Other;UP;19
Other;WAS;4
Other;1;80
Other;INTO;73
Other;SOME;7
Other;C;70
Other;V;4
Other;THIS;220
Other;BEHIND;1
Other;THAT;337
Other;OTHER;109
Other;THROUGHOUT;11
Other;MANY;2
Other;EACH;25
Other;LITTLE;1
Other;WILL;3
Other;OUT;85
Other;SEEN;1
Other;THREE;16
Other;STANDARD;6
Other;WHOLE;10
Other;CAPS;2
Other;AMONG;11
Other;MAY;92
Other;TWO;1
Other;ACROSS;20
Other;DURING;7
Other;9;10
Other;GENERALLY;1
Other;WHICHEVER;1
Other;THAN;48
Other;EG;4
Other;OUGHT;1
Other;SIMILAR;3
Other;REPORT;41
Other;WHAT;5
Other;DOES;9
Other;THEREOF;12
Other;OUR;1
Other;III;14
Other;THOSE;87
Other;PAST;2
Other;MORE;26
Other;UPON;28
Other;COULD;13
Other;25;14
Other;WHEN;63
Other;PURPOSES;37
Other;PAYMENT;45
Other;RELATED;27
Other;WHICH;137
Other;EXCLUDING;3
Other;CERTAIN;13
Other;MAKES;2
Other;MAKE;5
Other;MADE;2
Other;PROPORTIONATE;16
Other;75;1
Other;ARTICLE;361
Unclassified;APPEARS;1
Unclassified;CONSIDERING;4
Unclassified;CHOOSE;1
Unclassified;CHOICE;1
Unclassified;CHANGE;7
Unclassified;CONSIDERS;4
Unclassified;CONSIDERATIONS;1
Unclassified;AIMED;2
Unclassified;AIMS;3
Unclassified;CONSIDERED;11
Unclassified;CONSIDERATION;8
Unclassified;CHANGED;2
Unclassified;CHANGES;13
Unclassified;CHANGING;1
Unclassified;CHOSEN;1
