Operands;;1035
Operands;VARIETY;1
Operands;CAPABLE;8
Operands;2A;20
Operands;EXCHANGE;78
Operands;IDENTITY;18
Operands;INCENTIVES;5
Operands;BEGIN;4
Operands;149;1
Operands;BRANCH;5
Operands;AUTHORITY;332
Operands;TRIGGER;1
Operands;EUR;21
Operands;LONGER;12
Operands;FREQUENCY;4
Operands;PHYSICAL;8
Operands;AGENCIES;3
Operands;PUT;14
Operands;VOTING;8
Operands;MATCHING;1
Operands;2022;2
Operands;CLASSIFICATION;20
Operands;59;2
Operands;EXPERTISE;9
Operands;EMPLOYEE;1
Operands;OPPORTUNITY;9
Operands;EXIT;1
Operands;INVESTMENT;91
Operands;PRICING;4
Operands;COMMUNICATIONS;74
Operands;POSITION;13
Operands;INTEREST;61
Operands;523;1
Operands;RECEIVED;48
Operands;LIABILITIES;1
Operands;OWN;56
Operands;TRANSITIONAL;6
Operands;SHARE;4
Operands;PROMOTE;11
Operands;PROVIDER’S;12
Operands;32;14
Operands;METHODOLOGY;10
Operands;CORRECTIVE;3
Operands;CRITICAL;5
Operands;COLLECTED;7
Operands;OPEN;4
Operands;11;16
Operands;DIRECTIVES;9
Operands;COUNTERPARTIES;1
Operands;VALID;7
Operands;INTERMEDIARIES;1
Operands;CONSEQUENCES;2
Operands;DETRIMENT;1
Operands;CATEGORY;7
Operands;NOTE;1
Operands;291;1
Operands;ACKNOWLEDGE;5
Operands;TIER;4
Operands;APPROPRIATE;71
Operands;VIEWS;2
Operands;DESCRIPTION;91
Operands;BROUGHT;1
Operands;DAMAGES;7
Operands;OUTCOMES;2
Operands;INVESTORS;14
Operands;DRAFT;118
Operands;RETAIL;34
Operands;BUSINESS;79
Operands;2016;13
Operands;BOARD;5
Operands;PLATFORM;166
Operands;EXERCISED;8
Operands;SERVICE;546
Operands;MODIFICATIONS;5
Operands;MECHANISM;29
Operands;271;2
Operands;SOCALLED;1
Operands;SUPERVISED;3
Operands;MANAGEMENT;145
Operands;PUBLISH;34
Operands;GROWTH;1
Operands;PERIODS;2
Operands;OFFICIALS;10
Operands;REGULAR;18
Operands;CONTINUED;3
Operands;INSTITUTION’;3
Operands;4;43
Operands;ECONOMIC;14
Operands;COMMERCIAL;18
Operands;TIMES;16
Operands;ACHIEVED;2
Operands;PRICES;19
Operands;OVERSIGHT;3
Operands;PURCHASING;4
Operands;GAIN;1
Operands;ESSENTIAL;8
Operands;PREMISES;5
Operands;66;2
Operands;REASONS;15
Operands;PENALTY;36
Operands;58;3
Operands;POOL;1
Operands;ENABLE;23
Operands;384;1
Operands;PURSUED;2
Operands;COMMITTEE;8
Operands;PRODUCT;4
Operands;TREATY;5
Operands;SIZE;34
Operands;MANNER;26
Operands;COMMUNICATION;21
Operands;OCCURRENCE;1
Operands;RESOURCES;12
Operands;PENSION;5
Operands;274;1
Operands;AMENDMENTS;6
Operands;OPERATE;10
Operands;EFFECTIVENESS;8
Operands;CONTINGENCY;1
Operands;OPERATORS;7
Operands;HARDWARE;1
Operands;ASSETREFERENCED;749
Operands;PREPARATORY;3
Operands;PARTS;10
Operands;PROTOCOLS;17
Operands;SKILLS;9
Operands;ORGANISATIONAL;6
Operands;WRITING;20
Operands;ACCESS;47
Operands;EXPRESSED;1
Operands;PROJECTIONS;1
Operands;ADEQUATE;22
Operands;SOLUTIONS;2
Operands;2009;4
Operands;INSTRUCTIONS;3
Operands;VI;10
Operands;CONSISTENT;26
Operands;AIM;12
Operands;SHARES;3
Operands;DISCRETION;4
Operands;CLAIM;20
Operands;6;41
Operands;14;38
Operands;–;16
Operands;LOSS;9
Operands;COMPETENT;557
Operands;15;34
Operands;STRICT;1
Operands;SUMMARY;25
Operands;GEOGRAPHICAL;1
Operands;ANCILLARY;2
Operands;TECHNOLOGY;31
Operands;EFFECT;49
Operands;21;15
Operands;ANTE;3
Operands;SUBSIDIARY;10
Operands;DOMESTIC;1
Operands;191;3
Operands;MARK;1
Operands;TFEU;8
Operands;OPERATIONS;19
Operands;UNLIMITED;1
Operands;ACKNOWLEDGEMENT;5
Operands;CLASSIFIED;11
Operands;61;5
Operands;DATES;1
Operands;LIABILITY;20
Operands;RESIDENT;2
Operands;DECIDE;11
Operands;SIMPLE;4
Operands;57;3
Operands;LOCATED;1
Operands;APPOINTED;13
Operands;PRESIDENT;2
Operands;DELEGATION;10
Operands;INCREASED;3
Operands;DISTRIBUTED;19
Operands;2016/;2
Operands;SELL;7
Operands;FACT;10
Operands;49;3
Operands;CONDUCTED;6
Operands;JURISDICTIONS;2
Operands;EXTERNAL;4
Operands;DEFENCE;3
Operands;REPORTS;4
Operands;CLARIFY;1
Operands;INCIDENT;3
Operands;PROVIDER’;2
Operands;ICTRELATED;1
Operands;PREVENTION;8
Operands;500;2
Operands;392;2
Operands;34;5
Operands;281;2
Operands;113;10
Operands;52;5
Operands;CONSTRAINTS;2
Operands;TRANSFER;32
Operands;412;2
Operands;CONSULTED;2
Operands;EXTENT;8
Operands;1051;2
Operands;INDIRECT;3
Operands;CODE;5
Operands;OJ;33
Operands;COMPETITION;3
Operands;DECEMBER;2
Operands;SERVICES;261
Operands;APPROPRIATENESS;4
Operands;REMEDY;2
Operands;421;3
Operands;LARGE;9
Operands;EQUITABLE;3
Operands;ACQUIRES;1
Operands;EXAMINATION;2
Operands;SUBSIDIARIES;3
Operands;302;4
Operands;CREATE;14
Operands;DUAL;2
Operands;MEDIUM;3
Operands;85;1
Operands;SMOOTH;26
Operands;CARRY;30
Operands;CAPACITY;4
Operands;COMPOSITION;7
Operands;OBTAINED;4
Operands;PENSIONS;1
Operands;ERRORS;1
Operands;MATERIAL;24
Operands;COURT;10
Operands;321;2
Operands;IMPACTS;13
Operands;ELECTRONIC;52
Operands;ARBITRAGE;3
Operands;86;1
Operands;ARTICLES;94
Operands;FOLLOWED;2
Operands;FACE;1
Operands;INSURANCE;11
Operands;RESPONSIBILITY;12
Operands;PERSONNEL;1
Operands;AGAIN;1
Operands;600/2014;2
Operands;WORK;6
Operands;334;4
Operands;ULTIMATE;2
Operands;CONSULTING;3
Operands;CITIZENS;2
Operands;JURISDICTION;2
Operands;BETTER;7
Operands;REIMBURSEMENT;3
Operands;PROFILE;3
Operands;OPTIONAL;1
Operands;1093/2010;13
Operands;COOPERATION;62
Operands;SOUND;12
Operands;EMPOWERED;6
Operands;COUNCIL;107
Operands;DETAILED;27
Operands;168;3
Operands;CIVIL;8
Operands;PURPOSES;38
Operands;CREDIT;114
Operands;OUTSOURCING;10
Operands;262;2
Operands;STANDARD;13
Operands;MEASURES;93
Operands;48;8
Operands;31;32
Operands;GUARANTEE;5
Operands;3;68
Operands;24;16
Operands;RESILIENCE;3
Operands;MARKET;135
Operands;FLOW;3
Operands;335;3
Operands;EXPENSES;4
Operands;FUNCTION;4
Operands;COUNTERPARTY;6
Operands;41;9
Operands;EBA;339
Operands;REASONED;4
Operands;ANNUAL;23
Operands;STARTING;18
Operands;35;6
Operands;FINAL;23
Operands;TRANSACTIONS;68
Operands;PARTICIPATE;4
Operands;SALE;9
Operands;UNABLE;4
Operands;ACTIVE;2
Operands;OPPORTUNITIES;5
Operands;FAILURES;1
Operands;LOCATION;1
Operands;18;15
Operands;INTERESTS;27
Operands;UNDERSTANDING;1
Operands;CONFIDENTIAL;3
Operands;RELEVANCE;1
Operands;PROTECT;9
Operands;INTERESTED;3
Operands;MATTERS;9
Operands;30;29
Operands;EFFICIENT;7
Operands;OBLIGATION;13
Operands;RIGHT;46
Operands;PROBLEM;1
Operands;DETECTION;1
Operands;ACTS;28
Operands;2018;4
Operands;SCOPE;26
Operands;ABILITY;14
Operands;ADVICE;35
Operands;AGE;1
Operands;HISTORICAL;3
Operands;TRANSPARENT;16
Operands;REPUTATION;8
Operands;DEALING;12
Operands;76;2
Operands;CONTRACTED;1
Operands;ASSETS;270
Operands;ISSUED;49
Operands;PILOT;3
Operands;TURNOVER;16
Operands;PURPOSE;37
Operands;INVESTOR;16
Operands;EVENT;29
Operands;PURCHASE;30
Operands;SOURCES;8
Operands;ORGANISATIONS;6
Operands;BASIC;2
Operands;PARAGRAPH;346
Operands;ENTERPRISES;3
Operands;TRANSITION;5
Operands;ONSITE;24
Operands;ASCERTAIN;1
Operands;TRANSFERS;1
Operands;INITIATIVE;14
Operands;DOCUMENT;5
Operands;MECHANISMS;30
Operands;CONCENTRATED;3
Operands;BENEFITS;12
Operands;REWARD;2
Operands;STATES;83
Operands;DETECT;10
Operands;ENVISAGED;11
Operands;INSTITUTIONS;72
Operands;COMMON;9
Operands;DISPUTE;2
Operands;IMPOSING;11
Operands;EFFECTIVE;45
Operands;CRYPTOASSET;926
Operands;39;8
Operands;RECEIPT;32
Operands;AGREE;1
Operands;OUTSTANDING;4
Operands;ACTING;22
Operands;EXPECTED;8
Operands;ASSET;30
Operands;SUBJECTIVE;1
Operands;IMPACT;24
Operands;CYBERATTACKS;1
Operands;EURO;21
Operands;51;4
Operands;RESPONSE;9
Operands;DECISIONMAKING;2
Operands;SANCTIONS;5
Operands;COMMUNICATED;5
Operands;CYBER;3
Operands;COMPONENTS;1
Operands;173;3
Operands;ABSENCE;9
Operands;DEFER;1
Operands;VOLUNTARY;4
Operands;CAPITAL;21
Operands;VIEW;6
Operands;BODY;62
Operands;PRECEDENT;3
Operands;BANKS;14
Operands;PARENT;20
Operands;TOOLS;2
Operands;CONTRIBUTE;3
Operands;ENTITY’S;1
Operands;DISCUSSIONS;1
Operands;DUTIES;31
Operands;DETAILS;17
Operands;STABILITY;40
Operands;REMUNERATION;12
Operands;DEVELOPMENTS;15
Operands;ITEMS;9
Operands;2;103
Operands;TYPES;21
Operands;CONTROL;32
Operands;211;3
Operands;OFFERING;16
Operands;DISRUPTION;2
Operands;CONFLICTS;28
Operands;SECURITIES;17
Operands;ADVANTAGE;1
Operands;FRAUD;6
Operands;SEPTEMBER;2
Operands;APPROACH;8
Operands;DETAIL;6
Operands;PRACTICES;9
Operands;ENFORCEMENT;14
Operands;OFTEN;1
Operands;END;19
Operands;LEGITIMATE;7
Operands;THREAT;22
Operands;TWICE;3
Operands;INACCURACY;2
Operands;648/2012;2
Operands;ENTITIES;55
Operands;UNFAIR;4
Operands;INTERNAL;26
Operands;STRENGTHEN;1
Operands;DISCLOSING;4
Operands;CONCLUSION;3
Operands;EXPERTS;5
Operands;INCUR;2
Operands;TRANSPARENCY;7
Operands;SMALL;5
Operands;CONSULT;11
Operands;QUESTIONS;4
Operands;FIXED;6
Operands;87;1
Operands;FIVE;8
Operands;PARTICIPATION;2
Operands;ENTITLED;10
Operands;PRIOR;31
Operands;CLIENTS;130
Operands;STEP;1
Operands;INCURRED;3
Operands;TRUE;1
Operands;MAJORITY;3
Operands;LEGISLATION;34
Operands;SCENARIOS;11
Operands;213;2
Operands;NONCOMPLIANCE;1
Operands;COMPREHENSIVE;10
Operands;SUPPLY;12
Operands;10;54
Operands;G;49
Operands;COST;3
Operands;TRADED;3
Operands;ACCOUNT;69
Operands;STRATEGIC;1
Operands;25;15
Operands;YEARS;17
Operands;APPLICATION;91
Operands;LIGHT;5
Operands;OPERATED;9
Operands;INFRASTRUCTURE;1
Operands;42;14
Operands;38;6
Operands;120;2
Operands;COMPLETION;8
Operands;INSTRUMENTS;41
Operands;2011;1
Operands;USES;11
Operands;ALREADY;14
Operands;DISCLOSED;17
Operands;2015/2366;10
Operands;65;3
Operands;DRAW;7
Operands;2021/XX;8
Operands;PLAN;76
Operands;COMMISSION;122
Operands;EUROPEAN;143
Operands;DAY;26
Operands;43;6
Operands;COUNTRIES;23
Operands;HIGHRISK;3
Operands;RECORDS;17
Operands;COSTS;18
Operands;CHANNELS;2
Operands;POOLS;3
Operands;371;5
Operands;RISE;3
Operands;PRODUCTS;8
Operands;STABLE;5
Operands;PLEASE;55
Operands;DESIGNED;2
Operands;ACCURATELY;1
Operands;BASIS;76
Operands;DULY;15
Operands;DEPOSITORIES;1
Operands;GROSS;1
Operands;FOSTER;2
Operands;SAFEGUARD;15
Operands;72;3
Operands;FORM;40
Operands;SITUATION;8
Operands;MEMBERS;38
Operands;CHARACTERISTICS;15
Operands;2006/43/EC;1
Operands;104;5
Operands;COLLECTING;1
Operands;CLASS;11
Operands;EU;212
Operands;DEVELOPING;8
Operands;ADDRESS;54
Operands;343;2
Operands;WIDESPREAD;2
Operands;CENTRALISED;1
Operands;VARIABLE;1
Operands;SUPERVISORS;10
Operands;PRIVILEGE;2
Operands;OFFICIAL;43
Operands;STRATEGY;3
Operands;BURDEN;1
Operands;CONTROLLING;5
Operands;78;8
Operands;CREATION;3
Operands;RESPONSIBLE;54
Operands;PARAMETERS;2
Operands;73;4
Operands;ACCOMPANIED;5
Operands;PREPARE;13
Operands;ONLINE;4
Operands;WISH;4
Operands;SOLVENCY;1
Operands;ASSESSMENTS;1
Operands;ARRANGEMENTS;79
Operands;DIFFICULT;2
Operands;PARTIES;78
Operands;PROFESSIONAL;21
Operands;PRODUCES;1
Operands;AUDITORS;4
Operands;125;1
Operands;TOKENS;1115
Operands;254;1
Operands;2009/110/EC;37
Operands;PRESERVE;1
Operands;ADVANTAGES;3
Operands;BOOK;2
Operands;23;13
Operands;CARRYING;9
Operands;FIGURES;1
Operands;46;9
Operands;PURCHASER;6
Operands;COORDINATION;8
Operands;MAINTENANCE;6
Operands;LIABLE;5
Operands;MINOR;2
Operands;CONTROLLED;10
Operands;CONFIDENCE;4
Operands;68;2
Operands;CRIMINAL;27
Operands;EASY;1
Operands;ADVERSE;21
Operands;CONTRIBUTES;2
Operands;STRUCTURE;4
Operands;LIQUIDITY;40
Operands;ECONOMY;2
Operands;CATEGORIES;11
Operands;REACHED;3
Operands;TARGETED;1
Operands;UNIFORMITY;1
Operands;TECHNOLOGICAL;8
Operands;DEVELOPMENT;23
Operands;CONTEXT;16
Operands;CROSSBORDER;11
Operands;SHAREHOLDINGS;1
Operands;MULTILATERAL;2
Operands;CAUSE;2
Operands;APPROACHES;5
Operands;117;2
Operands;ENGAGED;1
Operands;PLANS;6
Operands;BILLION;1
Operands;DELAY;29
Operands;PRICE;33
Operands;FINANCE;12
Operands;ADMINISTRATIVE;63
Operands;DECISIONS;13
Operands;5;63
Operands;251;2
Operands;MONEY;65
Operands;77;8
Operands;TRANSACTION;19
Operands;COHERENT;2
Operands;FLUCTUATIONS;2
Operands;PLACES;1
Operands;HELD;50
Operands;INTRODUCING;1
Operands;LINE;3
Operands;PARLIAMENT;104
Operands;TERMS;13
Operands;AUDITS;2
Operands;331;10
Operands;DEGREE;5
Operands;DISASTER;1
Operands;DISCLOSE;29
Operands;200;5
Operands;PROCEDURE;45
Operands;DELIVERED;3
Operands;EVALUATION;7
Operands;STRESS;23
Operands;LINES;4
Operands;EXCHANGING;9
Operands;COMMITMENT;1
Operands;CLEAR;54
Operands;ROBUST;5
Operands;PRINCIPLE;4
Operands;DISTRIBUTE;2
Operands;12;70
Operands;UNITS;2
Operands;RECOURSE;2
Operands;326;1
Operands;USUALLY;2
Operands;FOLLOW;4
Operands;ELEMENTS;8
Operands;DESIGNATION;4
Operands;EXPERIENCE;18
Operands;53;8
Operands;CRISIS;4
Operands;COMMODITY;1
Operands;AUTHORISATION;147
Operands;STATEMENTS;15
Operands;POSED;3
Operands;OPERATION;54
Operands;SHOCKS;3
Operands;70;3
Operands;VOLATILITY;2
Operands;PROJECTED;1
Operands;INTERNATIONAL;21
Operands;INTEGRITY;36
Operands;MANIPULATION;7
Operands;ENTER;9
Operands;DEVELOP;48
Operands;REGIONAL;1
Operands;INTERVENTION;3
Operands;DESIGNATED;6
Operands;BEAR;6
Operands;OUTLINE;2
Operands;2013;2
Operands;PROVIDERS’;4
Operands;PROVISIONS;37
Operands;EXPLICIT;2
Operands;STRENGTH;3
Operands;HOME;74
Operands;INSPECTION;28
Operands;VEHICLE;1
Operands;DURATION;9
Operands;CRYPTOASSETS;884
Operands;DISCUSSION;1
Operands;FIRM;29
Operands;FINANCING;26
Operands;CRITERIA;51
Operands;POINTS;45
Operands;RESERVES;13
Operands;RETAINED;2
Operands;ASSIST;4
Operands;INTERMEDIATE;2
Operands;69;3
Operands;BELIEVE;2
Operands;RESPOND;1
Operands;ISSUE;42
Operands;FRAMEWORK;19
Operands;CHARGE;12
Operands;DEFERRED;2
Operands;MANAGE;22
Operands;PERSONAL;20
Operands;2009/65/EC;7
Operands;NONDISCRIMINATORY;12
Operands;METHODS;3
Operands;PROCESSES;8
Operands;TEAM;4
Operands;WEAKNESSES;2
Operands;EARLIER;1
Operands;AUDITED;4
Operands;SAFEGUARDS;3
Operands;BREACHES;5
Operands;OUTCOME;12
Operands;98;9
Operands;WAYS;1
Operands;COMPANIES;6
Operands;CONTROLS;3
Operands;KNOWLEDGE;23
Operands;74;5
Operands;INFLUENCE;6
Operands;PERSON;202
Operands;WORKING;96
Operands;SUPPLEMENTARY;2
Operands;WAY;24
Operands;QUESTION;3
Operands;PARTY;22
Operands;UNDERTAKEN;6
Operands;BECOMES;1
Operands;CREATING;3
Operands;TARGET;5
Operands;NONRECURRING;1
Operands;PROCESSED;1
Operands;NUMBER;69
Operands;SOFTWARE;2
Operands;FRAMEWORKS;3
Operands;JUSTICE;11
Operands;PARTIAL;1
Operands;105;4
Operands;DEMAND;10
Operands;DIVERSE;1
Operands;ACTIVITIES;76
Operands;SOCIAL;9
Operands;LEGAL;155
Operands;CARE;3
Operands;SIGNIFICANCE;2
Operands;POSITIONS;6
Operands;DISPOSAL;6
Operands;LIKELIHOOD;1
Operands;FILING;2
Operands;SYSTEM;25
Operands;OPERATING;24
Operands;REMEDIAL;1
Operands;INFORMATION;489
Operands;TRANSFERRED;17
Operands;PAY;1
Operands;PERIOD;65
Operands;258;2
Operands;ONES;1
Operands;126;1
Operands;SELLING;3
Operands;PERIODIC;31
Operands;ENVIRONMENT;1
Operands;MATTER;12
Operands;FACILITY;3
Operands;COMPLIANCE;29
Operands;REGISTRATION;10
Operands;1A;26
Operands;DISADVANTAGES;2
Operands;ENHANCE;1
Operands;COMPLEXITY;7
Operands;CONSULTATIONS;3
Operands;INSPECTIONS;10
Operands;ISSUES;9
Operands;DISPLAY;1
Operands;QUALIFIED;9
Operands;SUBPARAGRAPHS;2
Operands;COM2020;1
Operands;UNION’S;1
Operands;PURCHASED;2
Operands;RETIREMENT;5
Operands;DATE;155
Operands;DERIVATIVES;2
Operands;USED;61
Operands;INCONSISTENT;4
Operands;ESTABLISHMENTS;1
Operands;SUPPLIED;1
Operands;PROTECTION;71
Operands;BODIES;16
Operands;JEOPARDISE;3
Operands;MARKETS;42
Operands;CONTRIBUTION;1
Operands;80;10
Operands;RIGHTS;69
Operands;REVIEW;36
Operands;INVESTIGATION;43
Operands;TRADE;5
Operands;SUBSEQUENT;6
Operands;DESIGN;3
Operands;INTRAGROUP;2
Operands;ENGAGEMENT;2
Operands;183;10
Operands;DORA;1
Operands;231;2
Operands;AMOUNTS;8
Operands;CONFIDENTIALITY;9
Operands;CONFLICT;2
Operands;CASH;2
Operands;374;3
Operands;ESTABLISHMENT;2
Operands;CALENDAR;9
Operands;SECRETARIAT;1
Operands;INTRODUCE;3
Operands;MONITORING;10
Operands;84;4
Operands;GOVERNANCE;17
Operands;STRONG;3
Operands;LENGTH;2
Operands;COUNTRY;22
Operands;FIND;9
Operands;ESMA;216
Operands;324;4
Operands;PARTNERS;1
Operands;LOSSES;27
Operands;BESPOKE;1
Operands;75;2
Operands;INSTITUTION;64
Operands;EXECUTION;43
Operands;UNRELATED;1
Operands;BEHAVIOUR;9
Operands;PLACE;56
Operands;CREATED;3
Operands;HIGH;4
Operands;WIDE;5
Operands;CONTACT;15
Operands;ATTENTION;4
Operands;ACCOUNTING;6
Operands;THIRD;134
Operands;OCCUR;3
Operands;INTERIM;5
Operands;EXPENDITURE;1
Operands;BRING;8
Operands;BANKING;5
Operands;REMEDIES;2
Operands;MODIFIED;49
Operands;PROCEEDINGS;10
Operands;DIRECTIVE;200
Operands;REVEALED;2
Operands;AFFECTS;1
Operands;IMPAIRING;2
Operands;PORTFOLIOS;5
Operands;NAME;44
Operands;REAL;2
Operands;1060/2009;4
Operands;INTERCONNECTED;1
Operands;AC;4
Operands;PROGRAMME;10
Operands;45;3
Operands;EC;15
Operands;SUFFICIENT;19
Operands;19;15
Operands;WITHDRAWAL;29
Operands;BACKUP;1
Operands;CONSULTATION;2
Operands;UNDERSTAND;3
Operands;HORIZONTAL;1
Operands;55;10
Operands;EXPLANATION;11
Operands;ARISE;3
Operands;TECHNIQUES;1
Operands;ACCOUNTS;8
Operands;OUTSOURCED;3
Operands;CAUSED;4
Operands;PROVIDER;195
Operands;WRITTEN;23
Operands;WORDS;3
Operands;LOCAL;1
Operands;ADEQUACY;3
Operands;273;1
Operands;IMPOSSIBLE;1
Operands;LANGUAGE;26
Operands;ACCEPTABLE;1
Operands;FUNDING;1
Operands;BEHAVIOURS;1
Operands;AFFECTED;1
Operands;BENEFIT;9
Operands;REASONABLE;42
Operands;174;1
Operands;POWER;64
Operands;ELEMENT;1
Operands;LIST;16
Operands;DEMONSTRATE;11
Operands;UNDERTAKING;19
Operands;VALUATION;6
Operands;ACKNOWLEDGING;2
Operands;FULFILMENT;5
Operands;AREAS;5
Operands;PAYMENTS;33
Operands;INTENTION;8
Operands;VERSION;3
Operands;TEXT;3
Operands;COORDINATE;7
Operands;FINANCIAL;152
Operands;PRIMARY;1
Operands;LISTED;24
Operands;AFFAIRS;3
Operands;DISTRIBUTORS;2
Operands;UNDERTAKINGS;9
Operands;REINSURANCE;3
Operands;PAID;7
Operands;SIMPLIFIED;2
Operands;NOTICE;21
Operands;COMPANY;20
Operands;ATTACHED;10
Operands;LEVIED;1
Operands;MODEST;1
Operands;KEEP;10
Operands;RELIABLE;1
Operands;BASED;19
Operands;EFFECTS;3
Operands;REVIEWED;9
Operands;EXEMPTIONS;8
Operands;CONTRACTS;11
Operands;181;1
Operands;ACQUISITION;30
Operands;FEASIBILITY;4
Operands;STANDARDS;154
Operands;DOCUMENTS;14
Operands;TIMING;1
Operands;SOLD;3
Operands;KEY;12
Operands;PARTNERSHIPS;1
Operands;VENUES;2
Operands;MONTHS;92
Operands;DEVELOPED;5
Operands;ACCOUNTABILITY;1
Operands;40;18
Operands;ENABLES;3
Operands;REMAINING;3
Operands;DIRECT;9
Operands;323;6
Operands;272;1
Operands;TRADITIONAL;3
Operands;MAJOR;1
Operands;ADDRESSED;16
Operands;CORRELATION;1
Operands;REACH;2
Operands;FOREIGN;1
Operands;DECIDING;2
Operands;REPRESENTATIVES;2
Operands;PERFORMANCE;26
Operands;FIELD;2
Operands;GROUP;3
Operands;AUTHORISED;119
Operands;HOLDINGS;24
Operands;TECHNICAL;149
Operands;FEATURES;9
Operands;PRESENTED;11
Operands;INITIAL;6
Operands;RISKS;97
Operands;POLICY;90
Operands;STATEMENT;31
Operands;LOWRISK;2
Operands;REFUND;1
Operands;REPORTED;2
Operands;123;2
Operands;GROUPS;1
Operands;2016/679;4
Operands;241;1
Operands;RECOGNISED;2
Operands;DISCOUNT;3
Operands;BEST;23
Operands;MOVEMENT;7
Operands;ARRANGING;2
Operands;WITHDRAW;10
Operands;SCALE;16
Operands;MONITOR;16
Operands;16;16
Operands;FAIR;37
Operands;NOTIFICATION;50
Operands;INSOFAR;6
Operands;VERY;5
Operands;SOON;15
Operands;ISSUERS;327
Operands;CERTAINTY;2
Operands;SYSTEMS;66
Operands;PRIVATE;3
Operands;AUTHORITIES;316
Operands;FULL;13
Operands;CONTRACT;11
Operands;13;10
Operands;AVAILABILITY;2
Operands;PROVIDERS;295
Operands;CLAIMS;10
Operands;27;10
Operands;INNOVATIVE;4
Operands;67;3
Operands;DECENTRALISED;4
Operands;INSTRUMENT;3
Operands;TECHNOLOGIES;5
Operands;162;3
Operands;STATE;172
Operands;ALIGNED;1
Operands;47;3
Operands;HARMONISED;2
Operands;PERFORMED;8
Operands;7;18
Operands;QUALIFIES;1
Operands;PREJUDICE;34
Operands;GUIDELINES;21
Operands;BROAD;1
Operands;ADVANCE;2
Operands;FORCE;72
Operands;FINALLY;1
Operands;RELIANCE;1
Operands;PUBLICLY;15
Operands;RELIABILITY;1
Operands;17;17
Operands;STRESSED;4
Operands;FIRMS;39
Operands;ACQUISITIONS;5
Operands;MAIN;3
Operands;LENDING;2
Operands;ANNUALLY;4
Operands;PROVIDING;64
Operands;FORESEEN;3
Operands;EXERCISES;1
Operands;APPEAL;12
Operands;CONDUCT;23
Operands;26;10
Operands;349;2
Operands;THIRDCOUNTRY;7
Operands;54;4
Operands;POSSIBILITY;11
Operands;PREPARATION;5
Operands;PRUDENTIAL;23
Operands;EXPERT;2
Operands;POSSIBLE;47
Operands;NONFINANCIAL;3
Operands;LAW;79
Operands;PROFIT;1
Operands;20;40
Operands;NECESSARY;86
Operands;29;10
Operands;ENTRUSTED;4
Operands;MEASURE;32
Operands;EEA;1
Operands;REDEMPTION;64
Operands;AVAILABLE;61
Operands;295;2
Operands;MANAGED;10
Operands;BECOME;3
Operands;ORDER;116
Operands;FINDINGS;10
Operands;BANK;44
Operands;SITUATIONS;12
Operands;INSUFFICIENT;1
Operands;SECURITY;21
Operands;INTERPRETED;1
Operands;DESCRIBED;4
Operands;DISCUSSED;1
Operands;RULES;56
Operands;PLANNED;4
Operands;PERFORMS;1
Operands;IMPORTANT;6
Operands;PROTECTED;5
Operands;TEMPLATES;11
Operands;TAXATION;1
Operands;PRINCIPAL;13
Operands;FUND;9
Operands;ATTEMPT;2
Operands;IMPLICATIONS;2
Operands;PAGE;2
Operands;ACTIVITY;26
Operands;WELL;39
Operands;THREATS;3
Operands;FINALISED;2
Operands;INTRODUCTION;4
Operands;157;1
Operands;LEVEL;23
Operands;FIT;3
Operands;261;1
Operands;FASTER;2
Operands;ANNEX;33
Operands;ACCURATE;6
Operands;232;1
Operands;POSE;18
Operands;INSOLVENCY;14
Operands;166;1
Operands;FEES;22
Operands;UNDERTAKE;1
Operands;POINT;123
Operands;QUALITATIVE;1
Operands;CONTINUITY;23
Operands;HELP;4
Operands;DISCLOSURE;41
Operands;SUBSTANCE;2
Operands;150;1
Operands;TRADING;432
Operands;EVIDENCE;10
Operands;PROCEDURES;125
Operands;CONVERGENCE;3
Operands;DEVISE;1
Operands;APPROPRIATIONS;1
Operands;FREE;13
Operands;NOVEMBER;5
Operands;UPDATED;16
Operands;GLOBAL;2
Operands;LEAD;5
Operands;AGREEMENT;35
Operands;ORIGINAL;1
Operands;APRIL;10
Operands;ALTER;1
Operands;FOCUS;1
Operands;OBJECTIVE;8
Operands;PENALTIES;31
Operands;REASON;11
Operands;EXAMINE;5
Operands;RANGE;10
Operands;PRESENCE;1
Operands;PARTICIPANTS;9
Operands;CONTINUOUS;2
Operands;SENSE;1
Operands;SECTOR;6
Operands;PEOPLE;1
Operands;EFFICIENCY;3
Operands;94;1
Operands;F;54
Operands;LEGISLATIVE;7
Operands;APPLICATIONS;9
Operands;INDIVIDUAL;4
Operands;ADDRESSING;6
Operands;STANDARDISED;1
Operands;MANAGERS;6
Operands;LONG;7
Operands;DIVERGENCES;3
Operands;DELEGATE;1
Operands;MANDATES;1
Operands;OFFER;163
Operands;FEE;11
Operands;BUDGET;1
Operands;CHARACTERISATION;1
Operands;COMMENSURATE;1
Operands;CHALLENGES;4
Operands;62;2
Operands;SETTLEMENTS;1
Operands;INSERT;56
Operands;ORGANIZED;1
Operands;STATUTE;1
Operands;AUDIT;16
Operands;USE;51
Operands;VALUE;94
Operands;LEAVES;1
Operands;BORROWING;2
Operands;NATURAL;89
Operands;ANALYSIS;14
Operands;253;1
Operands;HARMONISATION;1
Operands;MICA;5
Operands;SUPPLEMENT;3
Operands;UNDUE;20
Operands;REGULATION;421
Operands;APPLICANT;82
Operands;KNOWN;1
Operands;DELETED;91
Operands;CULTURE;1
Operands;SOUNDNESS;4
Operands;INDEPENDENT;11
Operands;TREATMENT;14
Operands;PARTICIPATING;2
Operands;CARRIED;10
Operands;2017;4
Operands;TABLE;3
Operands;COVERAGE;2
Operands;AGREEMENTS;6
Operands;CONTRAST;1
Operands;FUNCTIONS;32
Operands;103;1
Operands;SUPERVISION;33
Operands;DOMICILE;3
Operands;OPERATIONAL;25
Operands;TYPE;31
Operands;ACHIEVE;1
Operands;EXAMPLES;1
Operands;PROPER;17
Operands;DEPOSIT;4
Operands;REGISTERED;24
Operands;AREA;13
Operands;MODIFICATION;7
Operands;START;2
Operands;NEW;12
Operands;EXAMPLE;1
Operands;WEBSITE;51
Operands;NATURE;45
Operands;NEGLIGENCE;2
Operands;DAMAGE;6
Operands;LINKED;3
Operands;AFFECT;19
Operands;MODELS;3
Operands;USERS;9
Operands;DETER;2
Operands;1094/2010;2
Operands;63;4
Operands;83;2
Operands;INVESTIGATIONS;23
Operands;ENTRY;77
Operands;DIFFICULTIES;3
Operands;PRESENT;9
Operands;EXERCISE;34
Operands;FAIL;2
Operands;DATA;71
Operands;SOPHISTICATION;1
Operands;PRODUCTION;8
Operands;CLOSE;38
Operands;X;1
Operands;BUYERS;3
Operands;CUSTOMER;4
Operands;INCURRING;1
Operands;DOCUMENTATION;4
Operands;TITLE;59
Operands;182;1
Operands;EXPOSURE;1
Operands;JUSTIFIED;3
Operands;ENHANCED;1
Operands;CONTENT;32
Operands;1095/2010;19
Operands;PROPOSED;15
Operands;263;2
Operands;2014/65/EU;24
Operands;FINES;22
Operands;INVESTMENTS;6
Operands;ASPECTS;3
Operands;HIGHLY;7
Operands;QUALITY;10
Operands;LONGTERM;1
Operands;GOALS;2
Operands;ACTION;45
Operands;LEVELS;1
Operands;64;5
Operands;PRINCIPLES;4
Operands;TERRITORY;2
Operands;RECOVERY;35
Operands;ACTUAL;3
Operands;CAPTURE;4
Operands;SIGNIFICANT;343
Operands;TEMPORARY;10
Operands;ENGAGES;2
Operands;SECTIONS;2
Operands;INNOVATION;3
Operands;STRUCTURED;2
Operands;RECOGNITION;1
Operands;BRINGING;2
Operands;PARTICULAR;72
Operands;PRODUCE;7
Operands;ONGOING;12
Operands;DESCRIPTIONS;1
Operands;PROFITS;18
Operands;PROCESS;8
Operands;YEAR;18
Operands;2010;8
Operands;1;217
Operands;SHAREHOLDERS;10
Operands;NATIONAL;98
Operands;NEUTRALITY;1
Operands;RESOLUTION;19
Operands;36;11
Operands;44;3
Operands;ENTITY;34
Operands;POLICIES;33
Operands;REGISTER;37
Operands;184;2
Operands;PRACTICE;5
Operands;PURSUANT;54
Operands;ANSWER;2
Operands;…;14
Operands;ACTIONS;23
Operands;UPDATE;11
Operands;COMPENSATION;9
Operands;OPTIONS;7
Operands;ECB;54
Operands;CONSUMERS;7
Operands;HIGHEST;1
Operands;PROVE;3
Operands;37;6
Operands;JOINTLY;4
Operands;STRATEGIES;1
Operands;212;1
Operands;TERM;1
Operands;PERMANENT;10
Operands;90;3
Operands;BURDENS;3
Operands;CEASE;8
Operands;LIFE;2
Operands;MARKETING;92
Operands;TIME;65
Operands;ABUSE;23
Operands;DUE;18
Operands;OWNERSHIP;3
Operands;INTERMEDIARY;1
Operands;INCOMPLETE;7
Operands;GOVERNED;1
Operands;SHEET;1
Operands;BREACH;1
Operands;22;7
Operands;TAX;3
Operands;EQUITY;4
Operands;CLARIFICATION;6
Operands;COVERS;2
Operands;STEPS;15
Operands;HIGHER;18
Operands;LOW;1
Operands;DISPROPORTIONATE;8
Operands;PUBLICATION;44
Operands;311;2
Operands;313;6
Operands;SUCCESSFUL;1
Operands;CORRECT;7
Operands;CORE;2
Operands;SUBSTANTIVE;1
Operands;TASKS;38
Operands;OPTION;4
Operands;ESAS;4
Operands;MILLION;9
Operands;PROVISION;40
Operands;RISK;74
Operands;CRUCIAL;1
Operands;RELIES;1
Operands;EXTENDED;5
Operands;INTERACTIONS;1
Operands;RESPONSIBILITIES;23
Operands;RELEVANT;110
Operands;CUSTOMERS;4
Operands;EMPLOYEES;9
Operands;ACT;39
Operands;MODIFY;4
Operands;101;2
Operands;CAUSES;3
Operands;FACTS;8
Operands;909/2014;2
Operands;ARRANGEMENT;5
Operands;CORPORATE;1
Operands;DIGITAL;15
Operands;REPORT;37
Operands;89;2
Operands;PRODUCED;5
Operands;FAILURE;5
Operands;PROPOSAL;9
Operands;JUNE;5
Operands;LARGER;2
Operands;DELEGATED;55
Operands;STRUCTURES;5
Operands;CONSOLIDATED;5
Operands;COMMENTS;17
Operands;71;4
Operands;SETTLEMENT;14
Operands;CONCENTRATION;15
Operands;EXCHANGES;3
Operands;CONSISTENCY;5
Operands;GOODS;9
Operands;PUBLIC;182
Operands;RELATED;61
Operands;BUSINESSES;1
Operands;MOVEMENTS;1
Operands;60;17
Operands;OCTOBER;6
Operands;PRACTICAL;3
Operands;DECISION;163
Operands;INCOME;7
Operands;ACCEPT;4
Operands;OCCUPATIONAL;5
Operands;MEMBER;248
Operands;RETAIN;3
Operands;COMPLETED;2
Operands;NETWORK;11
Operands;TARGETS;2
Operands;PUBLISHED;38
Operands;SAID;3
Operands;AMOUNT;62
Operands;DISPOSE;3
Operands;ROLE;4
Operands;DEAL;2
Operands;INVOLVEMENT;2
Operands;9;16
Operands;DISTRIBUTION;9
Operands;COMPLETE;24
Operands;BEGINNING;2
Operands;PARALLEL;2
Operands;EIOPA;5
Operands;RATE;4
Operands;JUDICIAL;16
Operands;BASE;6
Operands;2019;2
Operands;SUPPORT;6
Operands;FREEDOM;1
Operands;EARLY;2
Operands;CURRENCY;69
Operands;PERSONS;186
Operands;POTENTIAL;47
Operands;THIRDPARTY;25
Operands;FUTURE;14
Operands;GOOD;26
Operands;ICT;5
Operands;FACILITIES;1
Operands;POWERS;50
Operands;IRREGULAR;2
Operands;HOLDING;26
Operands;33;8
Operands;205;1
Operands;DEFINED;62
Operands;UNLIKELY;3
Operands;ROLES;2
Operands;GUARANTEES;4
Operands;OBJECTIVES;13
Operands;COLLECTION;2
Operands;PROMPT;8
Operands;BRINGS;1
Operands;IMPORTANCE;5
Operands;PORTFOLIO;23
Operands;SYSTEMIC;2
Operands;ABLE;36
Operands;110;1
Operands;CLASSIFY;6
Operands;CENTRAL;67
Operands;INFORMED;16
Operands;CONTRACTUAL;28
Operands;SALES;2
Operands;KEYS;3
Operands;CHECKS;1
Operands;MET;17
Operands;8;18
Operands;SECRECY;8
Operands;SUBSTANTIAL;1
Operands;INTERACTION;1
Operands;CONSUMER;18
Operands;ADMINISTRATION;29
Operands;METHOD;6
Operands;SECTION;11
Operands;COVERING;3
Operands;STAFF;3
Operands;PREPARED;11
Operands;GROUNDS;29
Operands;QUALIFICATION;4
Operators;;1035
Operators;FOR;995
Operators;OVERALL;4
Operators;COMBINATION;4
Operators;UNLESS;26
Operators;RECOMMEND;6
Operators;SPECIFY;41
Operators;RAISE;5
Operators;REGARDS;15
Operators;CALCULATED;6
Operators;IMPOSED;20
Operators;REFERS;1
Operators;DEFINITIONS;7
Operators;IDENTIFYING;5
Operators;CALCULATING;1
Operators;EXCEEDS;4
Operators;ATTRIBUTION;1
Operators;CORRESPONDING;14
Operators;PROPERLY;4
Operators;REQUIRING;17
Operators;FREQUENTLY;1
Operators;AUTHORIZED;1
Operators;AGREEING;1
Operators;RESPECTIVELY;6
Operators;RETURN;2
Operators;ASSESSMENT;98
Operators;INDICATORS;6
Operators;PARTICULARLY;1
Operators;MINIMISE;2
Operators;TREAT;2
Operators;APPLYING;7
Operators;CALCULATE;2
Operators;APPROVAL;17
Operators;IMPLEMENTATION;16
Operators;COLLECTIVELY;2
Operators;CONCERNED;46
Operators;ENHANCING;2
Operators;INVOLVING;6
Operators;+;2
Operators;NET;6
Operators;QUANTITATIVE;1
Operators;DISTRIBUTING;3
Operators;NAMELY;4
Operators;EXCLUDE;2
Operators;RECENTLY;1
Operators;USING;23
Operators;REFLECTED;1
Operators;THRESHOLD;9
Operators;ADDING;1
Operators;MOREOVER;2
Operators;MINIMAL;9
Operators;ATTRIBUTABLE;5
Operators;GRANTED;25
Operators;CONCLUDED;4
Operators;MANDATE;1
Operators;LAID;26
Operators;ALWAYS;20
Operators;MINIMUM;25
Operators;NEWLY;1
Operators;IMPLEMENTED;4
Operators;CLEARLY;22
Operators;RESULT;33
Operators;MINIMISING;1
Operators;ENFORCEMENT;14
Operators;MITIGATE;4
Operators;SINGLE;27
Operators;DETERMINE;12
Operators;CONCERNS;19
Operators;SUITABLE;7
Operators;CONSEQUENTLY;1
Operators;BECAUSE;5
Operators;TYPICALLY;1
Operators;UNDERMINING;1
Operators;RECEIVE;11
Operators;IMPLEMENT;21
Operators;EQUAL;7
Operators;RELY;1
Operators;ENGAGE;8
Operators;LIMITATION;2
Operators;RESULTS;4
Operators;QUALIFY;7
Operators;EXCLUSIVE;4
Operators;SINCE;8
Operators;AVOID;15
Operators;UNDERSTOOD;1
Operators;CONDUCTING;6
Operators;REQUIRE;41
Operators;DIFFERENT;33
Operators;INCREASES;1
Operators;REGARDLESS;3
Operators;QUARTERLY;3
Operators;SET;88
Operators;EXEMPTION;10
Operators;EXAMINES;1
Operators;NEED;7
Operators;PRIMARILY;1
Operators;SUPERVISED;3
Operators;IDENTIFICATION;4
Operators;POTENTIALLY;5
Operators;FULFIL;17
Operators;ENSURE;175
Operators;REFER;8
Operators;ENGAGING;5
Operators;REGULATION;421
Operators;SAME;32
Operators;COMMENCE;1
Operators;REGARDED;1
Operators;INFORM;33
Operators;FALL;13
Operators;ADEQUATELY;6
Operators;AMENDING;19
Operators;INCLUDED;20
Operators;RELATIONSHIP;7
Operators;EX;3
Operators;CONTAINED;5
Operators;REPLACED;3
Operators;OPERATES;1
Operators;CASEBYCASE;1
Operators;CONSTITUTES;1
Operators;REMAINS;1
Operators;CONFIRM;2
Operators;REGULATED;9
Operators;CONCERNING;14
Operators;TREATMENT;14
Operators;REGARDING;21
Operators;CURRENTLY;3
Operators;ALTERNATIVE;10
Operators;INCREASE;14
Operators;COVER;9
Operators;ONLY;57
Operators;EASILY;9
Operators;ACCEPTED;6
Operators;DISTINGUISHABLE;1
Operators;SOLE;1
Operators;ACCORDING;12
Operators;IDENTIFIES;1
Operators;CALCULATION;3
Operators;MITIGATING;3
Operators;SUPERVISION;33
Operators;ASSESSING;9
Operators;INTENDED;64
Operators;IMPLEMENTING;51
Operators;ESTABLISHES;1
Operators;FULLY;14
Operators;ASSESS;27
Operators;ENTAIL;1
Operators;EXCLUSION;5
Operators;CORRECTLY;1
Operators;ALLOCATION;3
Operators;REQUEST;88
Operators;BUT;18
Operators;CONJUNCTION;2
Operators;CONCERN;9
Operators;ADOPTING;5
Operators;AGGREGATED;4
Operators;SUFFICIENTLY;22
Operators;NEEDED;8
Operators;AGGREGATION;1
Operators;ADMINISTER;1
Operators;INSTANCE;1
Operators;REGULATIONS;15
Operators;DETERIORATING;1
Operators;FLUCTUATE;1
Operators;AND;2416
Operators;SUPERVISORY;104
Operators;PERFORM;17
Operators;ASSESSED;3
Operators;CONFIRMED;1
Operators;SEPARATELY;2
Operators;ADOPT;79
Operators;GRANTING;14
Operators;REFERRED;463
Operators;ADDED;3
Operators;PAR;11
Operators;ACQUIRING;2
Operators;MEET;32
Operators;SEEK;17
Operators;VERIFY;5
Operators;THUS;7
Operators;RELATIVELY;1
Operators;FACILITATE;11
Operators;UNIQUE;17
Operators;REPRESENTED;1
Operators;LIKE;1
Operators;FACTOR;2
Operators;INCREASING;1
Operators;RELATIVE;1
Operators;EXCEED;12
Operators;APPLY;81
Operators;PREVENT;33
Operators;RESTRICT;6
Operators;COVERED;34
Operators;ENSURING;44
Operators;TIMELY;25
Operators;WHOLE;8
Operators;FUNCTIONING;30
Operators;WILLING;1
Operators;SATISFIES;1
Operators;X;1
Operators;ALLOWS;1
Operators;THRESHOLDS;10
Operators;REPORTING;10
Operators;AFTERWARDS;1
Operators;ALLOWED;7
Operators;RESPECT;36
Operators;OBTAINING;1
Operators;*;1
Operators;NOTWITHSTANDING;1
Operators;PAYING;2
Operators;RENDER;1
Operators;SIGNIFICANTLY;2
Operators;CONDITIONS;68
Operators;WHILE;10
Operators;NEGATIVE;3
Operators;CANNOT;9
Operators;SOLELY;7
Operators;SIMILAR;4
Operators;EVALUATED;3
Operators;ESTABLISHING;20
Operators;KEEPING;2
Operators;EXISTING;13
Operators;HOWEVER;20
Operators;TEST;3
Operators;EXCEPTION;2
Operators;YET;8
Operators;BELONG;2
Operators;AGGREGATE;8
Operators;DEDICATED;2
Operators;EVALUATING;3
Operators;ACCUMULATED;1
Operators;POSSESSES;5
Operators;GREATER;2
Operators;NORMALLY;3
Operators;DIFFER;2
Operators;MULTIPLE;1
Operators;PROVIDED;119
Operators;OBTAIN;8
Operators;STOP;2
Operators;MAY;183
Operators;CLASSIFYING;1
Operators;IDENTIFY;19
Operators;READILY;1
Operators;WHY;9
Operators;DEEMED;34
Operators;WAS;14
Operators;POST;1
Operators;SUPERVISE;9
Operators;STRICTER;3
Operators;AMENDED;3
Operators;OCCURRED;3
Operators;ACQUIRED;5
Operators;PROPORTIONALITY;5
Operators;LAY;8
Operators;COMBINED;1
Operators;THEREBY;1
Operators;CASE;54
Operators;REPRESENTS;3
Operators;SPECIFIED;43
Operators;BINDING;4
Operators;CONTINUOUSLY;1
Operators;SO;35
Operators;ENABLING;4
Operators;ESTIMATED;1
Operators;REMAIN;18
Operators;ENTIRE;4
Operators;MAXIMUM;28
Operators;EQUIVALENCE;1
Operators;EXPLAIN;1
Operators;REPEALING;14
Operators;SYSTEMICALLY;1
Operators;IDENTIFIED;13
Operators;ASSUMPTIONS;2
Operators;DUPLICATION;1
Operators;HOLDS;2
Operators;PERMITTED;3
Operators;OR;1633
Operators;DETERMINING;10
Operators;FACTORS;7
Operators;CONTINUE;9
Operators;PERCENTAGE;13
Operators;FURTHER;28
Operators;RECEIVES;4
Operators;PROMPTLY;5
Operators;PROHIBITION;28
Operators;MAINTAINING;19
Operators;OVERLAPS;1
Operators;ADOPTION;11
Operators;YEARLY;4
Operators;PROVIDE;156
Operators;SUBTRACTING;1
Operators;REMOVE;2
Operators;EVEN;4
Operators;LOWER;1
Operators;SECOND;24
Operators;RAISED;8
Operators;LIMIT;21
Operators;PROVIDES;17
Operators;COMBINE;1
Operators;PROCESSING;10
Operators;ARISING;9
Operators;EXISTS;2
Operators;UNDERLYING;13
Operators;ALLOW;14
Operators;TOTAL;17
Operators;SIMILARLY;1
Operators;ADVERTISING;3
Operators;LACK;6
Operators;FURTHERMORE;1
Operators;INDICATIONS;2
Operators;INVOLVED;19
Operators;EXEMPTIONS;8
Operators;SPECIFICALLY;2
Operators;EQUALLY;2
Operators;CONTRIBUTING;1
Operators;CONSTITUTE;10
Operators;MANDATORY;2
Operators;SHALL;1185
Operators;DEPENDING;7
Operators;COMPRISE;3
Operators;PREVENTING;4
Operators;APPLIES;7
Operators;DEDUCTIONS;4
Operators;NOTIFY;77
Operators;DEFINE;1
Operators;REASONABLY;2
Operators;INCLUSIVE;1
Operators;AGREED;2
Operators;PREVIOUSLY;4
Operators;SUBSTANTIALLY;1
Operators;FALLS;1
Operators;INDICATE;16
Operators;ESPECIALLY;4
Operators;PARTIALLY;1
Operators;INCLUSION;1
Operators;MEANS;93
Operators;SPECIFIC;39
Operators;EITHER;21
Operators;REGULATE;4
Operators;ACQUIRE;5
Operators;CONSIST;5
Operators;RESULTING;9
Operators;TOGETHER;11
Operators;EXCLUSIVELY;3
Operators;ATTRIBUTED;2
Operators;LIMITING;2
Operators;MANAGING;10
Operators;WIDELY;6
Operators;INCLUDES;14
Operators;THEREFORE;25
Operators;CONFERRED;25
Operators;ADDITION;10
Operators;THOUGH;1
Operators;SUM;1
Operators;RECOMMENDATION;2
Operators;TESTED;1
Operators;OTHERWISE;10
Operators;COMPLYING;5
Operators;MEAN;2
Operators;WHEREAS;1
Operators;ADOPTED;21
Operators;STRENGTHENING;3
Operators;REGULARLY;10
Operators;MANDATED;5
Operators;REGULATORY;123
Operators;BEARING;3
Operators;DERIVED;2
Operators;APPROVE;3
Operators;REQUIRED;65
Operators;EFFECTIVELY;5
Operators;IF;93
Operators;MAINTAIN;34
Operators;SUBMIT;51
Operators;RECOMMENDATIONS;10
Operators;AVERAGE;18
Operators;APPLIED;10
Operators;SPECIFYING;22
Operators;REQUIREMENTS;140
Operators;REQUIREMENT;11
Operators;ENTIRELY;1
Operators;REDUCE;9
Operators;ESTABLISHED;37
Operators;ESTIMATE;3
Operators;MOVEMENT;7
Operators;LIKEWISE;2
Operators;FULFILLING;1
Operators;RELATION;61
Operators;REGARD;34
Operators;COLLECT;2
Operators;LIMITED;14
Operators;ALTHOUGH;1
Operators;EVALUATE;4
Operators;TREATED;5
Operators;REPRESENT;3
Operators;WERE;12
Operators;NEEDS;5
Operators;IMMEDIATELY;20
Operators;SELECTION;6
Operators;EXCESSIVE;3
Operators;ENSURES;4
Operators;THEREIN;2
Operators;EXCEEDING;2
Operators;REFERENCED;23
Operators;DETERMINED;14
Operators;CLOSELY;6
Operators;NOR;9
Operators;TESTING;11
Operators;DEEMS;1
Operators;DESPITE;3
Operators;ACCORDANCE;307
Operators;BALANCE;1
Operators;COLLECTIVE;2
Operators;ELIMINATE;1
Operators;EXEMPT;1
Operators;DEPEND;2
Operators;WHEREBY;1
Operators;CONTRARY;4
Operators;APPROVED;20
Operators;SUBSEQUENTLY;1
Operators;LEGALLY;2
Operators;ADD;1
Operators;KEPT;11
Operators;OCCURRING;2
Operators;ESTABLISH;47
Operators;DIRECTLY;30
Operators;FIRST;106
Operators;OBLIGATIONS;62
Operators;DECREASE;10
Operators;COMPLY;55
Operators;INCLUDE;35
Operators;DELIVERING;2
Operators;STILL;7
Operators;REQUIRES;3
Operators;PERFORMING;4
Operators;EXCEPTIONS;4
Operators;PREVIOUS;17
Operators;LIKELY;44
Operators;BEFORE;78
Operators;COMPARED;1
Operators;EXEMPTED;13
Operators;CASES;20
Operators;CALIBRATE;1
Operators;HOW;19
Operators;INCLUDING;220
Operators;REFERENCES;3
Operators;PHYSICALLY;1
Operators;CIRCUMSTANCES;22
Operators;COMPRISES;1
Operators;INDICATOR;1
Operators;INTEGRATE;1
Operators;AVOIDS;1
Operators;RESPECTIVE;13
Operators;DOUBLE;1
Operators;DEFINITION;4
Operators;EXCEPTIONAL;3
Operators;COOPERATE;19
Operators;IRRESPECTIVE;4
Operators;ASSUME;2
Operators;COMPARABLE;1
Operators;EXERCISING;7
Operators;RELATE;3
Operators;EQUIVALENT;27
Operators;OTHERS;5
Operators;DEFINED;62
Operators;RATHER;2
Operators;NOT;555
Operators;DISTINGUISHED;1
Operators;ADJUST;3
Operators;SEPARATE;8
Operators;LEAST;80
Operators;INDIRECTLY;19
Operators;DIFFERENCES;1
Operators;ASSOCIATED;42
Operators;CONNECTION;5
Operators;REQUESTS;15
Operators;TECHNICALLY;2
Operators;TESTS;5
Operators;EXCLUDED;7
Operators;AND/OR;16
Operators;REVERSE;1
Operators;ADDITIONAL;30
Operators;ALLOWING;3
Operators;SUBJECT;80
Operators;LIMITS;3
Operators;RESTRICTIONS;3
Operators;INSTEAD;5
Operators;SETS;2
Operators;HENCE;1
Operators;ALLOCATED;7
Operators;SETTING;10
Operators;RECEIVING;11
Operators;ACCORDINGLY;4
Operators;AFTER;145
Operators;REQUESTED;16
Operators;IMPOSE;27
Operators;INVOLVE;2
Operators;AS;579
Operators;EXIST;8
Operators;ALTERNATIVELY;2
Operators;ALSO;90
Operators;PROPORTION;7
Operators;PERIODICALLY;6
RegulatoryOperators;LIMITED;14
RegulatoryOperators;REPEALING;14
RegulatoryOperators;PERMITTED;3
RegulatoryOperators;AUTHORIZATION;3
RegulatoryOperators;DETERMINED;14
RegulatoryOperators;IMPLEMENTING;51
RegulatoryOperators;ESTABLISHES;1
RegulatoryOperators;ESTABLISHMENT;2
RegulatoryOperators;DEEMS;1
RegulatoryOperators;PROHIBITION;28
RegulatoryOperators;REQUIRING;17
RegulatoryOperators;REMOVE;2
RegulatoryOperators;AUTHORIZED;1
RegulatoryOperators;LIMIT;21
RegulatoryOperators;EXEMPT;1
RegulatoryOperators;GRANTING;14
RegulatoryOperators;ALLOW;14
RegulatoryOperators;APPROVAL;17
RegulatoryOperators;ADD;1
RegulatoryOperators;ESTABLISH;47
RegulatoryOperators;RESTRICTION;25
RegulatoryOperators;EXEMPTIONS;8
RegulatoryOperators;SATISFIED;5
RegulatoryOperators;MANDATORY;2
RegulatoryOperators;SHALL;1185
RegulatoryOperators;COMPLY;55
RegulatoryOperators;REQUIRES;3
RegulatoryOperators;PREVENTING;4
RegulatoryOperators;PREVENT;33
RegulatoryOperators;ANNUL;1
RegulatoryOperators;RESTRICT;6
RegulatoryOperators;ENSURING;44
RegulatoryOperators;EXEMPTED;13
RegulatoryOperators;SATISFIES;1
RegulatoryOperators;MANDATE;1
RegulatoryOperators;ALLOWS;1
RegulatoryOperators;IMPLEMENTED;4
RegulatoryOperators;ALLOWED;7
RegulatoryOperators;MITIGATE;4
RegulatoryOperators;DETERMINE;12
RegulatoryOperators;SUITABLE;7
RegulatoryOperators;SHOULD;291
RegulatoryOperators;CANNOT;9
RegulatoryOperators;DESIGNATED;6
RegulatoryOperators;LIMITATION;2
RegulatoryOperators;ESTABLISHING;20
RegulatoryOperators;CONFERS;2
RegulatoryOperators;REGULATE;4
RegulatoryOperators;REQUIRE;41
RegulatoryOperators;PROHIBITIONS;3
RegulatoryOperators;EXCEPTION;2
RegulatoryOperators;LIMITING;2
RegulatoryOperators;AUTHORISED;119
RegulatoryOperators;ESTABLISHMENTS;1
RegulatoryOperators;ASSIGNED;1
RegulatoryOperators;EXEMPTION;10
RegulatoryOperators;PROHIBITING;5
RegulatoryOperators;APPROVING;2
RegulatoryOperators;ALLOWING;3
RegulatoryOperators;LIMITS;3
RegulatoryOperators;RESTRICTIONS;3
RegulatoryOperators;PROHIBIT;12
RegulatoryOperators;MANDATED;5
RegulatoryOperators;ANNULLING;1
RegulatoryOperators;SUITABILITY;10
RegulatoryOperators;ENSURE;175
RegulatoryOperators;DEEMED;34
RegulatoryOperators;APPROVE;3
RegulatoryOperators;REQUIRED;65
RegulatoryOperators;SUPERVISE;9
RegulatoryOperators;REQUESTED;16
RegulatoryOperators;IMPOSE;27
RegulatoryOperators;RECOMMENDATIONS;10
RegulatoryOperators;AMENDED;3
RegulatoryOperators;UNLAWFUL;4
RegulatoryOperators;ESTABLISHED;37
RegulatoryOperators;SPECIFIED;43
RegulatoryOperators;ENABLING;4
RegulatoryOperators;EVALUATE;4
RegulatoryOperators;REGULATED;9
Other;;1035
Other;ITS;237
Other;10;55
Other;GIVEN;18
Other;FOR;995
Other;BEING;22
Other;WHOM;5
Other;M;6
Other;25;16
Other;AMONG;10
Other;CONNECTED;3
Other;HIM;4
Other;PARTIES;78
Other;NEAR;1
Other;SEVERAL;15
Other;PER;14
Other;TWO;21
Other;RELATES;4
Other;THEIR;397
Other;THIS;371
Other;TAKE;91
Other;SOMEONE;1
Other;CALCULATION;3
Other;PAYMENT;63
Other;RELATED;61
Other;DONE;2
Other;MANY;2
Other;PROPORTIONATE;21
Other;61B;1
Other;ALL;180
Other;DOING;5
Other;3C;1
Other;ARE;449
Other;R;4
Other;PERSON;202
Other;GAVE;1
Other;INCOME;7
Other;GIVING;10
Other;100;5
Other;UNDER;216
Other;THEMSELVES;4
Other;TOWARDS;5
Other;V;12
Other;HAS;190
Other;IN;2248
Other;ITSELF;11
Other;WHOSE;11
Other;THOSE;216
Other;OUTSIDE;12
Other;OUGHT;4
Other;IV;10
Other;THEM;35
Other;FROM;206
Other;COME;2
Other;LESS;4
Other;WITH;768
Other;REGIME;5
Other;UPON;33
Other;UNION;143
Other;FAILING;4
Other;AGAINST;39
Other;WHETHER;75
Other;L;36
Other;RELATING;32
Other;THROUGHOUT;6
Other;WHO;38
Other;D;112
Other;PENDING;2
Other;ENOUGH;1
Other;AB;6
Other;222;1
Other;WHENEVER;1
Other;12A;1
Other;E;75
Other;PRINCIPLE;4
Other;BC;1
Other;12;71
Other;A;1688
Other;FUNDS;102
Other;DRAWING;2
Other;75;3
Other;AT;199
Other;9;17
Other;ANY;433
Other;RESTRICTION;25
Other;OTHER;309
Other;SHE;1
Other;ADJUSTMENT;1
Other;THEY;157
Other;TO;3396
Other;MODEL;11
Other;HAVING;48
Other;PAYER;2
Other;SHALL;1185
Other;INSIDE;32
Other;BACK;2
Other;CONSIDER;19
Other;THEREOF;44
Other;PENALTIES;31
Other;APPLY;81
Other;BEEN;101
Other;COSTS;18
Other;MOST;7
Other;MUST;12
Other;DEDUCTIONS;4
Other;3B;1
Other;GRANTS;1
Other;PARAGRAPHS;45
Other;AHEAD;1
Other;CAN;73
Other;2;104
Other;MAKE;50
Other;ABOUT;69
Other;BASE;6
Other;WHICH;286
Other;LATER;12
Other;/;1
Other;NO;180
Other;WHOLE;8
Other;DE;2
Other;EVERY;15
Other;TAX;3
Other;6;42
Other;BETWEEN;54
Other;DURING;22
Other;APPLICABLE;179
Other;40;19
Other;UNTIL;9
Other;Z;1
Other;INTO;131
Other;ACROSS;3
Other;WHICHEVER;2
Other;MAKING;10
Other;243;1
Other;MIGHT;16
Other;ABOVE;5
Other;REFERENCE;13
Other;DOWN;34
Other;TURNOVER;16
Other;50;9
Other;EXCEPT;13
Other;C;127
Other;WHERE;518
Other;NEITHER;3
Other;HER;10
Other;EACH;54
Other;WHEN;150
Other;SOME;20
Other;SHOULD;291
Other;MADE;44
Other;56;7
Other;BOTH;11
Other;BY;747
Other;SIMILAR;4
Other;VARIOUS;8
Other;WOULD;48
Other;NOT;555
Other;WHAT;3
Other;BE;689
Other;THAN;132
Other;HAVE;224
Other;MAKES;3
Other;THREE;12
Other;GENERAL;16
Other;OUT;119
Other;W;1
Other;INDIRECTLY;19
Other;WITHIN;123
Other;EU;212
Other;WILL;33
Other;237;1
Other;P;35
Other;IS;518
Other;IDENTICAL;6
Other;III;24
Other;HIS;24
Other;COULD;21
Other;SUCH;396
Other;RESIDENT;2
Other;FEWER;1
Other;PURPOSES;38
Other;BELOW;5
Other;PROVIDED;119
Other;B;203
Other;FOLLOWING;115
Other;VIA;4
Other;TAKEN;57
Other;CHAPTERS;5
Other;AMONGST;3
Other;ON;775
Other;MAY;183
Other;ONE;81
Other;THESE;31
Other;I;58
Other;STANDARD;13
Other;SUBPARAGRAPH;109
Other;GIVES;7
Other;ONCE;8
Other;OVER;18
Other;HAD;5
Other;REPORT;37
Other;THE;7748
Other;THROUGH;34
Other;OFF;2
Other;WAS;14
Other;REQUIRED;65
Other;IT;176
Other;5;64
Other;MORE;49
Other;SAME;32
Other;CHAPTER;22
Other;PART;40
Other;COMMENCE;1
Other;II;29
Other;PAST;8
Other;RECOMMENDATIONS;10
Other;2010;8
Other;THAT;955
Other;1;218
Other;3;69
Other;ARTICLE;853
Other;ORGANISATION;4
Other;TAKING;40
Other;TAKES;3
Other;UP;36
Other;24;17
Other;Y;1
Other;CASE;54
Other;EX;3
Other;OF;5130
Other;3A;17
Other;GIVE;20
Other;AN;519
Other;DOES;56
Other;BEYOND;4
Other;EXPENSES;4
Other;ANOTHER;37
Other;4;44
Other;WITHOUT;87
Other;CERTAIN;24
Other;THERE;48
Other;DO;49
Other;WERE;12
Other;HE;1
Unclassified;CHANGES;22
Unclassified;AIMS;1
Unclassified;CONSIDERED;39
Unclassified;X;1
Unclassified;CHOOSE;1
Unclassified;CONSIDERATION;6
Unclassified;AIMED;6
Unclassified;CONSIDERS;6
Unclassified;CONSIDERING;6
Unclassified;APPEARS;1
Unclassified;CHANGE;15
Unclassified;CHOSEN;3
Unclassified;APPEAR;1
Unclassified;CHOICE;4
