Operators;THUS;18
Operators;DIFFERENT;20
Operators;THEREFORE;7
Operators;RESULTED;1
Operators;SO;6
Operators;DETERMINING;9
Operators;CASES;1
Operators;THRESHOLDS;8
Operators;ALLOW;21
Operators;INVOLVE;2
Operators;SOLE;1
Operators;ATTRIBUTABLE;1
Operators;RECOMMENDATIONS;31
Operators;LIMITS;2
Operators;LIMIT;5
Operators;THOUGH;3
Operators;ASSUMING;1
Operators;ESTABLISHED;45
Operators;EXEMPTION;3
Operators;IDENTIFY;22
Operators;THEREIN;2
Operators;ACCORDINGLY;2
Operators;INCLUDES;2
Operators;REGARDLESS;2
Operators;TESTED;3
Operators;SUPERVISE;4
Operators;DEPENDS;1
Operators;ADOPTION;5
Operators;PARTICULARLY;5
Operators;REGULATION;247
Operators;ENSURE;84
Operators;NOTWITHSTANDING;1
Operators;LASTLY;1
Operators;DEEMS;6
Operators;REQUESTS;1
Operators;CONNECTION;5
Operators;LIMITATIONS;2
Operators;ENTIRELY;1
Operators;MINIMISE;9
Operators;RESPECT;24
Operators;REGULATED;2
Operators;MAXIMUM;1
Operators;DEPEND;1
Operators;SET;54
Operators;BEFORE;18
Operators;SHALL;445
Operators;EXIST;3
Operators;RESPECTIVELY;33
Operators;CONSEQUENCE;1
Operators;PROPORTIONALITY;8
Operators;DIFFERENCES;2
Operators;TREATMENT;1
Operators;PERMITTED;2
Operators;APPLIES;3
Operators;ACCORDANCE;161
Operators;DUPLICATIVE;1
Operators;DUPLICATION;3
Operators;REQUIREMENT;9
Operators;LACKING;1
Operators;WAS;3
Operators;CONTRARY;3
Operators;PARTIALLY;1
Operators;SUPERVISION;22
Operators;NOTABLY;18
Operators;SUM;1
Operators;WHOLE;10
Operators;X;1
Operators;INTEGRATE;2
Operators;TOTAL;10
Operators;MINIMUM;7
Operators;SETS;2
Operators;EQUIVALENT;1
Operators;FALL;2
Operators;RESULTS;9
Operators;SUITABLE;5
Operators;ALLOCATE;1
Operators;EVEN;4
Operators;INCREASES;1
Operators;AND;1496
Operators;MEET;3
Operators;INTEGRATED;3
Operators;ALLOCATED;3
Operators;TESTING;93
Operators;ALLOWS;6
Operators;SIMILAR;3
Operators;CIRCUMSTANCE;1
Operators;DESPITE;3
Operators;EXCEED;3
Operators;AND/OR;5
Operators;GRANTED;5
Operators;RESPECTIVE;26
Operators;QUANTIFY;2
Operators;NEVERTHELESS;1
Operators;REQUIREMENTS;62
Operators;ENTAIL;6
Operators;DETERMINATION;1
Operators;EXEMPT;2
Operators;SIMILARLY;1
Operators;INCORPORATE;1
Operators;REDUCING;2
Operators;ADJUST;1
Operators;REQUIRE;9
Operators;REGARD;14
Operators;DETERMINE;11
Operators;NAMELY;5
Operators;NOT;107
Operators;IMPLEMENTING;24
Operators;RETURN;2
Operators;OR;479
Operators;SWITCH;1
Operators;SUBJECT;57
Operators;IDENTIFIED;17
Operators;STILL;2
Operators;EXCLUDE;2
Operators;INCORPORATED;1
Operators;CASE;36
Operators;DEEMED;13
Operators;COMBINING;1
Operators;LIMITING;5
Operators;INDICATORS;4
Operators;ABSOLUTE;1
Operators;SINGLE;38
Operators;SPECIFIC;38
Operators;ACTUALLY;1
Operators;DISTINCT;3
Operators;CANNOT;2
Operators;SPECIFIED;6
Operators;COMPARABLE;1
Operators;REGARDS;3
Operators;FIRST;40
Operators;APPROVALS;1
Operators;CONCERNS;5
Operators;IMPOSED;5
Operators;QUANTITATIVE;5
Operators;IDENTIFICATION;6
Operators;LEAST;30
Operators;MOREOVER;8
Operators;PERCENTAGE;1
Operators;ADDITION;14
Operators;INSTANCE;2
Operators;IDENTIFYING;4
Operators;RAISED;3
Operators;ALLOCATION;1
Operators;SEPARATELY;2
Operators;CONCERN;3
Operators;ADDED;2
Operators;INVOLVED;12
Operators;IMPLEMENT;15
Operators;ADD;11
Operators;REQUIRED;27
Operators;INCORPORATION;2
Operators;BUT;10
Operators;MANDATORY;2
Operators;AVERAGE;1
Operators;SINCE;20
Operators;HOWEVER;6
Operators;APPLIED;7
Operators;SOLELY;4
Operators;GAPS;6
Operators;SAME;24
Operators;INSTANCES;1
Operators;ESTABLISHING;9
Operators;EVALUATE;1
Operators;ASSESSED;3
Operators;SEEM;1
Operators;WHEREBY;4
Operators;EXEMPTIONS;4
Operators;ASSESSMENT;39
Operators;EXCLUDED;3
Operators;YET;2
Operators;ALLOWED;3
Operators;ESTABLISH;29
Operators;ALLOWING;7
Operators;RAISES;1
Operators;ALWAYS;3
Operators;RELATIVE;1
Operators;FURTHER;40
Operators;COMPARABILITY;1
Operators;REGARDING;8
Operators;MEANS;83
Operators;HOW;8
Operators;IRRESPECTIVE;5
Operators;OVERALL;34
Operators;RESULTING;5
Operators;KEEPING;1
Operators;REGULATIONS;28
Operators;NEED;20
Operators;FACTORS;2
Operators;ADOPTING;10
Operators;EG;7
Operators;RECOMMENDATION;4
Operators;INCLUDE;27
Operators;LACK;9
Operators;COMPRISE;1
Operators;APPLYING;7
Operators;APPROVE;4
Operators;SELECTED;1
Operators;DEFINITIONS;2
Operators;EITHER;15
Operators;OBLIGATIONS;22
Operators;OTHERWISE;4
Operators;TESTS;18
Operators;SECOND;7
Operators;BECAUSE;3
Operators;CONDITIONS;24
Operators;DEFINED;34
Operators;INCREASE;2
Operators;ETC;2
Operators;RATHER;2
Operators;TOGETHER;10
Operators;CASEBYCASE;1
Operators;CALCULATED;2
Operators;LIMITED;11
Operators;DIFFERENTLY;1
Operators;ENFORCING;1
Operators;EXCEPTION;1
Operators;ADDITIONALLY;3
Operators;MULTIPLE;8
Operators;EQUAL;1
Operators;APPROVED;5
Operators;VERIFY;1
Operators;UNACCEPTABLE;2
Operators;EXISTING;8
Operators;DEFINITION;2
Operators;INDICATE;5
Operators;TEST;19
Operators;AS;367
Operators;ADDITIONAL;9
Operators;MITIGATE;8
Operators;COMBINED;1
Operators;RAISE;1
Operators;EXCEEDING;3
Operators;IMPOSE;5
Operators;SETTING;10
Operators;INCLUDING;108
Operators;PREVIOUS;3
Operators;IMPLEMENTED;10
Operators;NEEDED;14
Operators;IF;26
Operators;AFTER;42
Operators;MAY;106
Operators;REQUIRING;6
Operators;WHILE;25
Operators;INCLUSION;2
Operators;AGGREGATION;1
Operators;FULLY;32
Operators;WERE;7
Operators;ASSESSING;4
Operators;ADOPTED;11
Operators;GRANTING;1
Operators;NOR;3
Operators;PREVIOUSLY;3
Operators;CONSEQUENTLY;6
Operators;ASSOCIATED;10
Operators;EQUALLY;3
Operators;VERIFIED;2
Operators;RULE;2
Operators;NEEDS;15
Operators;HENCE;5
Operators;MINIMISING;4
Operators;DERIVED;5
Operators;ACCORDING;8
Operators;REFERRED;223
Operators;REGULATORY;54
Operators;REPEALED;1
Operators;CONCERNING;20
Operators;SPECIFICITIES;5
Operators;SUPERVISORY;47
Operators;COMPLY;11
Operators;ACCEPTED;1
Operators;OTHERS;1
Operators;WHEREAS;2
Operators;ALSO;51
Operators;NONETHELESS;1
Operators;BALANCE;7
Operators;EVALUATING;1
Operators;ENSURES;4
Operators;IMPLEMENTATION;16
Operators;FACTOR;2
Operators;FORMING;2
Operators;REFER;3
Operators;AGGREGATED;6
Operators;ONLY;28
Operators;CIRCUMSTANCES;10
Operators;ASSESS;24
Operators;CONTAINS;1
Operators;REQUEST;31
Operators;INVOLVING;3
Operators;ALTERNATIVELY;1
Operators;APPLY;19
Operators;SUPERVISED;3
Operators;APPROVAL;1
Operators;GAP;2
Operators;ENTIRE;3
Operators;LIKEWISE;2
Operators;INCLUDED;7
Operators;POST;5
Operators;ESTIMATES;1
Operators;REQUIRES;2
Operators;FOR;425
Operators;REGULATORS;1
Operators;UNLESS;4
Operators;CONSTITUTE;1
Operators;AUTHORIZED;2
Operators;RESULT;7
Operators;DETERMINED;8
Operators;ENFORCEMENT;8
Operators;ALTERNATIVE;12
Operators;CALCULATIONS;1
Operators;CONSTITUTES;3
Operators;ADOPT;19
Operators;CONCERNED;14
Operators;RELATION;46
Operators;COVER;14
Operators;REMOVE;2
Operators;COVERED;8
Operators;*;3
Operators;SELECTION;2
Operators;PREVENT;13
Operators;MANDATED;4
Operators;ESPECIALLY;5
Operators;DEFINING;1
Operators;MANDATE;1
Operators;SPECIFICALLY;1
Operators;CONJUNCTION;1
Operators;COMPUTING;10
Operators;DEFINE;5
Operators;INDEED;1
Operators;ENSURING;25
Operands;INAPPROPRIATE;1
Operands;PROCEDURES;46
Operands;PARTICULAR;37
Operands;PURSUED;1
Operands;MAJOR;59
Operands;FUNCTION;22
Operands;BASIS;51
Operands;FORESEE;2
Operands;COMPLETION;2
Operands;INVESTOR;1
Operands;PUT;14
Operands;DECISIONS;5
Operands;USEFUL;1
Operands;FASTER;2
Operands;INTRODUCTION;1
Operands;29;3
Operands;STRESS;1
Operands;AREAS;12
Operands;DISRUPTIONS;11
Operands;LEGAL;37
Operands;INPUT;3
Operands;4;38
Operands;POINTS;22
Operands;SHORTFALLS;1
Operands;ANTITRUST;1
Operands;BASELINE;1
Operands;REIMBURSEMENT;1
Operands;DESCRIPTION;1
Operands;ACTIVITIES;59
Operands;18;15
Operands;FIND;1
Operands;BODY;15
Operands;PRIORITY;2
Operands;SIZE;13
Operands;CLARIFY;1
Operands;BENEFIT;3
Operands;ANALYSING;3
Operands;ARRANGEMENT;13
Operands;AGREE;4
Operands;ASSETS;29
Operands;NEW;10
Operands;63;1
Operands;RELIANCE;7
Operands;SOURCE;7
Operands;FEATURES;3
Operands;SECTION;19
Operands;INFORMATION;170
Operands;RELIABILITY;1
Operands;POOL;2
Operands;ASSIST;1
Operands;BUILDINGS;1
Operands;EMPLOYEES;1
Operands;OVERLAPPING;1
Operands;TRANSFER;2
Operands;DEVELOPING;10
Operands;SERVERS;1
Operands;8;19
Operands;STOCK;2
Operands;LEGACY;3
Operands;HAND;10
Operands;LINE;6
Operands;31;9
Operands;HUMAN;3
Operands;TERRITORY;6
Operands;CONTRIBUTIONS;1
Operands;LEVELS;9
Operands;LOCATIONS;4
Operands;REACHED;1
Operands;ALIGNED;1
Operands;UNDERTAKEN;7
Operands;EXPERIENCE;3
Operands;NOW;2
Operands;SUCCESSFUL;1
Operands;DESIGNATED;58
Operands;QUALIFY;4
Operands;LENDING;1
Operands;STABILITY;31
Operands;HIGHLY;2
Operands;6;17
Operands;RECENT;1
Operands;RESORT;3
Operands;TEXT;1
Operands;EXTENSIVE;1
Operands;EUR;4
Operands;ATTACHED;1
Operands;DEALING;4
Operands;41;12
Operands;UNDERSTANDING;4
Operands;LEVEL;75
Operands;TIME;32
Operands;BROADER;2
Operands;BENCHMARKS;5
Operands;REAL;5
Operands;ENCOURAGE;1
Operands;ACKNOWLEDGE;1
Operands;INCURRED;1
Operands;PROPERTY;2
Operands;ONGOING;7
Operands;INDIRECT;2
Operands;ERRORS;1
Operands;PRESERVE;3
Operands;POOLING;1
Operands;TIMELY;13
Operands;FUNCTIONS;91
Operands;ACT;15
Operands;POSE;5
Operands;UPDATES;7
Operands;PARTICIPATION;9
Operands;MEMBER;68
Operands;LISTED;10
Operands;PARTICIPANTS;5
Operands;PUBLISHED;4
Operands;15;14
Operands;CONTAGION;2
Operands;CLEARLY;1
Operands;REGULATION;247
Operands;WAYS;2
Operands;REPORTED;7
Operands;TYPICAL;1
Operands;CHARGE;2
Operands;USED;10
Operands;RELIABLE;2
Operands;MANAGED;8
Operands;CHALLENGE;1
Operands;PROPER;1
Operands;TECHNOLOGIES;5
Operands;WORLDWIDE;1
Operands;SIGNIFICANT;32
Operands;PROCESSES;33
Operands;TRUST;4
Operands;ECONOMIES;1
Operands;DELIVERY;2
Operands;TYPES;13
Operands;PARAMETERS;3
Operands;ADMINISTRATIVE;29
Operands;POSSIBILITY;7
Operands;RESOURCES;19
Operands;59;4
Operands;COMMON;23
Operands;CAPACITY;5
Operands;PRIOR;5
Operands;MATERIALLY;2
Operands;ALIGN;1
Operands;FACILITATING;2
Operands;INSTITUTIONS;75
Operands;ACCOUNT;53
Operands;FEATURE;2
Operands;CLOSE;3
Operands;126;1
Operands;ADVICE;8
Operands;DISCLOSED;4
Operands;ADVERSE;14
Operands;PURSUANT;44
Operands;TRADING;7
Operands;PRACTICE;3
Operands;OWNERSHIP;1
Operands;STRUCTURES;3
Operands;TRANSITIONAL;1
Operands;PROPERLY;3
Operands;PUBLICLY;1
Operands;EXPLAIN;1
Operands;HOMOGENOUS;1
Operands;DOCUMENTED;10
Operands;INTERNAL;34
Operands;SUBSEQUENTLY;1
Operands;CONDUCTING;4
Operands;CAUSES;3
Operands;POLICY;30
Operands;AREA;3
Operands;RECEIVING;4
Operands;INTRODUCING;1
Operands;PROVIDED;65
Operands;FUTURE;1
Operands;ACCOUNTING;4
Operands;OWN;5
Operands;STATES;43
Operands;SUBSIDIARIES;3
Operands;EVENT;9
Operands;DISASTER;7
Operands;OUTCOME;4
Operands;VARIETY;2
Operands;SUPPORT;12
Operands;PERSPECTIVE;3
Operands;INTERESTS;1
Operands;METHODS;9
Operands;BROADLY;1
Operands;AUDITED;1
Operands;DELIVERS;1
Operands;CAPITAL;1
Operands;ADDRESSING;12
Operands;CALENDAR;7
Operands;DIRECT;5
Operands;TREATMENT;1
Operands;PERSONS;20
Operands;USE;76
Operands;PRESERVED;1
Operands;EXERCISE;23
Operands;HARMONISATION;10
Operands;STRENGTH;1
Operands;SCALE;22
Operands;REGULAR;10
Operands;COST;6
Operands;EASE;2
Operands;CREATION;1
Operands;OBTAIN;4
Operands;BETTER;4
Operands;COMPLEX;8
Operands;RISK;244
Operands;DIVERGENCES;2
Operands;CASH;1
Operands;APPROACH;25
Operands;ROLE;9
Operands;CRISIS;9
Operands;2017;1
Operands;DEMAND;1
Operands;UNDERSTAND;3
Operands;SANCTIONS;1
Operands;CONVERGENT;1
Operands;NUMBER;15
Operands;ACQUIRED;2
Operands;JUDICIAL;5
Operands;OBJECTIVE;4
Operands;SUPERVISION;22
Operands;INSPECTIONS;21
Operands;GUIDANCE;5
Operands;PHYSICAL;10
Operands;TYPICALLY;1
Operands;SHEET;3
Operands;DISCLOSE;3
Operands;ONLINE;1
Operands;PERFORMANCE;27
Operands;PLANNING;1
Operands;SUBSEQUENT;6
Operands;HIGH;23
Operands;RELY;6
Operands;USING;11
Operands;EARLY;1
Operands;X;1
Operands;INSTRUMENTS;2
Operands;SHARE;6
Operands;DEVELOPMENT;6
Operands;OPERATE;8
Operands;PLAYING;1
Operands;RETAIN;1
Operands;MONITOR;15
Operands;RIGHT;12
Operands;PARTS;1
Operands;FEE;1
Operands;RESPONSIBILITIES;6
Operands;FRAMEWORKS;7
Operands;CONCLUSIONS;3
Operands;START;1
Operands;IMPORTANT;61
Operands;38;2
Operands;ACCURATE;1
Operands;ADMINISTRATION;3
Operands;SUFFICIENT;14
Operands;AFFECTED;10
Operands;BINDING;1
Operands;2019;3
Operands;TIER;2
Operands;PARTICIPATING;3
Operands;G;16
Operands;DELIVER;1
Operands;CONTROLLED;2
Operands;LEVERAGE;3
Operands;STEMMING;3
Operands;MAINLY;2
Operands;PRACTICES;14
Operands;JURISDICTION;4
Operands;OBJECTIVES;17
Operands;ACTIVATING;1
Operands;PERFORMS;1
Operands;AMOUNTS;1
Operands;COUNTRIES;11
Operands;CONTRACTS;13
Operands;REFLECT;4
Operands;MANDATES;2
Operands;POSSIBLE;11
Operands;SERVICE;363
Operands;REPORTING;49
Operands;44;6
Operands;MODIFICATIONS;1
Operands;USERS;4
Operands;RULES;38
Operands;TRADE;12
Operands;ALLEVIATE;1
Operands;OBTAINING;1
Operands;LEVIED;1
Operands;FIGURES;1
Operands;POSITIONS;3
Operands;SHARED;3
Operands;AUTHORITY;91
Operands;VENUES;4
Operands;ENTERED;2
Operands;SIGNIFICANCE;3
Operands;CONFIDENTIALITY;21
Operands;CONSOLIDATION;1
Operands;STATEMENT;4
Operands;SMALL;9
Operands;BROAD;1
Operands;IMMEDIATELY;6
Operands;OPPORTUNITY;5
Operands;SEGMENTED;1
Operands;BECOME;10
Operands;EXPLORE;2
Operands;CHALLENGES;2
Operands;LAW;20
Operands;REVIEWS;13
Operands;CONTROL;22
Operands;IMPACTED;3
Operands;LEAD;124
Operands;EFFICIENCY;6
Operands;TRADITIONAL;3
Operands;THIRD;37
Operands;PROVIDE;51
Operands;PARTNERS;1
Operands;TIBER;1
Operands;12;13
Operands;CONTRACT;7
Operands;COMPANIES;4
Operands;MEANINGFUL;1
Operands;RISKS;84
Operands;WELL;52
Operands;WEAKNESSES;5
Operands;PROVIDING;16
Operands;RESPONDING;2
Operands;23;10
Operands;RELEVANCE;9
Operands;TERMINOLOGY;1
Operands;EFFECTIVELY;20
Operands;PENALTIES;17
Operands;BREACH;9
Operands;TRANSPARENT;2
Operands;CONTINUOUS;8
Operands;PURPOSE;27
Operands;HIGHLIGHTED;1
Operands;SUPPLIED;2
Operands;CONTINUED;1
Operands;ENTERPRISE;2
Operands;JUSTIFICATION;1
Operands;PRODUCE;2
Operands;ECONOMY;3
Operands;ALTER;1
Operands;CRITICAL;221
Operands;PRIMARILY;3
Operands;ADEQUATE;14
Operands;INTERMEDIARY;3
Operands;FAILURES;1
Operands;61;3
Operands;MAIN;3
Operands;ENTER;6
Operands;CUSTOMERS;10
Operands;SUFFER;2
Operands;WIDESPREAD;1
Operands;TYPE;16
Operands;ACTUAL;1
Operands;DECIDE;2
Operands;BEST;9
Operands;SEPTEMBER;1
Operands;IMPACT;55
Operands;COORDINATION;18
Operands;SAFEGUARD;3
Operands;PERFORM;11
Operands;WIDE;4
Operands;AGREED;7
Operands;BACKUP;11
Operands;ACQUIRING;2
Operands;COHERENT;4
Operands;MATERIALITY;4
Operands;SYSTEM;37
Operands;REST;1
Operands;BUILDS;1
Operands;CERTAINTY;5
Operands;INDIRECTLY;2
Operands;RECOVER;1
Operands;SUBMIT;30
Operands;FAILURE;6
Operands;SUPPLIER;1
Operands;MEASURE;4
Operands;2008;1
Operands;GOVERNANCE;6
Operands;GENERATING;1
Operands;OPTIONS;1
Operands;EXERCISED;5
Operands;FIVE;3
Operands;UNLIKELY;1
Operands;LIABILITY;1
Operands;LIFE;1
Operands;33;6
Operands;SIMPLIFIED;4
Operands;IMPROVEMENTS;1
Operands;CONSULTATION;13
Operands;DIVERSITY;3
Operands;SITUATIONS;4
Operands;COORDINATED;5
Operands;WAY;17
Operands;CONSULT;8
Operands;NIST;1
Operands;INFORM;14
Operands;END;5
Operands;FAR;3
Operands;ACTIONS;11
Operands;42;4
Operands;ENGAGE;1
Operands;INTRAGROUP;5
Operands;DEMONSTRATE;2
Operands;OPERATING;11
Operands;BANKS;3
Operands;CATEGORIES;3
Operands;CONTINUE;11
Operands;SEVERED;1
Operands;DIVERGENT;3
Operands;APPROPRIATE;85
Operands;LEGISLATION;18
Operands;EXAMINATION;10
Operands;EU;212
Operands;EXPLANATION;3
Operands;REASONS;4
Operands;CREATE;4
Operands;APPLICATION;29
Operands;173;1
Operands;21;22
Operands;MERELY;2
Operands;PRESERVING;5
Operands;REVEALED;1
Operands;RECOVERING;1
Operands;FIRST;40
Operands;PUBLIC;28
Operands;FINDINGS;9
Operands;DEFER;1
Operands;PERSON;18
Operands;CERTIFICATION;1
Operands;COMMUNICATED;2
Operands;REVISED;1
Operands;STATEMENTS;3
Operands;VULNERABILITY;6
Operands;LOCALLY;1
Operands;DEVELOPED;12
Operands;STRENGTHEN;3
Operands;TASKS;22
Operands;PRESENT;1
Operands;RETAINED;1
Operands;NATURE;32
Operands;SIMPLE;2
Operands;ALIGNMENT;4
Operands;RANGE;6
Operands;PRIVATE;1
Operands;WEAKNESS;1
Operands;APPROPRIATELY;3
Operands;ABSENCE;8
Operands;LOGICAL;1
Operands;INTRODUCED;2
Operands;ULTIMATELY;7
Operands;60;4
Operands;ABILITY;15
Operands;AGREEMENT;7
Operands;2016;8
Operands;PROCESS;20
Operands;DETAILED;4
Operands;PROVISIONS;30
Operands;UNCERTAINTY;1
Operands;TRANSACTIONS;6
Operands;ADVANCED;7
Operands;TLPT;8
Operands;VERIFICATION;3
Operands;DATE;50
Operands;ENVIRONMENT;1
Operands;FLOW;2
Operands;YEAR;4
Operands;ACCOUNTABLE;4
Operands;INTERPRETED;2
Operands;COMPETITION;4
Operands;7;15
Operands;ABLE;6
Operands;SENSITIVE;4
Operands;PROPOSAL;9
Operands;TURN;3
Operands;KEY;16
Operands;LINKED;2
Operands;EASILY;3
Operands;UNABLE;1
Operands;REACH;1
Operands;BRINGS;1
Operands;CLAIM;1
Operands;BANKING;4
Operands;REMEDY;4
Operands;LIKELIHOOD;1
Operands;ACTIVITY;5
Operands;RECORDS;9
Operands;PROMPTLY;4
Operands;SIGNIFICANTLY;3
Operands;RECOGNITION;6
Operands;INTENTION;3
Operands;UNDUE;7
Operands;CONTRIBUTE;3
Operands;ULTIMATE;3
Operands;CAPABILITIES;22
Operands;DISCUSSIONS;2
Operands;HYBRID;1
Operands;INTERMEDIATE;1
Operands;INVESTMENTS;1
Operands;SOUND;16
Operands;72;1
Operands;EFFECT;9
Operands;COMPETITIVE;3
Operands;ENTITY;106
Operands;AGENCIES;3
Operands;PAY;1
Operands;DIRECTED;1
Operands;GAINS;1
Operands;SUPPORTING;29
Operands;DETAILS;17
Operands;PRIMARY;7
Operands;JOINT;52
Operands;SEGMENT;1
Operands;OFFER;1
Operands;JURISDICTIONS;8
Operands;AGE;2
Operands;AVAILABILITY;21
Operands;CARRY;14
Operands;COMPANY;1
Operands;STANDARD;5
Operands;FREQUENCY;8
Operands;METHODOLOGY;1
Operands;LOCAL;1
Operands;STAKEHOLDERS;5
Operands;ADDRESS;16
Operands;INFORMED;4
Operands;VI;1
Operands;REGISTRATION;1
Operands;EXEMPTIONS;4
Operands;STAGE;1
Operands;BURDENS;1
Operands;EUROSYSTEM;1
Operands;43;3
Operands;MANAGE;9
Operands;ACTING;1
Operands;RESOLUTION;17
Operands;FINANCE;11
Operands;TANGIBLE;1
Operands;MET;5
Operands;QUESTIONS;1
Operands;BENCHMARKING;1
Operands;OWNED;1
Operands;22;9
Operands;INVESTORS;1
Operands;CPMIIOSCO;1
Operands;COMMERCIAL;1
Operands;BEGIN;1
Operands;COMMITTEE;33
Operands;EVOLUTION;3
Operands;RATIONALE;1
Operands;INVESTMENT;22
Operands;ADVANCE;2
Operands;OPERATIONS;33
Operands;291;1
Operands;PRODUCING;1
Operands;TRANSLATE;1
Operands;ENTITIES;351
Operands;REPORT;40
Operands;INDIVIDUAL;13
Operands;PARENT;4
Operands;CARRYING;7
Operands;TRANSACTION;1
Operands;OPERATION;4
Operands;45;5
Operands;EFFECTS;6
Operands;ADEQUATELY;11
Operands;STRATEGY;17
Operands;DEAL;3
Operands;EXTENDED;2
Operands;CLEAR;8
Operands;COUNTRY;9
Operands;COMPREHENSIVE;17
Operands;RESPONSIBILITY;14
Operands;SECURITIES;14
Operands;SUFFICIENTLY;4
Operands;COMPONENTS;13
Operands;EXPLORING;1
Operands;FUNDING;3
Operands;20;4
Operands;CONFLICTS;7
Operands;BEAR;2
Operands;ATTENTION;2
Operands;PHYSICALLY;1
Operands;PRODUCTION;6
Operands;POTENTIAL;24
Operands;ENTERPRISES;3
Operands;BASED;29
Operands;SOUNDNESS;2
Operands;BOARD;5
Operands;POSED;4
Operands;39;3
Operands;AFFECT;6
Operands;171;2
Operands;ENGAGEMENT;1
Operands;ACCOUNTABILITY;2
Operands;SECTORSPECIFIC;2
Operands;HOLDING;1
Operands;BRING;2
Operands;PERIOD;17
Operands;VARY;1
Operands;TRANSITION;4
Operands;TRANSPARENCY;2
Operands;COMPLEXITY;24
Operands;INTANGIBLE;1
Operands;WRITING;2
Operands;FINAL;3
Operands;TRANSFERS;1
Operands;ASSET;5
Operands;EXTERNAL;24
Operands;REGULARLY;9
Operands;CAPABLE;2
Operands;CAREFUL;1
Operands;EXPERIENCES;1
Operands;STRICT;3
Operands;SOURCES;6
Operands;24;11
Operands;62;1
Operands;MODIFIED;1
Operands;DECISIONMAKING;2
Operands;ONES;2
Operands;MEMBERS;13
Operands;COSTS;21
Operands;STANDARDS;69
Operands;CALL;3
Operands;SECTORS;16
Operands;WORLD;1
Operands;NECESSARY;40
Operands;OPERATES;5
Operands;TACKLE;2
Operands;INSUFFICIENT;2
Operands;ISOLATION;1
Operands;KEYS;1
Operands;EXTENDING;1
Operands;MARKETS;13
Operands;IMPLICATIONS;1
Operands;REASONABLY;3
Operands;THREAT;50
Operands;CENTRALISED;1
Operands;GENERATE;2
Operands;BROUGHT;3
Operands;FINALISATION;1
Operands;DELIVERED;3
Operands;10;17
Operands;COUNCIL;37
Operands;TERMINATION;11
Operands;COORDINATE;3
Operands;EXAMINE;2
Operands;CREDIT;30
Operands;YEARS;10
Operands;FREE;3
Operands;LIKELY;3
Operands;ARISE;4
Operands;PROPERTIES;1
Operands;ACHIEVED;4
Operands;EXCHANGE;11
Operands;NONFINANCIAL;2
Operands;UNITED;1
Operands;REVIEWED;6
Operands;MULTILATERAL;1
Operands;MARKET;37
Operands;EXCHANGES;6
Operands;VIEW;25
Operands;UNDERLYING;1
Operands;FORESEEN;6
Operands;ORIGINAL;1
Operands;LEADS;1
Operands;FULFILMENT;8
Operands;INTEREST;11
Operands;PAID;2
Operands;EXTREME;1
Operands;ACCURATELY;1
Operands;BUSINESS;78
Operands;SOFTWARE;8
Operands;54;3
Operands;REMAIN;12
Operands;PROTECT;7
Operands;ACCESS;27
Operands;ISOLATE;1
Operands;PARTICIPATE;5
Operands;HIGHEST;4
Operands;DUE;15
Operands;PERFORMED;7
Operands;DEFINED;34
Operands;COMMONLY;1
Operands;SMOOTH;6
Operands;LOCATED;10
Operands;ANALYSIS;8
Operands;EXPERIENCED;1
Operands;DESIGN;5
Operands;EXPRESSED;1
Operands;CLASSIFICATION;5
Operands;PLANS;44
Operands;FULL;25
Operands;PRINCIPLES;10
Operands;AFFECTS;1
Operands;REASONABLE;2
Operands;SALES;1
Operands;26;5
Operands;REMAINS;3
Operands;LARGE;5
Operands;VERY;2
Operands;331;3
Operands;9;16
Operands;SAFEGUARDS;6
Operands;NATURAL;14
Operands;SUBSIDIARY;7
Operands;GLOBAL;4
Operands;CONTRIBUTING;4
Operands;CONTEXT;23
Operands;STRATEGIC;4
Operands;TECHNICAL;73
Operands;DECISION;29
Operands;OFTEN;3
Operands;CONCENTRATION;15
Operands;ABUSE;1
Operands;FOLLOW;5
Operands;CONTROLS;16
Operands;CEASE;3
Operands;ACCURACY;1
Operands;51;11
Operands;COLLECTION;1
Operands;APPLICATIONS;3
Operands;WORKINGS;1
Operands;AFFAIRS;3
Operands;PERIODICALLY;10
Operands;FIVEYEAR;1
Operands;FOCUS;5
Operands;INSURANCE;23
Operands;INTEGRITY;34
Operands;POTENTIALLY;9
Operands;CONSUMERS;1
Operands;ACHIEVE;7
Operands;LONG;3
Operands;36;6
Operands;REVIEW;32
Operands;THREATS;25
Operands;NOTICE;5
Operands;INCONSISTENT;1
Operands;CHECKS;4
Operands;LINES;4
Operands;CONSISTENTLY;1
Operands;CLASSIFIED;5
Operands;LIGHT;7
Operands;REINSURANCE;12
Operands;CORPORATE;4
Operands;LICENCE;1
Operands;DIRECTLY;10
Operands;MATERIAL;11
Operands;NECESSARILY;1
Operands;46;3
Operands;COMPLIANCE;12
Operands;5;19
Operands;MEASURES;55
Operands;EXPENDITURE;1
Operands;EMERGENCY;2
Operands;STORAGE;2
Operands;281;3
Operands;POLITICAL;1
Operands;GROUPS;4
Operands;PRINCIPLE;13
Operands;INDUSTRY;2
Operands;HELP;4
Operands;ORDER;31
Operands;EFFICIENT;4
Operands;WORK;16
Operands;BODIES;4
Operands;EVALUATION;1
Operands;GAIN;1
Operands;INTERMEDIATION;2
Operands;311;6
Operands;MANNER;11
Operands;CORE;6
Operands;32;9
Operands;INTERNATIONAL;10
Operands;ASCERTAIN;1
Operands;IDENTITY;6
Operands;FACILITATE;8
Operands;ROBUST;2
Operands;STARTING;1
Operands;PARTY;17
Operands;TITLE;1
Operands;FACED;1
Operands;SUBSTANTIAL;1
Operands;PERIODIC;12
Operands;53;1
Operands;SAFETY;1
Operands;SPECIAL;1
Operands;SOPHISTICATION;1
Operands;CENTRAL;23
Operands;CLOUD;13
Operands;CONDUCTED;10
Operands;THIRDPARTY;353
Operands;ISSUED;6
Operands;MAP;3
Operands;REGIONS;2
Operands;MATTER;10
Operands;RESPONSIBLE;22
Operands;HOME;1
Operands;CRITERION;1
Operands;SECTOR;30
Operands;LARGELY;2
Operands;DATA;87
Operands;CONSOLIDATED;3
Operands;ELECTRONIC;17
Operands;SPREAD;5
Operands;TOOL;1
Operands;40;3
Operands;MILLION;4
Operands;SECTIONS;2
Operands;ECONOMIC;11
Operands;ENABLES;2
Operands;ISSUES;5
Operands;CATEGORY;4
Operands;INSPECTION;20
Operands;JUNE;2
Operands;GENERATION;2
Operands;REPUTATIONAL;1
Operands;RESTORATION;5
Operands;INSOLVENCY;4
Operands;MANAGEMENT;136
Operands;ALREADY;7
Operands;AUTHORITIES;169
Operands;MATTERS;9
Operands;MAINTAINING;8
Operands;POOLED;7
Operands;SCOPE;27
Operands;COMMUNITY;1
Operands;FORWARD;1
Operands;CIVIL;1
Operands;POWERS;31
Operands;SCENARIO;1
Operands;25;7
Operands;37;3
Operands;INCUR;3
Operands;INTERMEDIARIES;13
Operands;DEGREE;5
Operands;TECHNOLOGICALLY;1
Operands;ADDRESSED;17
Operands;FEASIBLE;3
Operands;SITUATION;4
Operands;HEAVY;2
Operands;MEMBERSHIP;3
Operands;TERMS;8
Operands;MECHANISMS;27
Operands;STATE;25
Operands;MODELS;1
Operands;ANSWER;1
Operands;OBVIOUS;1
Operands;DRAW;6
Operands;PROFITS;2
Operands;PLAN;17
Operands;MAINTAIN;28
Operands;TECHNOLOGY;9
Operands;HELD;3
Operands;EXERCISING;8
Operands;GUIDE;3
Operands;49;2
Operands;RESTORING;1
Operands;MECHANISM;8
Operands;COVERAGE;2
Operands;ADVANTAGE;1
Operands;LAND;2
Operands;IMPORTANCE;12
Operands;QUALITATIVE;5
Operands;SUBSTANTIVE;2
Operands;CONCLUSION;2
Operands;ENTITLED;1
Operands;PREPARE;3
Operands;PLATFORM;1
Operands;POINT;120
Operands;BURDEN;2
Operands;JUSTIFIED;1
Operands;COMMENSURATE;4
Operands;RIGHTS;21
Operands;UNDERWRITING;1
Operands;DEVELOP;27
Operands;S;3
Operands;NEGLIGENCE;2
Operands;FACE;2
Operands;PURPOSES;38
Operands;LONGER;3
Operands;73;1
Operands;PERFORMING;2
Operands;CUSTOMER;1
Operands;AUDIT;26
Operands;AVAILABLE;13
Operands;14;13
Operands;OPEN;2
Operands;EXPLOITED;1
Operands;LOSS;5
Operands;SOLUTION;2
Operands;TECHNIQUES;5
Operands;ENSURES;4
Operands;MEDIUM;1
Operands;APPROPRIATENESS;3
Operands;ACTIVE;5
Operands;CROSSBORDER;12
Operands;11;10
Operands;INABILITY;2
Operands;17;5
Operands;FORM;2
Operands;WEBSITE;4
Operands;INITIAL;9
Operands;PRESENCE;2
Operands;SCHEME;1
Operands;13;9
Operands;COMPOSITION;1
Operands;BASIC;2
Operands;CARRIED;7
Operands;GROUNDS;1
Operands;OVERSIGHT;109
Operands;VALUE;4
Operands;AMOUNT;6
Operands;SERVICES;234
Operands;EXAMPLE;2
Operands;DELIVERING;4
Operands;CRITERIA;29
Operands;PRACTICAL;4
Operands;55;4
Operands;PLACE;24
Operands;ADEQUACY;1
Operands;30;7
Operands;ACQUIRE;2
Operands;ADAPT;1
Operands;DIFFICULTIES;3
Operands;FACTS;3
Operands;WORKING;1
Operands;JULY;1
Operands;EXTENT;7
Operands;DEFENCE;7
Operands;SEEK;6
Operands;ARISING;8
Operands;DOCUMENTATION;8
Operands;OVERVIEW;2
Operands;LEADING;1
Operands;INDEPENDENT;12
Operands;CONDUCT;36
Operands;COMPONENT;2
Operands;STRONG;6
Operands;FAIR;1
Operands;READILY;1
Operands;PERIODS;4
Operands;CHAINS;1
Operands;CREATING;4
Operands;PERMANENT;1
Operands;SUPERVISED;3
Operands;DISCLOSURE;4
Operands;PROVIDES;9
Operands;DAMAGES;2
Operands;COMPLETED;1
Operands;PREPARATION;3
Operands;OPTION;3
Operands;INTERVENTION;1
Operands;PROVIDER;151
Operands;REDUCE;6
Operands;UNDERTAKE;4
Operands;ATTEMPT;2
Operands;HARMONISED;6
Operands;IRREGULAR;1
Operands;IMPAIRMENT;1
Operands;BESPOKE;2
Operands;PAYMENTS;13
Operands;STANDARDISED;2
Operands;LOCATION;1
Operands;STRATEGIES;13
Operands;DIGITAL;88
Operands;POLICIES;30
Operands;GROUP;26
Operands;47;3
Operands;2009;2
Operands;PROTOCOL;2
Operands;ASPECTS;1
Operands;FEASIBILITY;3
Operands;GUIDELINES;7
Operands;SUPPORTED;6
Operands;CONSISTENCY;10
Operands;LOSSES;11
Operands;PARTIES;7
Operands;34;6
Operands;RECEIVE;3
Operands;EXPECTED;7
Operands;MANAGING;10
Operands;ENFORCEMENT;8
Operands;TECHNOLOGICAL;7
Operands;REPORTS;21
Operands;ESSENTIAL;14
Operands;DISTORTIONS;1
Operands;64;4
Operands;CHARACTERISTICS;1
Operands;BENEFITS;5
Operands;RELEVANT;148
Operands;48;2
Operands;COLLECTING;3
Operands;APPROACHES;11
Operands;HIGHER;2
Operands;3;50
Operands;BEHAVIOUR;1
Operands;INNOVATIVE;1
Operands;DETRIMENT;2
Operands;CONFIDENCE;3
Operands;COUNTERPARTIES;7
Operands;19;3
Operands;ARRANGEMENTS;97
Operands;PENALTY;21
Operands;FINANCIAL;636
Operands;EFFECTIVENESS;9
Operands;MONITORING;34
Operands;PUBLICATION;12
Operands;NETWORK;41
Operands;CAPTURE;2
Operands;ANNUAL;13
Operands;ACTION;6
Operands;DISTRIBUTION;1
Operands;FRAMEWORK;86
Operands;AUDITORS;7
Operands;35;4
Operands;52;2
Operands;COMPLETELY;2
Operands;283;2
Operands;OPERATIONAL;116
Operands;OFFERING;2
Operands;CURRENT;5
Operands;EMPLOYS;3
Operands;REMOTE;1
Operands;DEMONSTRATING;1
Operands;SENSE;2
Operands;DIGITALISATION;4
Operands;LIQUIDITY;2
Operands;BASE;1
Operands;OCCURRENCE;4
Operands;ENABLE;24
Operands;PARAGRAPH;136
Operands;CONSISTENT;17
Operands;TURNOVER;5
Operands;67;1
Operands;SYSTEMS;91
Operands;ISSUE;9
Operands;ESTABLISHMENT;7
Operands;AVOID;9
Other;;307
Other;AT;130
Other;CHAPTER;15
Other;DRAWING;1
Other;PART;37
Other;MAY;106
Other;APPLICABLE;30
Other;ON;349
Other;WHETHER;21
Other;40;4
Other;SHE;1
Other;IN;1096
Other;WHOSE;6
Other;4;39
Other;REPORT;40
Other;LESS;5
Other;OTHER;105
Other;WHO;6
Other;DONE;3
Other;THEIR;146
Other;HAVE;82
Other;IDENTICAL;1
Other;SIMILAR;3
Other;LATER;7
Other;WHICH;135
Other;WERE;7
Other;UNDER;73
Other;C;74
Other;THROUGH;55
Other;B;84
Other;56;5
Other;ANOTHER;4
Other;25;8
Other;ITS;70
Other;GIVING;1
Other;COULD;12
Other;CHAPTERS;3
Other;ALL;110
Other;12;14
Other;ALONGSIDE;1
Other;FUNDS;7
Other;VARIOUS;3
Other;RECOMMENDATIONS;31
Other;FROM;115
Other;UNION;122
Other;PAYMENT;45
Other;EXCLUDING;3
Other;FEWER;3
Other;THROUGHOUT;12
Other;BE;271
Other;MADE;2
Other;50;7
Other;PENALTIES;17
Other;THREE;15
Other;AMONGST;2
Other;THEY;40
Other;M;2
Other;LITTLE;1
Other;SHOULD;168
Other;MUST;3
Other;24;12
Other;EACH;25
Other;MORE;27
Other;6;18
Other;AGAINST;8
Other;NOT;107
Other;MOST;3
Other;GENERAL;14
Other;FOLLOWS;16
Other;SUBPARAGRAPH;47
Other;EG;7
Other;COSTS;21
Other;II;25
Other;UPON;28
Other;WOULD;30
Other;CAPS;2
Other;WITHIN;42
Other;ABOUT;8
Other;PURPOSES;38
Other;OVER;11
Other;NO;141
Other;CASE;36
Other;OUR;1
Other;INDIRECTLY;2
Other;MAKES;3
Other;RELATED;28
Other;INTO;96
Other;10;18
Other;MANY;2
Other;ONCE;4
Other;ONE;35
Other;BOTH;6
Other;3A;10
Other;PAST;2
Other;DOES;8
Other;MAKING;4
Other;REFERENCE;18
Other;SEVERAL;8
Other;TAKEN;15
Other;HAS;54
Other;TOWARDS;1
Other;WHICHEVER;1
Other;OUTSIDE;8
Other;V;3
Other;R;2
Other;EU;212
Other;WHEN;57
Other;SUCH;135
Other;BEING;9
Other;IT;77
Other;BELOW;1
Other;PROPORTIONATE;17
Other;REGIME;10
Other;ACROSS;21
Other;ETC;2
Other;PERSON;18
Other;D;46
Other;BEYOND;2
Other;A;663
Other;APPLY;19
Other;GIVE;7
Other;WILL;5
Other;3B;4
Other;THEREOF;12
Other;TAKING;29
Other;WHAT;5
Other;PROVIDED;65
Other;RELATING;10
Other;ANY;99
Other;ABOVE;1
Other;P;15
Other;9;17
Other;TAKES;6
Other;GIVEN;4
Other;CAN;19
Other;E;33
Other;OUT;69
Other;SHALL;445
Other;TAKE;40
Other;AN;165
Other;FEW;1
Other;I;26
Other;ARTICLE;364
Other;FOR;425
Other;DO;9
Other;SEEN;1
Other;AROUND;1
Other;THESE;26
Other;CONSIDER;10
Other;HE;1
Other;WHERE;88
Other;PARTIES;7
Other;FORTH;1
Other;ITSELF;1
Other;ORGANISATION;2
Other;UP;18
Other;FOLLOWING;63
Other;L;13
Other;TWO;2
Other;DURING;9
Other;MIGHT;6
Other;WITH;390
Other;2;48
Other;MODEL;6
Other;MUCH;1
Other;REQUIRED;27
Other;EXCEPT;4
Other;AMONG;10
Other;ABSENT;1
Other;ENOUGH;1
Other;HAD;2
Other;3;51
Other;1;88
Other;PARAGRAPHS;11
Other;IS;175
Other;BEEN;37
Other;THIS;202
Other;100;2
Other;PENDING;1
Other;WAS;3
Other;THE;3240
Other;5;20
Other;WITHOUT;34
Other;PRINCIPLE;13
Other;WHOLE;10
Other;THEMSELVES;6
Other;SOME;8
Other;NEITHER;2
Other;GENERALLY;1
Other;WHOM;3
Other;ARE;119
Other;HAVING;11
Other;THOSE;59
Other;CONNECTED;1
Other;VIA;4
Other;OF;2087
Other;EVERY;8
Other;STANDARD;5
Other;III;18
Other;SAME;24
Other;THEM;12
Other;BASE;1
Other;IV;9
Other;ALONG;2
Other;BEHIND;1
Other;TO;1486
Other;THERE;6
Other;DOWN;32
Other;BETWEEN;31
Other;TURNOVER;5
Other;CERTAIN;11
Other;UNTIL;7
Other;THAT;281
Other;THAN;44
Other;BY;343
Other;MAKE;7
Unclassified;X;1
Unclassified;LOOKING;1
Unclassified;AIMED;7
Unclassified;CONSIDERING;4
Unclassified;CONSIDERATIONS;1
Unclassified;CONSIDERS;4
Unclassified;CHANGES;15
Unclassified;APPEARS;2
Unclassified;CONSIDERATION;9
Unclassified;CHOOSE;1
Unclassified;CHOICE;1
Unclassified;CHANGE;6
Unclassified;CONSIDERED;13
Unclassified;CHOSEN;1
Unclassified;AIMS;3
Unclassified;CHANGED;2
Unclassified;CHANGING;1
