Operands;;463
Operands;ITALY;8
Operands;34;4
Operands;PERSONAL;27
Operands;–;31
Operands;DAMAGE;8
Operands;KEEP;5
Operands;EXTERNALITIES;1
Operands;CLAIM;2
Operands;PERTAIN;1
Operands;SCENARIO;6
Operands;JUNE;9
Operands;POSE;9
Operands;HIGH;47
Operands;MATTER;2
Operands;REGULAR;8
Operands;EMPLOYS;2
Operands;GROUPS;14
Operands;OCTOBER;13
Operands;STRENGTHENED;1
Operands;INTRODUCE;8
Operands;206;1
Operands;DOCUMENTATION;24
Operands;ITEMS;1
Operands;ASSESSMENTS;20
Operands;DEVELOPMENTS;9
Operands;ANALYSIS;21
Operands;SENSE;3
Operands;FTE;3
Operands;EVALUATION;7
Operands;ENTRY;3
Operands;FOCUSING;2
Operands;PROCESS;15
Operands;LIGHT;7
Operands;COMMUNICATIONS;2
Operands;COMMITTEE;12
Operands;EFFICIENT;9
Operands;COMPENSATION;8
Operands;LONG;3
Operands;STRATEGY;8
Operands;BELIEVE;2
Operands;SUPPLIER;1
Operands;CORPORATE;1
Operands;INSTRUCTIONS;2
Operands;STRUCTURED;1
Operands;PROJECTIONS;1
Operands;COSTS;152
Operands;PRACTICES;32
Operands;DESIGNATED;8
Operands;MEASURES;47
Operands;RESEARCH;26
Operands;LISTED;5
Operands;FIELD;9
Operands;OPERATING;4
Operands;ALLEVIATE;1
Operands;HARMONISED;25
Operands;AGENCY;14
Operands;UNION’S;5
Operands;LEVERAGE;3
Operands;PLACES;9
Operands;APPROACH;74
Operands;FACT;5
Operands;DIMENSION;1
Operands;LEAVES;1
Operands;OBSTACLES;14
Operands;AVAILABLE;13
Operands;STATES;95
Operands;SENSITIVE;8
Operands;FUNCTION;7
Operands;ANNEX;30
Operands;SEVERITY;2
Operands;SANCTION;1
Operands;STANDARD;11
Operands;PRESENTED;6
Operands;AUTHORISATION;3
Operands;EC;1
Operands;SCOPE;40
Operands;DEVELOP;12
Operands;77;2
Operands;PRACTICAL;4
Operands;INSUFFICIENT;1
Operands;MOVEMENTS;1
Operands;DEVELOPING;14
Operands;DEVELOPED;16
Operands;ENHANCED;5
Operands;49;2
Operands;37;7
Operands;PURCHASE;3
Operands;UNCLEAR;5
Operands;KNOWN;3
Operands;REPORTED;1
Operands;MICROENTERPRISES;1
Operands;SIGNIFICANT;24
Operands;SECTORSPECIFIC;6
Operands;PRIVATE;11
Operands;FINALLY;8
Operands;SOURCING;1
Operands;SUPERVISED;4
Operands;57;2
Operands;SUCCESSFUL;1
Operands;ENTRUSTED;1
Operands;EXPERTS;5
Operands;LIST;30
Operands;ESTONIA;2
Operands;CONDUCT;44
Operands;SOLUTIONS;14
Operands;SOLUTION;2
Operands;UNDERSTANDING;4
Operands;35;4
Operands;COVERING;3
Operands;DECIDE;1
Operands;FORESEEABLE;1
Operands;BURDEN;28
Operands;LANGUAGE;3
Operands;INTERVENTION;18
Operands;PLAN;9
Operands;INCREASED;18
Operands;TARGETED;7
Operands;FACTS;1
Operands;STRUCTURES;8
Operands;SALES;5
Operands;RESPOND;3
Operands;COMPANIES;109
Operands;INTENSITY;3
Operands;HIGHRISK;146
Operands;UPDATES;6
Operands;RECOGNISE;1
Operands;USED;84
Operands;DRAW;2
Operands;COMPLICATED;3
Operands;USD;2
Operands;LENGTHY;1
Operands;CRITICAL;1
Operands;FULL;10
Operands;PAID;2
Operands;CARE;5
Operands;EXCHANGES;1
Operands;HARD;4
Operands;CARRIED;6
Operands;PERFORMANCE;11
Operands;HARMONISATION;3
Operands;INDIRECT;4
Operands;REACHED;4
Operands;PERIOD;4
Operands;SECTION;45
Operands;UNDERSTAND;4
Operands;INTRODUCED;9
Operands;BRINGS;1
Operands;ADVERSE;8
Operands;PROCESSED;4
Operands;PUT;14
Operands;CASH;1
Operands;STRENGTHEN;3
Operands;89;5
Operands;FIGURES;2
Operands;PROCESSES;16
Operands;PROCEDURE;3
Operands;UNEVEN;1
Operands;CATEGORIES;5
Operands;246;1
Operands;PILOT;1
Operands;2014/65/EU;1
Operands;APPLICATIONS;231
Operands;5;36
Operands;LOWRISK;9
Operands;TEXT;2
Operands;TRANSLATE;2
Operands;134;2
Operands;0;2
Operands;LATVIA;2
Operands;REVENUES;2
Operands;FEDERAL;4
Operands;WORLDWIDE;2
Operands;QUESTIONS;2
Operands;YEARS;8
Operands;COMMISSION’S;10
Operands;EBA;1
Operands;CAUSE;9
Operands;PROTOCOLS;1
Operands;MODIFICATIONS;6
Operands;PROVE;13
Operands;SOURCES;8
Operands;BEST;7
Operands;INTERMEDIARY;6
Operands;COHERENT;6
Operands;POSED;12
Operands;VOLUNTARY;67
Operands;OWN;11
Operands;OJ;4
Operands;OBJECTIVE;53
Operands;14;10
Operands;PARALLEL;2
Operands;UNDERTAKEN;1
Operands;ACTIONS;11
Operands;COVERS;3
Operands;ONEOFF;1
Operands;HEAVY;1
Operands;PERCENT;1
Operands;SUPPORT;35
Operands;LEGISLATION;199
Operands;HOME;4
Operands;DETAIL;1
Operands;COMPANY;13
Operands;WORKING;9
Operands;TOOLS;14
Operands;FORUM;2
Operands;ADVANCED;5
Operands;AUDITED;1
Operands;TRANSPARENT;6
Operands;EXPERT;16
Operands;GOVERNANCE;48
Operands;1;89
Operands;LEVELS;9
Operands;DISCRETION;1
Operands;THIRDPARTY;13
Operands;NATURE;30
Operands;FUNDED;2
Operands;ARRANGEMENTS;2
Operands;NOTES;3
Operands;PURPOSE;22
Operands;FIGURE;12
Operands;DISTRIBUTION;3
Operands;STOCK;1
Operands;163;1
Operands;IMPACT;81
Operands;RESOURCES;22
Operands;12;10
Operands;FAR;11
Operands;AIM;18
Operands;19;8
Operands;COOPERATION;26
Operands;DEFAULT;1
Operands;WITHDRAWALS;2
Operands;COM2020;4
Operands;SUCCESSFULLY;1
Operands;271;1
Operands;USEFUL;4
Operands;EU;277
Operands;SELL;1
Operands;COMPLEX;14
Operands;GUIDELINES;19
Operands;BUILDS;1
Operands;PROFIT;3
Operands;SPLIT;2
Operands;COMMODITIES;1
Operands;POSSIBILITY;11
Operands;11;10
Operands;UNITED;6
Operands;CONTRACT;1
Operands;SUPPLEMENTARY;1
Operands;CONTRIBUTIONS;1
Operands;ECONOMIES;5
Operands;ACT;51
Operands;PROBLEM;56
Operands;BEHAVIOUR;13
Operands;JOINT;10
Operands;PROVIDER;15
Operands;PRINCIPLES;23
Operands;GOODS;12
Operands;UNCERTAINTY;24
Operands;BETTER;21
Operands;ELEMENTS;18
Operands;INVESTMENT;28
Operands;PAY;2
Operands;PLAYING;2
Operands;INTENTION;1
Operands;CAPACITY;3
Operands;CLAIMS;3
Operands;STANDARDIZATION;2
Operands;DETAILS;13
Operands;MASS;5
Operands;TREATY;3
Operands;ADVANCE;2
Operands;JUSTIFY;1
Operands;PROCEDURES;32
Operands;OFFER;2
Operands;GUARANTEE;6
Operands;UNITS;1
Operands;REALIZED;1
Operands;WAY;12
Operands;24;2
Operands;CONCLUSION;6
Operands;RECEIVED;3
Operands;INTERPRETED;1
Operands;CERTIFICATES;1
Operands;151;2
Operands;2024;1
Operands;ISSUE;7
Operands;REMEDIES;3
Operands;REPUTATION;3
Operands;EFFECTS;17
Operands;265;1
Operands;QUALIFIES;1
Operands;DETRIMENT;1
Operands;2017;13
Operands;FULFILMENT;2
Operands;LOANS;1
Operands;UNAUTHORIZED;1
Operands;FREEDOMS;3
Operands;FOCUSED;1
Operands;SELFREGULATION;3
Operands;CONTESTABILITY;1
Operands;CAMPAIGNS;3
Operands;AMOUNT;11
Operands;THEORY;1
Operands;CAUSED;15
Operands;AUTHORISED;1
Operands;NOTICE;1
Operands;EXTENSIVE;2
Operands;CONTRIBUTE;6
Operands;CORRECTIVE;1
Operands;COMPETITIVE;6
Operands;EXEMPTIONS;3
Operands;FOCUSES;3
Operands;EXPLICIT;1
Operands;BOX;1
Operands;FOCUS;5
Operands;COORDINATION;11
Operands;IMPROVES;1
Operands;PROVISIONS;15
Operands;FINDINGS;1
Operands;RELIABLE;2
Operands;71;1
Operands;ACCOUNT;24
Operands;MANAGE;1
Operands;CONFIDENCE;2
Operands;29;2
Operands;DEVELOPS;2
Operands;ICT;3
Operands;PERSON;12
Operands;IRELAND;2
Operands;CONSISTENT;11
Operands;APPROACHES;10
Operands;PRESIDENT;4
Operands;CORRECT;1
Operands;DISADVANTAGE;2
Operands;DIVERSE;3
Operands;18;4
Operands;VARIETY;2
Operands;FUNCTIONAL;4
Operands;YEAR;8
Operands;REFINED;1
Operands;LONGER;1
Operands;2016/679;2
Operands;179;1
Operands;POLAND;3
Operands;2018;17
Operands;167;1
Operands;PERSONS;24
Operands;SINGAPORE;2
Operands;REGISTRATION;18
Operands;AGREEMENT;1
Operands;WORLD;13
Operands;RELIANCE;2
Operands;ISSUED;5
Operands;FACED;3
Operands;WIDE;6
Operands;OPERATORS;25
Operands;ESMA;1
Operands;BROAD;9
Operands;SAFEGUARDS;22
Operands;SEGMENT;1
Operands;SPAIN;5
Operands;CONSULTATIONS;2
Operands;PARTICULAR;29
Operands;SOURCED;1
Operands;CONSULTING;1
Operands;INVESTORS;3
Operands;AUDIT;2
Operands;EXCHANGE;6
Operands;ACQUISITION;1
Operands;CONSUMER;16
Operands;POLICIES;3
Operands;40;7
Operands;FIXED;5
Operands;2019;29
Operands;FEES;6
Operands;JULY;9
Operands;LARGER;11
Operands;AREAS;12
Operands;CONTINUOUS;10
Operands;BANKING;3
Operands;DISPLAY;1
Operands;TYPE;8
Operands;RULES;110
Operands;MANAGED;1
Operands;EXPLORE;2
Operands;145;2
Operands;IBM;2
Operands;USUALLY;8
Operands;COVERAGE;1
Operands;ADVANTAGE;3
Operands;277;1
Operands;MIXED;1
Operands;FRAMEWORK;115
Operands;AIMING;2
Operands;COPE;2
Operands;16;8
Operands;CODE;16
Operands;PRIMARY;1
Operands;TIMING;3
Operands;DESCRIBED;9
Operands;CUSTOMERS;10
Operands;OFFICIAL;1
Operands;QUANTUM;1
Operands;LINES;2
Operands;HOUSING;1
Operands;DISTRIBUTED;3
Operands;SERVICES;85
Operands;TAILORED;4
Operands;GENERATE;4
Operands;2023;1
Operands;PARTIES;4
Operands;POSITION;14
Operands;ACTS;26
Operands;COMMUNICATION;7
Operands;REGION;1
Operands;DECISIONS;21
Operands;CHAINS;1
Operands;INNOVATION;44
Operands;OFTEN;18
Operands;150;1
Operands;OBLIGATION;12
Operands;DISCLOSURE;2
Operands;REPORT;36
Operands;FREE;10
Operands;TRILLION;3
Operands;CALL;3
Operands;SELLERS;1
Operands;SECTIONS;2
Operands;RIGHT;26
Operands;SECURITY;34
Operands;PROTOCOL;1
Operands;COMPETITORS;3
Operands;OCCUR;8
Operands;SAMPLE;4
Operands;RATIONALES;1
Operands;RIGHTS;232
Operands;RISE;4
Operands;55;3
Operands;SUBSTANTIVE;3
Operands;CURRENT;21
Operands;VERIFICATION;12
Operands;OUTLINED;7
Operands;SOLID;6
Operands;REPRESENTATIVES;3
Operands;MANNER;6
Operands;INTERACTION;6
Operands;SOCALLED;6
Operands;2008;2
Operands;ADVANTAGES;3
Operands;CONTROLS;3
Operands;46;3
Operands;SOCIAL;37
Operands;COMPLETELY;2
Operands;GROWTH;9
Operands;FINLAND;8
Operands;27;6
Operands;COMPLIANCE;113
Operands;UNSAFE;2
Operands;FAILURE;1
Operands;CREATE;27
Operands;ORGANISATIONAL;1
Operands;BUILT;3
Operands;BOTTOM;2
Operands;TREATMENT;8
Operands;FOLLOW;10
Operands;DEMAND;6
Operands;COUNTRY;2
Operands;217;1
Operands;BROKEN;1
Operands;THREAT;5
Operands;HIGHLY;5
Operands;INCUR;2
Operands;ACCOUNTABLE;1
Operands;PARAMETERS;3
Operands;65;6
Operands;INCONSISTENT;1
Operands;DELEGATED;6
Operands;CHALLENGES;25
Operands;NATURAL;14
Operands;EXPECT;4
Operands;INFORMED;3
Operands;RISKS;140
Operands;PARTS;3
Operands;PREVENTION;3
Operands;F;4
Operands;PARTNERS;4
Operands;CONTEXT;45
Operands;IMPROVING;6
Operands;BOARD;12
Operands;LICENSING;1
Operands;SOMETIMES;2
Operands;REMOTE;39
Operands;DULY;3
Operands;INTERRELATED;1
Operands;DEAL;4
Operands;CYBERSECURITY;23
Operands;FEATURES;9
Operands;STRENGTH;1
Operands;8;14
Operands;LIFE;6
Operands;GAINS;1
Operands;INITIATIVES;27
Operands;COUNTRIES;16
Operands;500;3
Operands;CAPABLE;2
Operands;ADDRESS;55
Operands;IMPLICATIONS;23
Operands;EXAMINED;4
Operands;EXPENDITURES;2
Operands;CLASSIFY;2
Operands;TURNOVER;1
Operands;SUBJECTIVE;1
Operands;COMPOSITION;2
Operands;RISKBASED;16
Operands;CYBER;1
Operands;SYSTEMS;413
Operands;PRODUCT;92
Operands;TASKS;13
Operands;PARTICIPANTS;6
Operands;DELIVERY;2
Operands;REPUBLIC;4
Operands;BASELINE;41
Operands;ENTITIES;3
Operands;SUMMARISED;1
Operands;JURISDICTION;2
Operands;CLASSIFICATION;6
Operands;COST;31
Operands;PARTY;19
Operands;REASON;7
Operands;MARKETS;11
Operands;INTERNAL;41
Operands;LARGE;45
Operands;VARY;3
Operands;TURN;8
Operands;PURPOSES;17
Operands;FINTECH;2
Operands;SELLING;2
Operands;PROTECTED;5
Operands;GLOBE;1
Operands;RESPONSIBILITY;7
Operands;170;1
Operands;PRACTICE;17
Operands;INFLUENCE;3
Operands;CREATION;1
Operands;POSSIBLE;42
Operands;FIT;5
Operands;STUDIES;2
Operands;OUTCOME;4
Operands;TIME;18
Operands;COMMON;28
Operands;PROBLEMS;58
Operands;INDIVIDUAL;16
Operands;23;5
Operands;RISK’;2
Operands;MONITOR;16
Operands;RISKINESS;2
Operands;OPACITY;8
Operands;AVAILABILITY;2
Operands;RELIES;3
Operands;STAGE;9
Operands;275;1
Operands;84;5
Operands;REPRESENTATIVENESS;1
Operands;CARRY;5
Operands;MAIN;22
Operands;NECESSARY;26
Operands;FORESEE;3
Operands;AFFECT;10
Operands;BESPOKE;1
Operands;INVESTIGATIONS;10
Operands;EXPENDITURE;2
Operands;SUFFICIENT;17
Operands;INFRASTRUCTURE;7
Operands;224;1
Operands;MODIFY;1
Operands;GENERATED;8
Operands;SOFTWARE;26
Operands;CERTIFICATION;14
Operands;162;1
Operands;SUGGESTED;2
Operands;DISCUSSION;7
Operands;SYNERGIES;1
Operands;ECONOMIC;32
Operands;ENISA;3
Operands;ACCURACY;18
Operands;STATISTICAL;3
Operands;RECOGNISED;3
Operands;OCCURRENCE;1
Operands;ADEQUATE;5
Operands;CRUCIAL;2
Operands;PARTIAL;3
Operands;PLEASE;2
Operands;AMORTISE;1
Operands;CERTAINTY;46
Operands;PUBLICLY;30
Operands;CITIZENS;50
Operands;UNCHANGED;1
Operands;POWER;6
Operands;BEGINNING;2
Operands;250;2
Operands;DESCRIPTION;2
Operands;UNABLE;3
Operands;PRESENCE;2
Operands;MANAGEMENT;26
Operands;DIVERGENT;2
Operands;PURSUED;1
Operands;CREATED;2
Operands;7;18
Operands;COMPOUND;1
Operands;STRICT;10
Operands;BANK;1
Operands;58;2
Operands;MODELS;10
Operands;INDUSTRIAL;8
Operands;EQUITY;1
Operands;PLATFORM;5
Operands;OFFERING;1
Operands;INSOFAR;4
Operands;VALUES;28
Operands;INTRODUCTION;11
Operands;78;3
Operands;139;1
Operands;VEHICLES;18
Operands;LAW;68
Operands;STORAGE;4
Operands;SITUATIONS;6
Operands;UNIT;1
Operands;UNRELATED;2
Operands;POINTED;1
Operands;LAUNCH;1
Operands;CHARGE;2
Operands;195;1
Operands;GERMANY;7
Operands;INTEREST;2
Operands;INAPPROPRIATE;1
Operands;BENEFITS;32
Operands;FACILITIES;8
Operands;BEAR;3
Operands;15;11
Operands;IMPOSSIBLE;5
Operands;21;8
Operands;PROGRAMME;5
Operands;SHARE;32
Operands;FAIRNESS;3
Operands;WORK;18
Operands;AFFECTS;2
Operands;FORM;5
Operands;PARTICIPATION;3
Operands;BENEFIT;13
Operands;TACKLE;2
Operands;CATEGORY;2
Operands;PUBLISHED;5
Operands;REPORTS;4
Operands;CIVIL;26
Operands;INTELLECTUAL;2
Operands;FRAMEWORKS;17
Operands;FREEDOM;7
Operands;SECTORS;33
Operands;DESIGN;14
Operands;STAKEHOLDERS;28
Operands;TECHNOLOGICAL;19
Operands;CLOSE;3
Operands;DISTORTIONS;2
Operands;POLITICAL;10
Operands;PRESENT;5
Operands;MILITARY;6
Operands;FINANCIAL;16
Operands;TRADE;3
Operands;279;1
Operands;INCIDENTS;6
Operands;INTERMEDIATION;1
Operands;INITIAL;7
Operands;INSURANCE;2
Operands;APPOINTED;1
Operands;211;1
Operands;CONSISTENCY;11
Operands;ENSURED;4
Operands;OECD;35
Operands;NOVEMBER;5
Operands;DEFINED;12
Operands;STAGES;3
Operands;FRANCE;6
Operands;60;7
Operands;COMMENTS;1
Operands;FUND;1
Operands;UNDERTAKE;1
Operands;COLLECTED;1
Operands;CONTRIBUTES;3
Operands;ACCESS;29
Operands;LED;1
Operands;COURT;11
Operands;94;1
Operands;CHECKS;24
Operands;KNOWLEDGE;2
Operands;STREAMING;1
Operands;SEPTEMBER;4
Operands;STRUCTURE;5
Operands;DETAILED;10
Operands;PREJUDICE;1
Operands;SIDES;2
Operands;TRANSITION;2
Operands;WITHDRAWAL;2
Operands;EXAMPLE;62
Operands;20;15
Operands;COMPREHENSIVE;14
Operands;REMEDY;5
Operands;STATE;15
Operands;WISH;2
Operands;LEAD;29
Operands;GUIDANCE;14
Operands;ABLE;16
Operands;54;3
Operands;AMOUNTING;1
Operands;PROFILE;1
Operands;REALIZATION;1
Operands;KEY;15
Operands;NONGOVERNMENTAL;2
Operands;PROVEN;2
Operands;SWEDEN;4
Operands;PROTECT;13
Operands;SOLVE;2
Operands;87;3
Operands;INFORMATION;47
Operands;ARTICLES;1
Operands;LOGIC;7
Operands;ACTION;34
Operands;EXPOSURE;1
Operands;ADDRESSING;12
Operands;COMPONENTS;27
Operands;OPERATION;7
Operands;IMPACTED;2
Operands;UNDERTAKINGS;1
Operands;PROFITABLE;1
Operands;SUMMARY;8
Operands;CHINA;2
Operands;REACH;4
Operands;ENVIRONMENT;12
Operands;UNFAIR;14
Operands;75;2
Operands;4;86
Operands;52;2
Operands;AVOIDANCE;1
Operands;51;4
Operands;HUNGARY;2
Operands;VAN;2
Operands;REMEDIAL;4
Operands;STEPS;1
Operands;DESIRABLE;1
Operands;PUBLISH;1
Operands;TFEU;3
Operands;UNLIKELY;4
Operands;DOCUMENT;5
Operands;PLANS;5
Operands;CREDIT;8
Operands;OPPOSED;3
Operands;61;4
Operands;PROMOTE;6
Operands;TRANSFER;3
Operands;BELGIUM;3
Operands;PACKAGE;2
Operands;PARTNERSHIP;2
Operands;APPROPRIATE;28
Operands;RELATED;36
Operands;GENERATES;1
Operands;APPEAL;3
Operands;HARDWARE;6
Operands;TRUSTED;1
Operands;PROFESSIONAL;1
Operands;MERITS;1
Operands;STRATEGIES;3
Operands;TRANSITIONAL;3
Operands;QUALIFICATION;1
Operands;COUNCIL;84
Operands;INVOLVEMENT;4
Operands;ENTER;3
Operands;POLICY;51
Operands;EFFECTIVENESS;8
Operands;INTERNATIONAL;27
Operands;ARRIVE;1
Operands;FLOW;2
Operands;NONDISCRIMINATORY;2
Operands;TARGET;1
Operands;OUTLINE;1
Operands;INDEPENDENT;3
Operands;ANNUALLY;1
Operands;SUPPLY;4
Operands;STUDENT;2
Operands;EFFICIENCIES;1
Operands;INCOMPLETE;2
Operands;BUSINESSES;50
Operands;216;1
Operands;PRIORITY;1
Operands;RECORDS;2
Operands;MOVE;2
Operands;INDUCED;2
Operands;RATE;3
Operands;INVESTIGATION;2
Operands;CARRYING;1
Operands;63;2
Operands;CYCLE;1
Operands;DISPROPORTIONATE;2
Operands;SMOOTH;1
Operands;DIFFICULT;14
Operands;BECOME;20
Operands;DECEMBER;6
Operands;CHARACTERISTICS;30
Operands;KOREA;1
Operands;SUFFER;4
Operands;CLEAR;34
Operands;CAPTURE;2
Operands;9;13
Operands;EARLY;7
Operands;EXPECTED;19
Operands;COMMERCIAL;12
Operands;OBJECTIVES;36
Operands;THEORETICAL;6
Operands;SLOVENIA;1
Operands;ACTIVE;1
Operands;90;4
Operands;17;6
Operands;PROTECTION;94
Operands;VERY;50
Operands;TYPES;5
Operands;270;1
Operands;LOOPHOLES;1
Operands;VULNERABILITIES;4
Operands;NATIONAL;94
Operands;POOL;3
Operands;DATA;160
Operands;LEGITIMATE;3
Operands;EVIDENCE;20
Operands;32;5
Operands;DIVERSITY;1
Operands;EUROPEAN;222
Operands;UNILATERAL;9
Operands;INCURRED;2
Operands;STAFF;4
Operands;AWARENESS;4
Operands;AUTHORITY;7
Operands;WAYS;4
Operands;SCALE;17
Operands;47;1
Operands;RESOLUTION;17
Operands;33;2
Operands;PARLIAMENT;44
Operands;ALIGN;1
Operands;REASONS;9
Operands;ZERO;3
Operands;GOVERNMENTS;2
Operands;GROUNDS;5
Operands;FUNDING;3
Operands;GROSS;1
Operands;DEGREE;6
Operands;REGISTER;2
Operands;CONSULTATION;23
Operands;LARGELY;6
Operands;TAXATION;2
Operands;ENABLE;9
Operands;DEPLOYMENT;8
Operands;EIOPA;1
Operands;EMPLOYEES;5
Operands;SUBSTANTIAL;5
Operands;FORMAL;3
Operands;FAVOUR;1
Operands;EVASION;2
Operands;EXPANDING;1
Operands;QUALITATIVE;2
Operands;…;1
Operands;SMALL;19
Operands;CREDITS;1
Operands;CLARITY;3
Operands;DISPOSAL;1
Operands;CONSISTENTLY;1
Operands;VALID;1
Operands;ARGUMENT;1
Operands;SOON;2
Operands;MATERIAL;5
Operands;EXPERIENCE;3
Operands;FOLLOWED;5
Operands;LEGAL;168
Operands;BRING;9
Operands;INSTRUMENT;49
Operands;MEXICO;1
Operands;GAIN;3
Operands;CREATING;7
Operands;DESIGNED;11
Operands;ESTABLISHMENT;6
Operands;EMERGENCY;1
Operands;DISCUSSED;9
Operands;ARGUE;1
Operands;26;4
Operands;DOCUMENTED;1
Operands;EXPENSES;1
Operands;VERSION;1
Operands;REVIEWS;3
Operands;BREACH;4
Operands;PROTECTIVE;4
Operands;SAFETY;219
Operands;VAST;3
Operands;ACCOMPANIED;4
Operands;59;2
Operands;ILLEGAL;2
Operands;GLOBAL;30
Operands;DIFFICULTIES;1
Operands;SOLD;2
Operands;PURSUANT;2
Operands;GEOGRAPHICAL;1
Operands;THIRD;31
Operands;TECHNICAL;31
Operands;OUTPUT;9
Operands;73;2
Operands;215;1
Operands;LICENCE;1
Operands;ADVICE;4
Operands;210;1
Operands;PRESUMED;1
Operands;COMMITMENTS;4
Operands;TRADITIONAL;3
Operands;PRESSURE;6
Operands;RESPONSIBILITIES;4
Operands;144;1
Operands;300;1
Operands;NONCOMPLIANCE;8
Operands;CONCEPT;3
Operands;SHOW;1
Operands;ASSETS;3
Operands;264;1
Operands;66;2
Operands;ENVISAGED;12
Operands;ATTEMPT;2
Operands;SERVICE;20
Operands;METHODOLOGY;14
Operands;GUIDE;1
Operands;JUDICIAL;5
Operands;REFLECT;2
Operands;INTRODUCING;3
Operands;CAUSES;2
Operands;LEVEL;66
Operands;NUMBER;31
Operands;44;2
Operands;MAINTENANCE;1
Operands;LOSS;3
Operands;PROPOSALS;8
Operands;WEBSITE;1
Operands;QUOTED;1
Operands;COMPLETE;6
Operands;31;5
Operands;STARTING;2
Operands;G;3
Operands;UPDATED;5
Operands;INSTRUMENTS;1
Operands;CLASS;10
Operands;AGREE;7
Operands;DYNAMIC;3
Operands;2;95
Operands;INNOVATIVE;8
Operands;PROBABLY;1
Operands;TERMS;18
Operands;AUTHORITIES;125
Operands;ACTIVITY;2
Operands;INPUTS;3
Operands;POSSIBLY;7
Operands;30;4
Operands;LATTER;2
Operands;STUDY;6
Operands;64;4
Operands;80;5
Operands;DUAL;1
Operands;DEPENDENCY;2
Operands;HIGHER;23
Operands;ACCESSIBILITY;5
Operands;ACCURATE;3
Operands;ACCOUNTS;3
Operands;REASONABLE;7
Operands;OPEN;4
Operands;PILLAR;1
Operands;LIABLE;3
Operands;PROCEEDINGS;1
Operands;COMMISSION;106
Operands;PUBLIC;99
Operands;PRICE;1
Operands;TRUE;1
Operands;PARTICIPATING;5
Operands;DECLARATION;3
Operands;PORTUGAL;2
Operands;FASTER;4
Operands;INCIDENT;1
Operands;PROPOSAL;19
Operands;FIND;7
Operands;JAPAN;2
Operands;DETECT;13
Operands;CONTRIBUTED;1
Operands;45;7
Operands;PROPOSED;38
Operands;EXTERNAL;8
Operands;DAMAGES;5
Operands;191;1
Operands;OPTIONS;66
Operands;LEARNING;33
Operands;EXPLANATION;5
Operands;AFFECTED;17
Operands;EXPECTATIONS;1
Operands;CLAIMING;1
Operands;CALLED;14
Operands;272;1
Operands;HUB;1
Operands;ACHIEVED;5
Operands;DURATION;1
Operands;TRUST;68
Operands;DESIGNING;4
Operands;TIMES;1
Operands;76;4
Operands;CLARIFY;2
Operands;CLOUD;1
Operands;VALUE;36
Operands;MET;1
Operands;INTERESTS;5
Operands;IMPOSING;2
Operands;CONTRIBUTION;1
Operands;SIMPLE;1
Operands;DETECTION;6
Operands;QUESTION;2
Operands;EXPERTISE;12
Operands;DISTRICT;1
Operands;IMPROVEMENTS;1
Operands;ANTICIPATED;1
Operands;CROSSBORDER;8
Operands;234;1
Operands;PRODUCTS;89
Operands;2020;54
Operands;FINANCED;1
Operands;UPDATE;4
Operands;2022;6
Operands;7000;1
Operands;STRONG;8
Operands;INDIA;1
Operands;NOTE;5
Operands;UNPREDICTABLE;1
Operands;CONCEPTUAL;1
Operands;HEALTH;14
Operands;JUST;7
Operands;TOOL;7
Operands;INPUT;6
Operands;RECOUP;1
Operands;REGULATION;80
Operands;APRIL;12
Operands;PUBLICATION;3
Operands;ADMINISTRATIVE;27
Operands;HELPFUL;2
Operands;SANCTIONS;9
Operands;CRITERIA;21
Operands;CAPABILITIES;7
Operands;COMPETENT;65
Operands;RECOGNIZED;2
Operands;PROVIDERS;77
Operands;THANKS;1
Operands;ENFORCEMENT;108
Operands;MEMBER;106
Operands;ERRORS;3
Operands;ROLE;5
Operands;BECOMES;7
Operands;DEMONSTRATE;3
Operands;STEP;4
Operands;WELLDEVELOPED;1
Operands;SAFE;35
Operands;86;1
Operands;SAFEGUARD;2
Operands;AGE;6
Operands;OPPORTUNITY;3
Operands;39;3
Operands;ENGAGED;2
Operands;AMENDMENTS;7
Operands;LIKELIHOOD;2
Operands;TECHNOLOGIES;62
Operands;HAND;24
Operands;END;2
Operands;MALICIOUS;3
Operands;OBTAINED;6
Operands;ENHANCE;13
Operands;SUPPORTING;9
Operands;PARTICIPATE;2
Operands;MARGINAL;2
Operands;RISK;126
Operands;HIGHLIGHTED;2
Operands;EFFECT;21
Operands;REGIONS;2
Operands;CONSUMERS;33
Operands;MEASURE;1
Operands;STAKE;1
Operands;BRAND;2
Operands;CUSTOMER;3
Operands;83;4
Operands;USE;202
Operands;2000;2
Operands;ADMINISTRATION;7
Operands;FAIR;3
Operands;FOREIGN;5
Operands;REVIEW;24
Operands;POINT;12
Operands;US;6
Operands;MILLION;20
Operands;PROGRESS;3
Operands;ROLLED;1
Operands;AMOUNTS;3
Operands;LINKED;5
Operands;GREECE;1
Operands;COVID19;2
Operands;ONSITE;1
Operands;OPERATE;7
Operands;PROPER;3
Operands;INEFFECTIVE;3
Operands;CONCLUSIONS;11
Operands;HISTORICAL;1
Operands;LISTING;1
Operands;ARISE;4
Operands;REGIMES;1
Operands;BROADLY;2
Operands;PROLIFERATION;3
Operands;REALITY;1
Operands;WIDESPREAD;4
Operands;CLASSIFIED;5
Operands;INDUSTRIES;1
Operands;PLANNED;1
Operands;MAGNITUDE;2
Operands;PEER;1
Operands;MONITORING;36
Operands;SUPERVISION;16
Operands;SYSTEM;169
Operands;ALREADY;47
Operands;OBSTACLE;4
Operands;USERS;79
Operands;RELIABILITY;6
Operands;AREA;6
Operands;FUNDAMENTAL;206
Operands;ASYMMETRY;1
Operands;GROUP;25
Operands;COMMITMENT;3
Operands;MOVEMENT;7
Operands;NOW;4
Operands;MEMBERS;2
Operands;70;3
Operands;FIVE;8
Operands;INSPECTION;2
Operands;229;1
Operands;PURCHASING;2
Operands;ENCOURAGE;4
Operands;POINTS;2
Operands;ANTE;34
Operands;CONTENT;15
Operands;SKILLS;2
Operands;REVIEWED;5
Operands;CLARIFYING;1
Operands;AGREEMENTS;2
Operands;ADAPT;3
Operands;MARGINS;1
Operands;DECISIONMAKING;16
Operands;CONSEQUENCES;7
Operands;148;1
Operands;ONGOING;14
Operands;DEMONSTRATED;1
Operands;EMPHASISE;1
Operands;ATTENTION;4
Operands;COORDINATED;9
Operands;FINES;2
Operands;WORKINGS;1
Operands;EXERCISE;6
Operands;LOGICAL;2
Operands;PRODUCTION;4
Operands;MECHANISMS;15
Operands;FAILURES;2
Operands;TYPICAL;1
Operands;NETHERLANDS;4
Operands;PRIOR;4
Operands;PENALTIES;1
Operands;53;1
Operands;GEOGRAPHIC;1
Operands;COMPLEXITY;16
Operands;72;4
Operands;FINANCE;2
Operands;QUALITY;26
Operands;UNDERTAKING;1
Operands;FINAL;19
Operands;209;1
Operands;UK;6
Operands;ROBUST;7
Operands;STANDARDS;55
Operands;DEFENCE;1
Operands;IMPORTANT;43
Operands;AUSTRALIA;2
Operands;VALUABLE;2
Operands;PREPARED;1
Operands;130;1
Operands;68;1
Operands;PRINCIPLE;17
Operands;INCENTIVES;1
Operands;MATTERS;3
Operands;194;1
Operands;CONDUIT;1
Operands;SOURCE;28
Operands;VIEWS;13
Operands;PERSPECTIVE;5
Operands;DISTRIBUTE;3
Operands;AUDITS;3
Operands;NOTED;2
Operands;FAIL;3
Operands;INITIATIVE;47
Operands;BUSINESS;29
Operands;IMPORTANCE;4
Operands;APPLICATION;60
Operands;BODIES;11
Operands;OPERATIONS;4
Operands;HORIZONTAL;99
Operands;SIMPLIFIED;2
Operands;PLANNING;1
Operands;CONFIDENTIALITY;1
Operands;SITUATION;5
Operands;DAY;1
Operands;13;12
Operands;WELL;48
Operands;PROVISION;13
Operands;LOW;11
Operands;3;163
Operands;ENSUING;1
Operands;PROPERTY;4
Operands;CONTRAST;3
Operands;FACE;8
Operands;69;2
Operands;NETWORK;8
Operands;ABILITY;9
Operands;41;2
Operands;MARGIN;5
Operands;REALISED;1
Operands;CLAIMED;2
Operands;CONTROLLED;1
Operands;43;4
Operands;VEHICLE;7
Operands;SPREAD;2
Operands;INSPECTIONS;1
Operands;ACTIVITIES;13
Operands;PHYSICAL;12
Operands;MANUFACTURERS;2
Operands;ABSENCE;6
Operands;EXAMPLES;3
Operands;EARLIER;2
Operands;CONDUCTED;1
Operands;EASY;1
Operands;QUALIFIED;1
Operands;TRADING;5
Operands;FOSTER;7
Operands;DEVELOPMENT;62
Operands;LEGISLATIVE;31
Operands;SOUND;2
Operands;2003;1
Operands;INDUSTRY;13
Operands;62;7
Operands;COMPONENT;3
Operands;SUBMISSIONS;4
Operands;BENCHMARKING;1
Operands;ABUSE;3
Operands;CHALLENGE;8
Operands;ANSWER;1
Operands;DATE;5
Operands;RECENT;22
Operands;CAPITAL;1
Operands;AUTONOMOUS;15
Operands;OBVIOUS;1
Operands;22;7
Operands;FIRMS;2
Operands;USES;17
Operands;TARGETS;2
Operands;256;1
Operands;EXECUTION;2
Operands;MICRO;1
Operands;ONLINE;7
Operands;STATEMENT;2
Operands;ACCOUNTABILITY;14
Operands;ISSUES;17
Operands;67;1
Operands;JUSTIFIED;13
Operands;IMPACTS;28
Operands;GOALS;2
Operands;EXAMINATION;1
Operands;RESPONSIBLE;17
Operands;LIABILITY;83
Operands;238;1
Operands;CONSTRAINTS;1
Operands;TECHNIQUES;10
Operands;ADDRESSED;13
Operands;CULTURE;4
Operands;BASIS;20
Operands;RELEVANT;67
Operands;GOOD;13
Operands;EASIER;1
Operands;MARKET;219
Operands;SPENT;4
Operands;OVERVIEW;8
Operands;TABLE;30
Operands;85;6
Operands;FRAUD;1
Operands;TECHNOLOGY;49
Operands;THREATS;2
Operands;ORDER;32
Operands;VISA;3
Operands;INVESTMENTS;3
Operands;EXPLOITED;1
Operands;48;5
Operands;140;1
Operands;CORE;1
Operands;SUGGESTS;7
Operands;DG;2
Operands;ARGUED;1
Operands;CONSIDERABLE;5
Operands;PREPARATORY;2
Operands;10;13
Operands;192;1
Operands;OUTPUTS;9
Operands;ENTITLED;3
Operands;OPTION;253
Operands;EXPLAINED;3
Operands;SOVEREIGN;1
Operands;SEARCH;1
Operands;ORGANIZED;1
Operands;BREACHES;12
Operands;HUMAN;63
Operands;POWERS;19
Operands;CONTROVERSIAL;3
Operands;PEOPLE;27
Operands;EMPOWERED;2
Operands;COMPETITION;2
Operands;LEADS;5
Operands;INTERESTED;1
Operands;INTELLIGENCE;122
Operands;METHODS;5
Operands;PLACE;26
Operands;ACCOUNTING;1
Operands;SYSTEMIC;1
Operands;CORPORATION;1
Operands;METHOD;1
Operands;NEW;138
Operands;MANUFACTURED;1
Operands;FORMER;1
Operands;RECOGNITION;40
Operands;DISCLOSE;1
Operands;OFFSET;2
Operands;PREPARATION;1
Operands;OUTCOMES;8
Operands;38;2
Operands;BROADER;6
Operands;SHEET;1
Operands;ENTERPRISE;6
Operands;PERFORMED;2
Operands;DECISION;13
Operands;OVERSIGHT;27
Operands;ENHANCEMENT;1
Operands;SCHEME;41
Operands;INTERMEDIARIES;1
Operands;EFFECTIVE;78
Operands;START;1
Operands;MEANINGFUL;4
Operands;SECTOR;33
Operands;JUSTICE;8
Operands;FUNCTIONS;3
Operands;SHOWN;2
Operands;MINOR;1
Operands;OPPORTUNITIES;10
Operands;OVERHEAD;1
Operands;ENTERPRISES;8
Operands;161;1
Operands;MUTUAL;2
Operands;DIRECTIVES;5
Operands;FORWARD;2
Operands;FUTURE;32
Operands;ACCEPT;2
Operands;ADMINISTRATIONS;5
Operands;MEDIUM;3
Operands;36;3
Operands;ONES;3
Operands;CONTROL;20
Operands;PRODUCED;8
Operands;FORECAST;3
Operands;VIEW;13
Operands;SIZE;6
Operands;DUE;37
Operands;CONSTANT;1
Operands;1250;1
Operands;SAID;10
Operands;BASED;58
Operands;231;4
Operands;6;23
Operands;LINE;6
Operands;HIGHEST;2
Operands;FORESEEN;9
Operands;PRODUCE;9
Operands;FOUND;27
Operands;POSITIONS;1
Operands;MAJOR;7
Operands;42;6
Operands;POTENTIAL;34
Operands;OPERATIONAL;6
Operands;DISTRIBUTORS;1
Operands;SUGGEST;2
Operands;ARCHITECTURE;2
Operands;RESPONSE;1
Operands;153;1
Operands;BURDENS;14
Operands;REGISTERED;2
Operands;DOMESTIC;4
Operands;283;1
Operands;FEATURE;2
Operands;MECHANISM;26
Operands;CANADA;3
Operands;DRAFT;5
Operands;TRIGGER;1
Operands;PRESUMPTION;5
Operands;COMPATIBILITY;3
Operands;INSTITUTIONAL;3
Operands;2016;5
Operands;ANNUAL;14
Operands;74;1
Operands;CRIMINAL;12
Operands;EUROPE;34
Operands;DIRECTIVE;83
Operands;CONVENTION;4
Operands;AGAIN;5
Operands;AGENCIES;3
Operands;BASE;4
Operands;SCENARIOS;1
Operands;STANDALONE;9
Operands;EXTENT;22
Operands;NORWAY;1
Operands;INSTITUTIONS;12
Operands;132;1
Operands;MAJORITY;7
Operands;CAMPAIGN;1
Operands;EFFICIENCY;6
Operands;RANGE;10
Operands;101;1
Operands;CENTRAL;4
Operands;FIRM;1
Operands;SUPPORTED;13
Operands;ESSENTIAL;7
Operands;MANIPULATION;2
Operands;EVOLUTION;2
Operands;REVISED;2
Operands;FORCE;1
Operands;LANDSCAPE;4
Operands;ASPECTS;14
Operands;ACTUAL;3
Operands;SUCCESS;2
Operands;DIGITAL;66
Operands;PRICES;1
Operands;PROVIDING;19
Operands;25;8
Operands;DIRECT;12
Operands;LEFT;2
Operands;BODY;15
Operands;2025;7
Operands;DISADVANTAGES;3
Operands;HELP;17
Operands;TITLE;2
Operands;ACHIEVE;6
Operands;SPECIAL;5
Operands;ECONOMY;12
Operands;ORGANISATIONS;27
Operands;TERM;4
Operands;CENTER;4
Operands;REAL;7
Operands;TRANSPARENCY;48
Operands;LOAN;1
Operands;BILLION;23
Operands;REST;1
Operators;;463
Operators;ASSESSING;9
Operators;ASSESSMENT;147
Operators;COMBINED;8
Operators;IE;12
Operators;COMPLYING;1
Operators;REQUIRED;11
Operators;SUM;1
Operators;INVOLVED;2
Operators;DISTINCT;1
Operators;THOUGH;2
Operators;BECAUSE;37
Operators;LIMITING;4
Operators;COMPENSATE;1
Operators;DIFFERENCE;2
Operators;CURRENTLY;22
Operators;COOPERATE;5
Operators;FACILITATE;22
Operators;SUPERVISION;16
Operators;RECOGNIZES;1
Operators;CONSTITUTES;3
Operators;INSTEAD;2
Operators;POTENTIALLY;18
Operators;AGREED;7
Operators;INTENDED;14
Operators;INDICATORS;7
Operators;WILLING;2
Operators;IDENTIFIED;19
Operators;REFERENCES;1
Operators;IMPOSE;16
Operators;TREATED;3
Operators;INDEED;6
Operators;MOVEMENT;7
Operators;IRRESPECTIVE;18
Operators;FURTHERMORE;12
Operators;INCLUSION;2
Operators;COMPLEMENT;7
Operators;MINIMAL;8
Operators;APPLIED;9
Operators;ENHANCING;1
Operators;ESTABLISHING;14
Operators;REDUCING;8
Operators;LEADING;9
Operators;SIMILAR;22
Operators;TEST;1
Operators;NORMALLY;2
Operators;MEANS;16
Operators;DIVIDED;1
Operators;INTEGRATED;9
Operators;RESTRICT;3
Operators;DEPEND;17
Operators;AND;1987
Operators;UNIQUELY;2
Operators;ACQUIRING;3
Operators;EXIST;7
Operators;LIMIT;8
Operators;PARTIALLY;12
Operators;SEEK;2
Operators;ADEQUATELY;2
Operators;DIFFERENTIATION;3
Operators;IDENTIFICATION;40
Operators;REPRESENT;1
Operators;CONSIST;3
Operators;GREATER;3
Operators;REPRESENTS;4
Operators;PROHIBITIVE;1
Operators;CONCERNING;10
Operators;CIRCUMSTANCES;7
Operators;WHILE;66
Operators;ETC;21
Operators;INCLUSIVE;2
Operators;REQUIRE;23
Operators;IDENTIFIES;3
Operators;REPEALING;5
Operators;EXCLUSION;1
Operators;EVOLVING;5
Operators;TESTED;5
Operators;LEST;1
Operators;EXEMPTION;1
Operators;INVOLVING;1
Operators;REGULATIONS;20
Operators;ASSESSED;6
Operators;ATTRIBUTE;1
Operators;NEED;29
Operators;OBTAIN;6
Operators;ACCORDING;14
Operators;VERIFIED;2
Operators;CONTRIBUTING;4
Operators;APPROXIMATION;4
Operators;STOP;2
Operators;CONSTITUTE;9
Operators;TOTAL;11
Operators;EXCESSIVELY;2
Operators;WANT;1
Operators;SUBSEQUENTLY;1
Operators;PROCESSING;20
Operators;LIMITS;7
Operators;MAINLY;16
Operators;THRESHOLD;1
Operators;AFTER;15
Operators;MANDATORY;18
Operators;AVERAGE;16
Operators;APART;2
Operators;TOP;6
Operators;EVALUATING;2
Operators;THRESHOLDS;3
Operators;RATHER;5
Operators;LIMITATIONS;10
Operators;RECEIVE;1
Operators;ASSESS;5
Operators;OVERLAPS;1
Operators;AUTHORIZED;2
Operators;CONSEQUENCE;4
Operators;APPROVED;2
Operators;ADOPTING;5
Operators;DIFFERENT;42
Operators;COMPUTING;7
Operators;CORRESPONDING;4
Operators;STEMMING;1
Operators;ANALYSING;2
Operators;SINGLE;49
Operators;ENFORCE;5
Operators;ASSUMING;4
Operators;ALTERNATIVE;12
Operators;INCLUDED;12
Operators;BALANCE;4
Operators;IMPLEMENTATION;13
Operators;ENSURING;23
Operators;CHALLENGING;4
Operators;NEVERTHELESS;12
Operators;WHY;13
Operators;TREATMENT;8
Operators;PRESUMABLY;2
Operators;SHARING;1
Operators;COMPARES;2
Operators;EQUIVALENT;2
Operators;EXPLAIN;2
Operators;INCREASING;24
Operators;ALLOW;18
Operators;YEARLY;1
Operators;ADDED;13
Operators;MINIMISE;5
Operators;REQUESTED;9
Operators;PROHIBITION;15
Operators;SUPERVISED;4
Operators;MULTIPLE;6
Operators;EMERGING;20
Operators;RENDER;2
Operators;ENSURE;85
Operators;ARISING;2
Operators;DETERMINING;6
Operators;APPLYING;7
Operators;COLLECT;4
Operators;BEFORE;17
Operators;EQUALITY;8
Operators;SATISFIES;1
Operators;REPRESENTED;3
Operators;OR;335
Operators;RESPECTIVELY;4
Operators;ROUGHLY;2
Operators;SPECIFICALLY;13
Operators;GAPS;8
Operators;REGULATORY;87
Operators;REFERRED;3
Operators;STRENGTHENING;3
Operators;DEFINES;1
Operators;RELATIVE;2
Operators;ADD;2
Operators;FACTORS;5
Operators;REGULATE;5
Operators;AVOID;7
Operators;STRICTER;1
Operators;DEPENDENCE;2
Operators;SIGNIFICANTLY;16
Operators;BINDING;15
Operators;OTHERS;8
Operators;FRACTION;1
Operators;CONCERNS;15
Operators;KEEPING;2
Operators;MANAGING;2
Operators;WAS;52
Operators;FURTHER;30
Operators;IMPROVE;25
Operators;MINIMUM;19
Operators;RECOMMENDATIONS;14
Operators;INCREASE;39
Operators;REGARD;29
Operators;ADDITIONAL;75
Operators;UNACCEPTABLE;2
Operators;POOLING;1
Operators;VERIFY;8
Operators;IMPOSED;7
Operators;LIMITED;30
Operators;LOWER;12
Operators;EXCLUDED;6
Operators;NET;3
Operators;OBLIGATIONS;115
Operators;SPECIFIC;163
Operators;DIVISION;3
Operators;OCCURRED;2
Operators;AGGREGATED;1
Operators;HOW;54
Operators;PROVIDE;45
Operators;REGULATED;21
Operators;REQUIRING;3
Operators;ALWAYS;3
Operators;SMALLER;14
Operators;INCREASES;2
Operators;COMPRISE;1
Operators;SIMPLY;1
Operators;SPECIFYING;1
Operators;CONCERN;15
Operators;DECREASE;1
Operators;NOTABLY;8
Operators;ALSO;232
Operators;ASSUMPTION;2
Operators;SUPERVISORY;11
Operators;ALLOWED;2
Operators;CORRECTLY;3
Operators;DESCRIBES;1
Operators;COMPLY;26
Operators;RESTRICTIONS;4
Operators;ASSUME;2
Operators;HOWEVER;74
Operators;ESPECIALLY;17
Operators;NECESSARILY;2
Operators;SET;45
Operators;CALCULATING;2
Operators;POST;35
Operators;COMBINATION;15
Operators;REQUIREMENTS;231
Operators;FULFILLING;1
Operators;EXTENDING;1
Operators;FACTOR;3
Operators;NOT;232
Operators;AMENDING;8
Operators;DEPENDS;7
Operators;APPROPRIATELY;1
Operators;EXCLUSIVE;4
Operators;IMPLEMENT;8
Operators;ONLY;115
Operators;COVER;13
Operators;REFLECTS;3
Operators;ULTIMATELY;1
Operators;TIMELY;1
Operators;HENCE;23
Operators;GRANTING;2
Operators;CASES;54
Operators;SIMILARLY;13
Operators;AS;409
Operators;APPLY;38
Operators;SUFFICIENTLY;9
Operators;NEEDED;13
Operators;CALCULATE;1
Operators;FALL;7
Operators;TESTING;21
Operators;PREVIOUSLY;1
Operators;PHYSICALLY;1
Operators;STILL;13
Operators;SPECIFICITIES;2
Operators;SAME;47
Operators;QUICKLY;4
Operators;SELECTED;7
Operators;INSTANCE;8
Operators;ENTAIL;1
Operators;LACK;20
Operators;EXCLUDE;1
Operators;SUPERVISE;3
Operators;DUPLICATION;1
Operators;TESTS;1
Operators;REGARDING;23
Operators;IDENTIFYING;5
Operators;+;31
Operators;ASSOCIATED;7
Operators;EASILY;3
Operators;PROVIDES;9
Operators;RESPECTIVE;2
Operators;ORIGINALLY;1
Operators;FUNCTIONING;11
Operators;OBTAINING;2
Operators;RESPECT;27
Operators;DEFINE;3
Operators;CONCERNED;27
Operators;COMPARABLE;3
Operators;CONTINUE;11
Operators;CONNECT;1
Operators;SETTING;21
Operators;SELECTION;3
Operators;ATTRIBUTED;1
Operators;DISTINCTION;2
Operators;PRIMARILY;7
Operators;ACCEPTED;1
Operators;RESULTED;1
Operators;MITIGATE;9
Operators;CALCULATIONS;1
Operators;EXTREMELY;2
Operators;EXCLUSIVELY;1
Operators;WHOLE;14
Operators;IDENTIFY;11
Operators;ALTHOUGH;6
Operators;CONFORM;1
Operators;CONTRARY;4
Operators;MATERIALLY;1
Operators;CLEARLY;4
Operators;CONNECTION;1
Operators;SEPARATE;6
Operators;SECONDLY;7
Operators;FOR;973
Operators;ENTIRELY;2
Operators;INCLUDE;31
Operators;INTEGRATE;6
Operators;REQUEST;7
Operators;ADOPTED;24
Operators;PERMITTED;16
Operators;CONSEQUENTLY;3
Operators;EXCEPTIONAL;1
Operators;READILY;2
Operators;PARTICULARLY;17
Operators;RELATIONSHIP;1
Operators;SO;36
Operators;RELATION;14
Operators;SECOND;9
Operators;DEPENDING;11
Operators;CALCULATION;1
Operators;RELY;13
Operators;PRESERVING;1
Operators;ESTABLISHES;2
Operators;SETS;15
Operators;DETERMINE;12
Operators;EXISTS;3
Operators;ADJUSTED;1
Operators;SUBJECT;22
Operators;MOREOVER;29
Operators;ADDING;2
Operators;DEFINITION;48
Operators;SPECIFIED;3
Operators;ACCUMULATED;1
Operators;COVERED;46
Operators;EXTRACTION;1
Operators;ALLOWING;8
Operators;CONTAINS;2
Operators;FIRST;20
Operators;ALTOGETHER;1
Operators;INCORPORATING;1
Operators;CANNOT;19
Operators;SAY;5
Operators;ADOPTION;11
Operators;ELIMINATE;1
Operators;DISTRIBUTES;1
Operators;GRANTED;1
Operators;PROFITABLY;1
Operators;APPROVAL;13
Operators;REQUIRES;3
Operators;ASSUMED;5
Operators;UNLESS;2
Operators;DEMONSTRATING;3
Operators;WERE;45
Operators;EQUAL;6
Operators;IMPLEMENTED;7
Operators;MITIGATING;2
Operators;DISCUSSING;1
Operators;ESTIMATES;7
Operators;OPERATES;1
Operators;PERFORM;6
Operators;RECOMMENDATION;16
Operators;ENTIRE;4
Operators;COMPARED;15
Operators;REDUCED;2
Operators;ELIMINATION;1
Operators;RELATE;3
Operators;FUNDAMENTALLY;3
Operators;CONFIRM;1
Operators;PROVIDED;14
Operators;TREAT;1
Operators;CORRESPOND;3
Operators;ESTABLISH;15
Operators;WHEREAS;3
Operators;EXAMINES;1
Operators;NEEDS;6
Operators;NOR;5
Operators;IF;72
Operators;ACHIEVES;1
Operators;USING;46
Operators;AMENDED;1
Operators;REFERS;7
Operators;EVALUATED;3
Operators;EX;68
Operators;ENGAGE;3
Operators;IMPLEMENTING;8
Operators;UNDERLYING;2
Operators;LIMITATION;6
Operators;MAXIMUM;16
Operators;CASE;47
Operators;REQUESTS;1
Operators;EVALUATE;4
Operators;CASEBYCASE;1
Operators;SHALL;5
Operators;EQUALLY;7
Operators;REGARDLESS;5
Operators;RAISED;3
Operators;EXISTING;120
Operators;MAINTAIN;1
Operators;DEDICATED;6
Operators;ABSOLUTE;4
Operators;DISTINGUISHED;1
Operators;MANDATE;1
Operators;RESULTING;6
Operators;SUBJECTED;3
Operators;NONETHELESS;1
Operators;REASONABLY;1
Operators;BALANCING;1
Operators;DETERMINATION;2
Operators;STRICTLY;6
Operators;RECENTLY;9
Operators;DEFINED;12
Operators;SUITABLE;2
Operators;ALLOWS;4
Operators;REVERSAL;1
Operators;MAY;85
Operators;CONCLUDED;1
Operators;POSITIVE;19
Operators;REGULATION;80
Operators;ESTABLISHED;20
Operators;EXCEEDING;2
Operators;LAID;5
Operators;SINCE;61
Operators;COMBINE;2
Operators;SOLELY;3
Operators;RESULTS;9
Operators;PREVENTING;2
Operators;OUTWEIGH;3
Operators;QUALIFY;1
Operators;DIFFERENTLY;1
Operators;REDUCE;19
Operators;DEEMED;1
Operators;EXEMPTIONS;3
Operators;DIRECTLY;3
Operators;RAISE;2
Operators;SUBSTANTIALLY;2
Operators;DESPITE;7
Operators;ENFORCEMENT;108
Operators;REGULARLY;8
Operators;PROPERLY;8
Operators;REPORTING;4
Operators;ANALYZED;1
Operators;FACILITATING;1
Operators;DEFINING;2
Operators;TOO;13
Operators;QUANTIFY;1
Operators;LIKELY;35
Operators;EFFECTIVELY;19
Operators;&;7
Operators;MINIMISING;2
Operators;PREVENT;22
Operators;ACCORDINGLY;5
Operators;APPLIES;7
Operators;EVENTUALLY;3
Operators;THEREFORE;24
Operators;DIFFER;2
Operators;ENABLING;4
Operators;REMAIN;11
Operators;CONTINUOUSLY;3
Operators;SHIFT;4
Operators;THUS;71
Operators;RESIDUAL;2
Operators;EITHER;5
Operators;DETERMINED;1
Operators;NEGATIVE;12
Operators;AGGREGATE;18
Operators;REGARDS;5
Operators;TYPICALLY;1
Operators;TOGETHER;6
Operators;PREVIOUS;1
Operators;INDICATOR;4
Operators;REQUIREMENT;9
Operators;CALCULATED;5
Operators;ESTIMATED;12
Operators;MEET;4
Operators;ADJUST;1
Operators;ADOPT;17
Operators;ASSUMES;1
Operators;RATIO;1
Operators;PERCENTAGE;1
Operators;DISTINGUISH;2
Operators;ESTIMATE;14
Operators;GAP;4
Operators;PROPORTIONALITY;6
Operators;ALLOCATION;5
Operators;INCORPORATION;1
Operators;INCLUDES;9
Operators;MEAN;5
Operators;CONDITIONS;21
Operators;AND/OR;18
Operators;INFORM;7
Operators;DERIVED;1
Operators;THEN;8
Operators;COMPREHENSIVELY;2
Operators;EVEN;34
Operators;YET;10
Operators;EG;64
Operators;INDICATE;1
Operators;INCLUDING;52
Operators;RESULT;28
Operators;DOUBLE;2
Operators;CONTAINED;3
Operators;LIKE;6
Operators;WIDELY;1
Operators;FULFIL;11
Operators;MANDATED;1
Operators;EXPLORING;2
Operators;COMPRISES;1
Operators;SUBMIT;3
Operators;LEAST;15
Operators;ACCORDANCE;4
Operators;ENSURES;6
Operators;ADDITIONALLY;2
Operators;ACTUALLY;8
Operators;FULLY;11
Operators;RULE;5
Operators;INITIALLY;1
Operators;RELATIVELY;3
Operators;OTHERWISE;7
Operators;FALLS;1
Operators;REMAINS;6
Operators;OVERALL;34
Operators;DEFINITIONS;4
Operators;ALTERNATIVELY;1
Operators;REMOVE;1
Operators;EQUALS;1
Operators;ADDITION;35
Operators;BUT;88
Operators;REGULATORS;3
Operators;NEXT;6
LogicalConnectors;EQUALLY;7
LogicalConnectors;FINALLY;8
LogicalConnectors;REGARDING;23
LogicalConnectors;THOUGH;2
LogicalConnectors;BECAUSE;37
LogicalConnectors;NONE;1
LogicalConnectors;WHEREVER;2
LogicalConnectors;BEFORE;17
LogicalConnectors;OR;335
LogicalConnectors;LARGER;11
LogicalConnectors;RESPECTIVELY;4
LogicalConnectors;SPECIFICALLY;13
LogicalConnectors;EXCLUSIVELY;1
LogicalConnectors;INDICATES;2
LogicalConnectors;EXCEEDING;2
LogicalConnectors;SINCE;61
LogicalConnectors;NEITHER;2
LogicalConnectors;INCLUSION;2
LogicalConnectors;SOLELY;3
LogicalConnectors;SIMILAR;22
LogicalConnectors;WHENEVER;3
LogicalConnectors;HIGHER;23
LogicalConnectors;FURTHER;30
LogicalConnectors;DIVIDED;1
LogicalConnectors;PARTICULARLY;17
LogicalConnectors;CONSIDERING;12
LogicalConnectors;ALL;158
LogicalConnectors;AND;1987
LogicalConnectors;BOTH;27
LogicalConnectors;LARGEST;2
LogicalConnectors;BEGINNING;2
LogicalConnectors;UPCOMING;1
LogicalConnectors;SO;36
LogicalConnectors;SECOND;9
LogicalConnectors;EACH;30
LogicalConnectors;GREATER;3
LogicalConnectors;REPRESENTS;4
LogicalConnectors;EXCEPT;7
LogicalConnectors;ACCORDINGLY;5
LogicalConnectors;CONCERNING;10
LogicalConnectors;OTHER;146
LogicalConnectors;THEREFORE;24
LogicalConnectors;MORE;126
LogicalConnectors;WHILE;66
LogicalConnectors;THUS;71
LogicalConnectors;EITHER;5
LogicalConnectors;ALTOGETHER;1
LogicalConnectors;ALSO;232
LogicalConnectors;IMPLY;1
LogicalConnectors;ANY;43
LogicalConnectors;PREVIOUS;1
LogicalConnectors;GRANTED;1
LogicalConnectors;VERY;50
LogicalConnectors;ALMOST;3
LogicalConnectors;HOWEVER;74
LogicalConnectors;UNLESS;2
LogicalConnectors;ESPECIALLY;17
LogicalConnectors;RATIO;1
LogicalConnectors;SUBSEQUENTLY;1
LogicalConnectors;WHETHER;22
LogicalConnectors;EXCLUDING;2
LogicalConnectors;AFTER;15
LogicalConnectors;ENTIRE;4
LogicalConnectors;NOT;232
LogicalConnectors;LONGER;1
LogicalConnectors;WHEN;70
LogicalConnectors;THEN;8
LogicalConnectors;ONLY;115
LogicalConnectors;RATHER;5
LogicalConnectors;YET;10
LogicalConnectors;WHERE;62
LogicalConnectors;INCLUDING;52
LogicalConnectors;PROVIDED;14
LogicalConnectors;NON;3
LogicalConnectors;ALONE;6
LogicalConnectors;LIKE;6
LogicalConnectors;NO;71
LogicalConnectors;UNTIL;2
LogicalConnectors;LEAST;15
LogicalConnectors;SIMILARLY;13
LogicalConnectors;NOR;5
LogicalConnectors;ADDITIONALLY;2
LogicalConnectors;ACTUALLY;8
LogicalConnectors;AS;409
LogicalConnectors;IF;72
LogicalConnectors;INITIALLY;1
LogicalConnectors;OTHERWISE;7
LogicalConnectors;OVERALL;34
LogicalConnectors;PREVIOUSLY;1
LogicalConnectors;WHY;13
LogicalConnectors;STILL;13
LogicalConnectors;EQUIVALENT;2
LogicalConnectors;WITHIN;20
LogicalConnectors;BUT;88
LogicalConnectors;NEXT;6
Other;;463
Other;ONCE;5
Other;LITTLE;2
Other;II;5
Other;IE;12
Other;UP;22
Other;SHALL;5
Other;REQUIRED;11
Other;GENERALLY;7
Other;24;3
Other;MOST;31
Other;PROPORTIONATE;20
Other;THEM;33
Other;6;24
Other;WHOSE;5
Other;3;164
Other;40;8
Other;TAKES;3
Other;E;8
Other;IT;168
Other;COME;2
Other;THEREOF;1
Other;ARTICLE;10
Other;THREE;12
Other;MODEL;14
Other;DID;7
Other;1;90
Other;NONE;1
Other;L;5
Other;FOLLOWING;25
Other;TAKEN;16
Other;222;1
Other;ORGANISATION;5
Other;TWO;25
Other;UNLIKE;1
Other;MAKING;8
Other;WHEREVER;2
Other;THROUGH;59
Other;SOMETHING;1
Other;IV;2
Other;2;96
Other;BE;501
Other;UNION;72
Other;WILL;203
Other;BETWEEN;59
Other;OUT;32
Other;THIS;268
Other;ITS;61
Other;DOES;22
Other;WHICH;158
Other;YOU;2
Other;WHOLE;14
Other;FAILING;4
Other;MINUS;1
Other;THERE;71
Other;AGAINST;20
Other;MAY;85
Other;56;3
Other;IN;1019
Other;THEMSELVES;8
Other;SHE;1
Other;THEY;114
Other;FAMILY;2
Other;MAKES;7
Other;THESE;136
Other;NEITHER;2
Other;TAKING;16
Other;ADS;1
Other;LESS;14
Other;ARGUABLY;1
Other;OUTSIDE;10
Other;BEING;24
Other;WITHOUT;28
Other;D;8
Other;HE;1
Other;CONNECTED;4
Other;ITSELF;3
Other;FOR;973
Other;12;11
Other;ONE;46
Other;SIMILAR;22
Other;BEEN;54
Other;WHENEVER;3
Other;BEYOND;9
Other;DONE;5
Other;WAS;52
Other;P;18
Other;FUNDS;1
Other;AN;218
Other;BACK;1
Other;FROM;158
Other;UPON;8
Other;CONSIDER;11
Other;C;16
Other;THROUGHOUT;4
Other;I;6
Other;AROUND;23
Other;RECOMMENDATIONS;14
Other;THE;3307
Other;CAN;127
Other;GIVES;2
Other;FEWER;4
Other;ALL;158
Other;BASE;4
Other;BOTH;27
Other;COULD;109
Other;WHAT;34
Other;CALCULATION;1
Other;EACH;30
Other;PLUS;2
Other;ALONGSIDE;1
Other;EU;277
Other;TURNOVER;1
Other;Z;1
Other;GET;3
Other;ABOVE;37
Other;/;4
Other;ZEALAND;2
Other;PARTIES;4
Other;SUCH;109
Other;DRAWING;1
Other;IDENTICAL;5
Other;9;14
Other;OVER;22
Other;PAST;2
Other;EXCEPT;7
Other;LATER;2
Other;243;1
Other;HERE;2
Other;REGIME;4
Other;OTHER;146
Other;FOLLOWS;4
Other;MUCH;16
Other;EXPENSES;1
Other;YOUR;3
Other;MORE;126
Other;WITH;365
Other;WOULD;513
Other;ANOTHER;19
Other;THAT;445
Other;SOMEONE;3
Other;COSTS;152
Other;HAS;78
Other;ETC;21
Other;DURING;16
Other;AMONG;17
Other;SEVERAL;13
Other;BY;403
Other;GENERAL;38
Other;ALONG;1
Other;REFERENCE;7
Other;ANY;43
Other;SAVE;1
Other;SEE;101
Other;PERSON;12
Other;CITE;1
Other;GIVING;3
Other;GIVE;7
Other;DO;43
Other;75;3
Other;REPORT;36
Other;5;37
Other;4;87
Other;INSIDE;1
Other;INTO;63
Other;ARE;354
Other;MUST;11
Other;SHOULD;54
Other;WERE;45
Other;0;3
Other;PENALTIES;1
Other;PURPOSES;17
Other;WHO;34
Other;WHETHER;22
Other;EXCLUDING;2
Other;RELATING;3
Other;ON;691
Other;THAN;77
Other;HAD;5
Other;THEIR;140
Other;THOSE;57
Other;A;761
Other;AMONGST;2
Other;UNDER;108
Other;NOT;232
Other;OF;2108
Other;PER;27
Other;GLOBE;1
Other;WHEN;70
Other;25;9
Other;TOWARDS;7
Other;III;3
Other;HAVE;164
Other;EG;64
Other;100;5
Other;WHERE;62
Other;VARIOUS;14
Other;R;4
Other;PROVIDED;14
Other;DOING;2
Other;V;5
Other;BELOW;6
Other;NO;71
Other;UNTIL;2
Other;STANDARD;11
Other;APPLICABLE;68
Other;ABOUT;25
Other;TO;1488
Other;PRINCIPLE;17
Other;DE;3
Other;AMIDST;1
Other;PART;25
Other;GIVEN;35
Other;APPLY;38
Other;MANY;34
Other;US;6
Other;CERTAIN;90
Other;DOWN;11
Other;RELATED;36
Other;VIA;6
Other;FOUR;3
Other;HAVING;5
Other;CHAPTER;1
Other;AT;138
Other;237;1
Other;WHILST;2
Other;IS;380
Other;RESPECTING;2
Other;MAKE;34
Other;M;5
Other;ASIDE;1
Other;EX;68
Other;WE;6
Other;TAKE;37
Other;EVERY;5
Other;MADE;9
Other;50;5
Other;B;21
Other;OUR;6
Other;SOME;59
Other;ACROSS;45
Other;10;14
Other;SAME;47
Other;MIGHT;47
Other;CASE;47
Other;WITHIN;20
Unclassified;AIMS;8
Unclassified;CHOICE;10
Unclassified;CHANGE;14
Unclassified;APPEARS;1
Unclassified;CONSIDERATION;3
Unclassified;CONSIDERATIONS;5
Unclassified;CONSIDERS;3
Unclassified;CHANGING;1
Unclassified;CHOOSE;4
Unclassified;CHOSEN;3
Unclassified;CONSIDERING;12
Unclassified;AIMED;6
Unclassified;CONSIDERED;36
Unclassified;CHANGES;12
Unclassified;CHANGED;3
