Operators;THRESHOLDS;8
Operators;LIMITED;11
Operators;ADDITIONAL;9
Operators;KEEPING;1
Operators;ALLOWING;7
Operators;EXIST;3
Operators;THEREFORE;14
Operators;COVER;15
Operators;ASSESS;25
Operators;WHILE;23
Operators;APPROVED;5
Operators;APPROVALS;1
Operators;SPECIFICITIES;5
Operators;SUPERVISED;3
Operators;SUPERVISORY;48
Operators;RESPECT;17
Operators;INTEGRATED;4
Operators;SECOND;12
Operators;THUS;9
Operators;EG;4
Operators;ASSESSED;3
Operators;ASSESSING;5
Operators;MINIMISE;12
Operators;ESTIMATE;1
Operators;ENTIRELY;1
Operators;WAS;4
Operators;SUPERVISION;25
Operators;EXCLUDED;3
Operators;SIMILAR;3
Operators;FACTORS;2
Operators;VERIFIED;2
Operators;INCREASING;1
Operators;CASE;21
Operators;REQUESTS;1
Operators;ACCORDINGLY;2
Operators;APPLYING;9
Operators;SWITCH;1
Operators;STILL;2
Operators;REQUIREMENT;9
Operators;RULE;1
Operators;IE;1
Operators;APPLIED;6
Operators;ADDED;2
Operators;IMPLEMENTED;10
Operators;DISTINCT;3
Operators;CONSEQUENCE;1
Operators;FURTHER;39
Operators;NEVERTHELESS;1
Operators;PREVENT;14
Operators;REGARDLESS;2
Operators;ALLOCATION;2
Operators;CANNOT;2
Operators;RECOMMENDATIONS;30
Operators;ADJUST;1
Operators;FALL;2
Operators;SET;66
Operators;DEFINITION;4
Operators;IMPLEMENTATION;15
Operators;SIMILARLY;7
Operators;WHEREAS;2
Operators;DETERMINED;5
Operators;HENCE;3
Operators;DERIVED;5
Operators;DIFFERENCES;2
Operators;REQUIREMENTS;60
Operators;SPECIFIC;34
Operators;INCLUDE;27
Operators;RESULTED;1
Operators;FORMING;2
Operators;RELATIONSHIP;1
Operators;TESTED;3
Operators;EXCEEDS;1
Operators;FOR;441
Operators;MANDATED;1
Operators;DEEMED;8
Operators;GAPS;6
Operators;IDENTIFY;22
Operators;INCORPORATION;2
Operators;LIMITATIONS;2
Operators;NOTWITHSTANDING;2
Operators;DEPEND;1
Operators;SPECIFICALLY;2
Operators;*;10
Operators;WHOLE;10
Operators;REGULATIONS;43
Operators;SUITABLE;5
Operators;FIRST;47
Operators;COVERED;9
Operators;PROPORTIONALITY;8
Operators;SEEM;1
Operators;SUM;1
Operators;ASSESSMENT;39
Operators;CONTRARY;2
Operators;YET;3
Operators;FULLY;31
Operators;REFERS;1
Operators;IDENTIFYING;4
Operators;AVERAGE;1
Operators;RECOMMENDATION;2
Operators;WHEREBY;4
Operators;TEST;16
Operators;REDUCING;3
Operators;PARTIALLY;2
Operators;COMPRISE;1
Operators;NEEDS;14
Operators;AFTER;19
Operators;THEREIN;2
Operators;COMPARABILITY;1
Operators;ENSURES;4
Operators;DETERMINING;9
Operators;BEFORE;17
Operators;TESTS;18
Operators;CASEBYCASE;1
Operators;LEAST;29
Operators;EITHER;11
Operators;ADDITION;16
Operators;CALCULATIONS;1
Operators;PREVIOUS;1
Operators;INVOLVED;12
Operators;DESPITE;3
Operators;REQUIRED;29
Operators;IMPLEMENTING;23
Operators;REGULATED;2
Operators;SO;3
Operators;IMPOSED;5
Operators;IDENTIFIED;17
Operators;DEFINING;1
Operators;THEREBY;3
Operators;PARTICULARLY;5
Operators;ALTERNATIVELY;1
Operators;ACTUALLY;1
Operators;NOR;3
Operators;MAY;92
Operators;COMBINED;1
Operators;DEEMS;6
Operators;ESPECIALLY;4
Operators;ASSOCIATED;10
Operators;THOUGH;1
Operators;QUANTIFY;2
Operators;RAISE;1
Operators;REGULATION;270
Operators;ESTABLISH;29
Operators;ALWAYS;3
Operators;NAMELY;5
Operators;INCREASE;2
Operators;MOREOVER;7
Operators;AND;1660
Operators;REGARDS;6
Operators;SEPARATELY;2
Operators;MEET;3
Operators;REQUIRES;2
Operators;SINCE;16
Operators;OBLIGATIONS;22
Operators;ENSURE;90
Operators;CIRCUMSTANCE;1
Operators;EVEN;5
Operators;REQUIRE;12
Operators;EXCLUSION;1
Operators;MANDATE;1
Operators;IRRESPECTIVE;5
Operators;AND/OR;5
Operators;INVOLVE;3
Operators;ADOPTED;9
Operators;GRANTED;4
Operators;POST;6
Operators;CONSEQUENTLY;6
Operators;CONCERNING;14
Operators;ACCORDANCE;170
Operators;INCLUDING;106
Operators;INDICATORS;4
Operators;OTHERWISE;5
Operators;OR;496
Operators;EXEMPTION;1
Operators;ESTABLISHING;13
Operators;NONETHELESS;1
Operators;HOW;8
Operators;PERCENTAGE;1
Operators;TOGETHER;8
Operators;ADOPT;19
Operators;DETERMINE;12
Operators;REFER;2
Operators;ALLOCATE;1
Operators;SUBJECT;56
Operators;NOT;102
Operators;ENTIRE;2
Operators;DEFINE;5
Operators;CONCERN;5
Operators;INDICATE;5
Operators;INCREASES;2
Operators;CONSTITUTES;3
Operators;INCLUDES;3
Operators;REGULATORY;56
Operators;SELECTION;2
Operators;LASTLY;1
Operators;RELATIVE;1
Operators;IMPOSE;7
Operators;CONTAINS;1
Operators;ADD;1
Operators;MINIMISING;3
Operators;DIFFERENTLY;1
Operators;EXEMPT;1
Operators;QUANTITATIVE;5
Operators;REGARDED;2
Operators;IF;19
Operators;EVALUATING;1
Operators;RELATION;49
Operators;RETURN;2
Operators;EXEMPTIONS;3
Operators;SHALL;453
Operators;PERMITTED;2
Operators;ENTAIL;2
Operators;AGGREGATED;6
Operators;ADOPTION;5
Operators;CONNECTION;5
Operators;SETS;2
Operators;ENFORCING;1
Operators;NEEDED;8
Operators;ESTIMATES;1
Operators;RATHER;2
Operators;ESTABLISHED;58
Operators;APPROVAL;1
Operators;SELECTED;1
Operators;DUPLICATIVE;1
Operators;EQUAL;1
Operators;REGULATORS;1
Operators;CALCULATED;2
Operators;SAME;18
Operators;ALSO;53
Operators;AS;370
Operators;ONLY;31
Operators;MAXIMUM;1
Operators;RESPECTIVELY;5
Operators;SETTING;9
Operators;CONDITIONS;24
Operators;FACTOR;2
Operators;REGARDING;9
Operators;MEANS;82
Operators;REMOVE;2
Operators;RESULTING;3
Operators;COMBINING;1
Operators;TESTING;77
Operators;UNACCEPTABLE;2
Operators;INSTANCES;1
Operators;SUPERVISE;4
Operators;CONSTITUTE;1
Operators;ADDITIONALLY;2
Operators;SOLE;1
Operators;COMPARABLE;1
Operators;INSTANCE;2
Operators;DEPENDS;1
Operators;ENFORCEMENT;8
Operators;ALLOWED;4
Operators;OVERALL;34
Operators;EQUIVALENT;1
Operators;EXCLUDE;3
Operators;DUPLICATION;3
Operators;EXCEED;5
Operators;CONCERNED;15
Operators;INCORPORATED;1
Operators;VERIFY;1
Operators;REFERRED;197
Operators;ALLOW;23
Operators;MITIGATE;8
Operators;EXISTING;7
Operators;RAISED;2
Operators;RESULTS;9
Operators;ADJUSTED;1
Operators;MULTIPLE;7
Operators;GAP;2
Operators;SPECIFIED;6
Operators;TOTAL;9
Operators;UNLESS;4
Operators;INCLUDED;8
Operators;LIKEWISE;2
Operators;APPLY;18
Operators;DEFINITIONS;2
Operators;DETERMINATION;1
Operators;REGARD;22
Operators;WERE;7
Operators;BUT;12
Operators;RESULT;9
Operators;ENSURING;24
Operators;CIRCUMSTANCES;10
Operators;LACK;9
Operators;EXCEEDED;1
Operators;LIMITS;5
Operators;EXCEPTION;1
Operators;MANDATORY;2
Operators;ACCEPTED;1
Operators;INVOLVING;3
Operators;CONCERNS;4
Operators;CASES;1
Operators;AGGREGATION;1
Operators;IMPLEMENT;15
Operators;CONJUNCTION;1
Operators;BECAUSE;4
Operators;NEED;20
Operators;IDENTIFICATION;6
Operators;CONSIST;1
Operators;ALLOWS;3
Operators;COMPUTING;10
Operators;INDEED;1
Operators;ATTRIBUTABLE;1
Operators;SOLELY;3
Operators;COMPLY;13
Operators;APPLIES;3
Operators;ACCORDING;5
Operators;REQUEST;34
Operators;MINIMUM;7
Operators;NOTABLY;1
Operators;LIMITING;5
Operators;INCORPORATE;1
Operators;ALTHOUGH;1
Operators;APPROVE;4
Operators;ADOPTING;10
Operators;ALTERNATIVE;13
Operators;DIFFERENT;16
Operators;EVALUATE;1
Operators;RESPECTIVE;20
Operators;DEFINED;30
Operators;PREVIOUSLY;2
Operators;SINGLE;30
Operators;BALANCE;7
Operators;GRANTING;1
Operators;ALLOCATED;3
Operators;INCLUSION;2
Operators;ABSOLUTE;1
Operators;HOWEVER;10
Operators;LIMIT;4
Operators;REQUIRING;7
Operands;AMOUNT;6
Operands;COMMERCIAL;1
Operands;PARTIES;7
Operands;OFFERING;2
Operands;DISASTER;7
Operands;SOLVENCY;1
Operands;INAPPROPRIATE;1
Operands;HIGH;23
Operands;LEADS;1
Operands;RELEVANCE;7
Operands;SCHEME;1
Operands;DIGITALISATION;4
Operands;OBSERVED;1
Operands;REASON;1
Operands;NECESSARILY;1
Operands;RESPONSIBLE;27
Operands;CHALLENGE;1
Operands;REMOTE;1
Operands;EVIDENCE;1
Operands;DEALING;5
Operands;ADDRESSED;17
Operands;ACTUAL;1
Operands;SUPERVISED;3
Operands;REGULARLY;9
Operands;TERMINATION;11
Operands;STEMMING;3
Operands;MAP;3
Operands;MAINTAINING;6
Operands;AUTHORITY;100
Operands;ONGOING;7
Operands;INTERPRETED;2
Operands;RECOVERING;1
Operands;CHECKS;4
Operands;LARGELY;2
Operands;NOW;2
Operands;REAL;5
Operands;INTERMEDIATION;2
Operands;PERFORMS;1
Operands;BENEFIT;3
Operands;DEMONSTRATE;2
Operands;ADVANCED;8
Operands;PLATFORM;1
Operands;DIRECTED;1
Operands;COMPOSITION;1
Operands;DRAW;6
Operands;IMPACTED;3
Operands;OVERLAPPING;1
Operands;PERIODS;6
Operands;REACH;1
Operands;ENTITIES;353
Operands;SUPERVISION;25
Operands;MONITOR;16
Operands;CURRENT;6
Operands;CRITERIA;32
Operands;59;2
Operands;LEGAL;39
Operands;FINALISATION;1
Operands;DELIVERY;2
Operands;INCUR;2
Operands;UNLIKELY;1
Operands;SECTION;18
Operands;PERFORMANCE;26
Operands;STATEMENT;5
Operands;CHAINS;1
Operands;84;2
Operands;POLICY;33
Operands;ALIGN;1
Operands;PHYSICAL;10
Operands;DIFFICULTIES;3
Operands;AGREED;7
Operands;INTEREST;11
Operands;SIZE;14
Operands;FREE;4
Operands;PLAYING;1
Operands;196;1
Operands;31;12
Operands;EXPERIENCE;3
Operands;DEFER;1
Operands;TECHNICAL;74
Operands;CONFIDENCE;3
Operands;ADEQUATELY;11
Operands;ADDRESS;20
Operands;PENALTY;25
Operands;47;4
Operands;DIGITAL;93
Operands;INCURRED;3
Operands;COUNTRIES;9
Operands;VIEW;23
Operands;PARENT;4
Operands;HAND;10
Operands;FIVE;3
Operands;CONSULT;8
Operands;ABSENCE;8
Operands;MATERIALLY;2
Operands;53;2
Operands;ACCOUNTABILITY;1
Operands;HELD;3
Operands;STAGE;1
Operands;STRATEGIES;12
Operands;COUNCIL;103
Operands;PRESENCE;1
Operands;HEAVY;2
Operands;DISTRIBUTION;2
Operands;PRIMARILY;3
Operands;181;1
Operands;EFFECTIVENESS;9
Operands;FEATURE;2
Operands;EARLY;1
Operands;DESIGN;4
Operands;DIRECT;5
Operands;SUBSEQUENT;5
Operands;QUESTION;2
Operands;21;20
Operands;52;3
Operands;BREACH;10
Operands;MATTER;10
Operands;CASH;1
Operands;EXCHANGES;5
Operands;CONTAGION;2
Operands;SECTIONS;2
Operands;LOCATIONS;4
Operands;41;8
Operands;DISCLOSURE;5
Operands;LIQUIDITY;2
Operands;COMMON;23
Operands;AUDIT;26
Operands;CIVIL;1
Operands;ENGAGEMENT;1
Operands;DEMAND;1
Operands;INVESTOR;1
Operands;PENALTIES;18
Operands;RESPONDING;1
Operands;HIGHLY;2
Operands;OVERSIGHT;99
Operands;RESORT;2
Operands;REPORT;41
Operands;CONFLICTS;7
Operands;INTERNAL;46
Operands;ISSUES;5
Operands;FINAL;2
Operands;51;2
Operands;BUILDINGS;1
Operands;OPERATION;3
Operands;2011;2
Operands;3;36
Operands;BACKUP;12
Operands;COORDINATION;19
Operands;REINSURANCE;13
Operands;LISTED;2
Operands;REPORTING;49
Operands;JOINT;42
Operands;PROVIDED;68
Operands;SIGNIFICANT;28
Operands;BASED;31
Operands;CORE;6
Operands;PRODUCTION;6
Operands;LEGACY;2
Operands;DELIVER;1
Operands;BODY;13
Operands;ANTITRUST;1
Operands;ADVANCE;2
Operands;ENVIRONMENT;1
Operands;FREEDOMS;1
Operands;ADMINISTRATION;3
Operands;LIFE;1
Operands;HOMOGENOUS;1
Operands;ENTER;7
Operands;BESPOKE;2
Operands;THREATS;24
Operands;36;7
Operands;MEDIUM;1
Operands;REST;1
Operands;LIABILITY;1
Operands;REASONS;3
Operands;ARISE;3
Operands;LARGE;4
Operands;PRACTICES;13
Operands;NEW;9
Operands;TRADE;12
Operands;AFFAIRS;1
Operands;CHARGE;2
Operands;8;14
Operands;331;7
Operands;RIGHTS;21
Operands;PRODUCE;2
Operands;TECHNOLOGICALLY;1
Operands;AUDITORS;7
Operands;CLARIFY;1
Operands;IMMEDIATELY;6
Operands;UNDERWRITING;1
Operands;APPROACHES;10
Operands;UNDERLYING;1
Operands;ANALYSIS;8
Operands;INDIRECT;2
Operands;MEMBERSHIP;3
Operands;SOURCE;7
Operands;INDIVIDUAL;12
Operands;AVAILABILITY;21
Operands;CONTRACTS;8
Operands;BECOME;10
Operands;CREATE;5
Operands;CALL;2
Operands;EXTENSIVE;1
Operands;NETWORK;30
Operands;ACQUIRED;3
Operands;INTRAGROUP;5
Operands;CLAIM;1
Operands;THREAT;21
Operands;FEASIBILITY;3
Operands;NOTICE;7
Operands;PROVIDES;10
Operands;TANGIBLE;1
Operands;COLLECTING;3
Operands;ALIGNMENT;4
Operands;PARTNERS;1
Operands;PERIODIC;12
Operands;LAW;40
Operands;ACCESS;28
Operands;OWNED;1
Operands;USE;79
Operands;SUBPARAGRAPHS;1
Operands;MODELS;1
Operands;EXPLAIN;1
Operands;BANKING;5
Operands;TRANSPARENT;3
Operands;TEXT;1
Operands;BINDING;1
Operands;REVEALED;2
Operands;COMPLETION;2
Operands;GLOBAL;4
Operands;SERVERS;1
Operands;BEST;8
Operands;PERSON;18
Operands;CAUSES;2
Operands;COMPLETED;1
Operands;INTERMEDIARIES;13
Operands;EXAMPLE;7
Operands;CALENDAR;6
Operands;STORAGE;2
Operands;DISCLOSE;3
Operands;MANNER;12
Operands;ESSENTIAL;15
Operands;80;2
Operands;COMMITTEE;29
Operands;REGULAR;10
Operands;REFORMS;1
Operands;SUPPORTED;7
Operands;APPROPRIATENESS;3
Operands;COORDINATE;4
Operands;PUBLICLY;2
Operands;SEGMENTED;1
Operands;432;2
Operands;PROPOSAL;5
Operands;SERVICE;377
Operands;EXERCISING;8
Operands;RECEIVING;3
Operands;FIRST;47
Operands;2019;8
Operands;ADVICE;8
Operands;INTANGIBLE;1
Operands;TIMELY;14
Operands;SUBSIDIARIES;3
Operands;COHERENT;4
Operands;INDEPENDENT;11
Operands;S;2
Operands;PUBLIC;26
Operands;PLANNING;1
Operands;PROPERTY;2
Operands;DELIVERS;1
Operands;COVERAGE;2
Operands;FUNCTIONS;97
Operands;RESPONSIBILITY;15
Operands;COUNTERPARTIES;8
Operands;BASIC;2
Operands;34;6
Operands;44;3
Operands;FEATURES;3
Operands;PRACTICAL;3
Operands;COMPETITIVE;3
Operands;OBJECTIVES;15
Operands;USED;10
Operands;CONFIDENTIALITY;20
Operands;173;2
Operands;CHALLENGES;2
Operands;YEAR;3
Operands;ACKNOWLEDGE;2
Operands;ENTITLED;3
Operands;STRENGTH;1
Operands;COMPANY;1
Operands;SIMPLE;3
Operands;SHEET;3
Operands;EMERGENCY;1
Operands;GAIN;1
Operands;CUSTOMER;1
Operands;CAPTURE;1
Operands;REMAINS;3
Operands;EUR;5
Operands;GROUNDS;1
Operands;CONCLUSIONS;3
Operands;INTENTION;3
Operands;BODIES;8
Operands;ENABLE;25
Operands;INSOLVENCY;4
Operands;FINDINGS;9
Operands;72;1
Operands;PERSPECTIVE;3
Operands;INTRODUCING;1
Operands;ACTING;1
Operands;INSURANCE;26
Operands;FACE;2
Operands;62;3
Operands;REVIEWS;13
Operands;PRODUCING;1
Operands;PRIOR;6
Operands;STANDARDS;69
Operands;FACILITATE;10
Operands;FRAMEWORKS;7
Operands;ERRORS;1
Operands;WORKINGS;1
Operands;321;3
Operands;CARRYING;11
Operands;WELL;54
Operands;CEASE;3
Operands;18;5
Operands;OBTAINING;1
Operands;EXTREME;1
Operands;USERS;4
Operands;POSED;3
Operands;EVENT;23
Operands;UNCERTAINTY;1
Operands;ARISING;8
Operands;RECENT;2
Operands;RELIABLE;2
Operands;PAY;1
Operands;ACTION;5
Operands;ROLE;9
Operands;2010;6
Operands;EXPLOITED;1
Operands;60;5
Operands;COORDINATED;5
Operands;EXTERNAL;24
Operands;GUIDE;3
Operands;55;2
Operands;7;12
Operands;RESPONSIBILITIES;6
Operands;PERFORMED;6
Operands;POSITION;1
Operands;INDUSTRY;4
Operands;ATTENTION;2
Operands;HARMONISATION;10
Operands;RELIANCE;7
Operands;JULY;14
Operands;DISCUSSIONS;2
Operands;LINE;6
Operands;STANDARD;6
Operands;67;1
Operands;PERFORMING;2
Operands;POOL;2
Operands;IMPAIRMENT;1
Operands;TRANSACTION;1
Operands;INSTRUMENTS;4
Operands;CONTROLLED;2
Operands;BROADER;3
Operands;FULL;20
Operands;AGREE;4
Operands;64;9
Operands;CONSOLIDATED;4
Operands;AGREEMENT;5
Operands;STAKEHOLDERS;4
Operands;SCALE;19
Operands;SPREAD;5
Operands;CONTRIBUTING;3
Operands;ESTABLISHMENT;7
Operands;DATE;12
Operands;OVERVIEW;2
Operands;ENSURES;4
Operands;AGENCIES;5
Operands;PRACTICE;3
Operands;BENEFITS;5
Operands;TECHNOLOGICAL;7
Operands;LAND;2
Operands;DECISIONS;3
Operands;MATERIALITY;4
Operands;EXAMINATION;10
Operands;HUMAN;3
Operands;COMPLEX;8
Operands;29;6
Operands;REMAIN;11
Operands;TERMS;8
Operands;WIDE;4
Operands;CAPACITY;4
Operands;DEGREE;5
Operands;54;3
Operands;LEADING;1
Operands;SCOPE;37
Operands;SUCCESSFUL;1
Operands;LONG;3
Operands;ACCURACY;1
Operands;CAPITAL;1
Operands;LINKED;2
Operands;OCCUR;1
Operands;DISTRIBUTING;1
Operands;2009;8
Operands;FOCUSING;2
Operands;EXCHANGE;11
Operands;FIVEYEAR;1
Operands;33;5
Operands;EMPLOYS;3
Operands;FORWARD;1
Operands;SAFETY;1
Operands;CUSTOMERS;10
Operands;MEMBER;68
Operands;SHARE;5
Operands;MANAGED;8
Operands;UPDATES;6
Operands;FOCUS;5
Operands;METHODS;10
Operands;EXAMINE;2
Operands;PROVIDE;54
Operands;EXPRESSED;1
Operands;DISCLOSED;3
Operands;22;11
Operands;HYBRID;1
Operands;POWERS;30
Operands;11;6
Operands;ISSUED;7
Operands;CHARACTERISTICS;1
Operands;30;8
Operands;CLASSIFICATION;4
Operands;VARY;1
Operands;MANAGEMENT;137
Operands;RISK;278
Operands;FINANCIAL;654
Operands;BASELINE;1
Operands;24;10
Operands;VERY;2
Operands;PRIMARY;7
Operands;ULTIMATE;3
Operands;SOURCES;6
Operands;RULES;42
Operands;EXPERIENCED;1
Operands;39;6
Operands;23;11
Operands;DERIVATIVES;1
Operands;10;22
Operands;SENSE;2
Operands;ADEQUATE;15
Operands;WEBSITE;4
Operands;SUPPLIED;2
Operands;SUBMIT;32
Operands;FAIR;1
Operands;VERIFICATION;3
Operands;EXTENT;8
Operands;SALES;1
Operands;COLLECTION;1
Operands;REGULATION;270
Operands;STABILITY;31
Operands;WORLDWIDE;1
Operands;APPROPRIATE;80
Operands;FAILURE;6
Operands;STATE;25
Operands;OPERATING;11
Operands;RELIABILITY;1
Operands;INTERESTS;1
Operands;RELEVANT;158
Operands;EFFECTS;7
Operands;58;2
Operands;INSTITUTIONS;71
Operands;13;9
Operands;G;12
Operands;ABLE;14
Operands;TRANSITIONAL;1
Operands;ISOLATE;1
Operands;ACTIONS;11
Operands;PURSUED;1
Operands;MILLION;5
Operands;FIND;1
Operands;CONSULTATION;11
Operands;SEVERED;1
Operands;FUNCTION;19
Operands;COMMUNICATED;2
Operands;COMPLETELY;2
Operands;PROVISIONS;29
Operands;LEVERAGE;3
Operands;DETAILED;4
Operands;311;4
Operands;FACTS;3
Operands;TURN;3
Operands;EFFICIENT;4
Operands;ATTEMPT;2
Operands;PRIVATE;1
Operands;ACCOUNTS;2
Operands;CLOSE;3
Operands;136;1
Operands;ADAPT;1
Operands;OPEN;2
Operands;INFORMED;4
Operands;INVESTMENTS;1
Operands;MATERIAL;12
Operands;USES;1
Operands;GAINS;1
Operands;CLASSIFIED;5
Operands;INTRODUCED;2
Operands;ACHIEVED;4
Operands;LIGHT;7
Operands;STOCK;1
Operands;DOCUMENTED;12
Operands;MEMBERS;13
Operands;POLICIES;30
Operands;ADMINISTRATIVE;30
Operands;DELIVERING;2
Operands;BENCHMARKS;5
Operands;LOCAL;2
Operands;BANKS;4
Operands;FEASIBLE;3
Operands;69;1
Operands;61;13
Operands;25;13
Operands;END;8
Operands;STRATEGY;16
Operands;POTENTIAL;26
Operands;CERTIFICATION;1
Operands;17;27
Operands;OWN;6
Operands;RISKS;52
Operands;PLANS;44
Operands;SENSITIVE;4
Operands;LOGICAL;1
Operands;324;2
Operands;OBTAIN;4
Operands;9;9
Operands;CATEGORY;5
Operands;PERIODICALLY;11
Operands;40;4
Operands;FREQUENCY;8
Operands;TERMINOLOGY;1
Operands;MAJOR;58
Operands;GUIDELINES;6
Operands;RETAINED;1
Operands;AMOUNTS;1
Operands;CRITERION;1
Operands;EXERCISE;23
Operands;PURSUANT;60
Operands;RECOVER;1
Operands;OPERATIONS;37
Operands;49;2
Operands;PROTECT;7
Operands;TRADITIONAL;3
Operands;AFFECT;8
Operands;UNDERSTOOD;1
Operands;WIDESPREAD;1
Operands;ENTERED;2
Operands;2008;1
Operands;TLPT;33
Operands;CARRIED;9
Operands;DUE;18
Operands;SUPPORT;13
Operands;DATA;98
Operands;JUSTIFIED;1
Operands;UNDERSTAND;1
Operands;SITUATION;4
Operands;POSSIBILITY;7
Operands;NONFINANCIAL;1
Operands;CORPORATE;5
Operands;AUTHORITIES;169
Operands;CATEGORIES;2
Operands;EXPLANATION;4
Operands;HIGHLIGHTED;1
Operands;MAINTAIN;31
Operands;REFLECT;4
Operands;32;7
Operands;DESIGNED;1
Operands;RECORDS;8
Operands;INTERMEDIARY;3
Operands;ISSUE;10
Operands;READILY;1
Operands;RELY;6
Operands;MULTILATERAL;1
Operands;CONTINUE;11
Operands;TASKS;21
Operands;CONDUCTING;4
Operands;MANAGING;10
Operands;LEVEL;82
Operands;REPORTED;6
Operands;AVOID;9
Operands;USEFUL;1
Operands;DELIVERED;3
Operands;FINANCE;5
Operands;TRANSFER;2
Operands;REDUCE;5
Operands;STRUCTURES;3
Operands;SUBSIDIARY;7
Operands;MERELY;2
Operands;SECTORSPECIFIC;5
Operands;TECHNOLOGIES;5
Operands;DESCRIPTION;1
Operands;AGE;2
Operands;CONSOLIDATION;1
Operands;INDIRECTLY;2
Operands;ADEQUACY;1
Operands;CROSSBORDER;11
Operands;48;3
Operands;GUIDANCE;4
Operands;INVESTMENT;24
Operands;UNABLE;1
Operands;302;2
Operands;COMPONENT;1
Operands;GROUPS;3
Operands;POINTS;23
Operands;194;2
Operands;DESIGNATED;61
Operands;STRICT;3
Operands;INFORM;14
Operands;SUBSEQUENTLY;1
Operands;35;9
Operands;PARTICIPANTS;5
Operands;GROUP;26
Operands;FRAMEWORK;91
Operands;14;28
Operands;PURPOSE;24
Operands;SHORTFALLS;1
Operands;STANDARDISED;4
Operands;TIME;33
Operands;BETTER;5
Operands;DECISION;39
Operands;4;40
Operands;DIVERSITY;1
Operands;AFFECTED;11
Operands;PREPARATION;3
Operands;EXPERIENCES;1
Operands;SMOOTH;7
Operands;COMMUNITY;1
Operands;APPROPRIATELY;3
Operands;AFFECTS;1
Operands;LEVELS;9
Operands;LEVIED;1
Operands;RECEIVE;3
Operands;DEVELOPING;11
Operands;PERMANENT;1
Operands;CONTINUOUS;8
Operands;GENERATE;1
Operands;ECONOMIC;8
Operands;COMPLEXITY;24
Operands;COMPANIES;2
Operands;MEASURES;55
Operands;ORIGINAL;1
Operands;12;12
Operands;ACCOUNT;54
Operands;OBJECTIVE;4
Operands;QUESTIONS;1
Operands;MODIFICATIONS;1
Operands;INSUFFICIENT;3
Operands;CONTRIBUTIONS;1
Operands;EFFECT;5
Operands;SIGNIFICANTLY;3
Operands;FAILURES;1
Operands;KNOWN;1
Operands;SUFFER;1
Operands;EXEMPTIONS;3
Operands;SYSTEM;37
Operands;SIGNIFICANCE;3
Operands;CARRY;16
Operands;CENTRALISED;1
Operands;LOCATED;9
Operands;PREPARE;2
Operands;MAINLY;1
Operands;PUBLICATION;12
Operands;OUTCOME;4
Operands;STARTING;2
Operands;INABILITY;2
Operands;TOOL;1
Operands;BEGIN;1
Operands;IMPORTANCE;12
Operands;MONITORING;32
Operands;THIRD;42
Operands;STATES;41
Operands;OPPORTUNITY;4
Operands;ENGAGE;1
Operands;IMPLICATIONS;1
Operands;PUBLISHED;4
Operands;TRANSPARENCY;2
Operands;HARMONISED;5
Operands;SIMPLIFIED;6
Operands;DISTORTIONS;1
Operands;PROPERTIES;1
Operands;ALREADY;7
Operands;EXTENDING;1
Operands;EU;295
Operands;FUNDING;2
Operands;START;3
Operands;OCCURRENCE;4
Operands;BEHAVIOUR;1
Operands;POOLING;1
Operands;POINT;120
Operands;DETAILS;16
Operands;SUBSTANTIAL;1
Operands;26;11
Operands;DISRUPTIONS;10
Operands;COSTS;22
Operands;RETAIN;1
Operands;LIKELIHOOD;1
Operands;OPERATES;5
Operands;ACCURATE;1
Operands;POSE;5
Operands;RECOGNITION;6
Operands;DEFENCE;9
Operands;45;4
Operands;TACKLE;1
Operands;PHYSICALLY;1
Operands;PROCEDURES;53
Operands;QUALIFY;4
Operands;37;8
Operands;BUILDS;1
Operands;EXPLORE;2
Operands;ARRANGEMENT;13
Operands;INFORMATION;165
Operands;CERTAINTY;5
Operands;LIKELY;4
Operands;VULNERABILITY;6
Operands;WRITING;2
Operands;6;25
Operands;SERVICES;248
Operands;STRATEGIC;4
Operands;GOVERNANCE;6
Operands;INSPECTION;21
Operands;REGISTRATION;1
Operands;FUTURE;1
Operands;RATIONALE;1
Operands;JUSTIFICATION;1
Operands;SUPPLIER;1
Operands;DECIDE;2
Operands;CENTRAL;31
Operands;ANALYSING;3
Operands;PARTICULAR;53
Operands;CONSUMERS;1
Operands;PRINCIPLE;13
Operands;ANNUAL;13
Operands;43;3
Operands;EXERCISED;2
Operands;PLACE;28
Operands;CONDUCT;39
Operands;PROCESSES;32
Operands;UNDERSTANDING;7
Operands;SITUATIONS;4
Operands;TRADING;7
Operands;POSSIBLE;10
Operands;APPROACH;27
Operands;TRANSFERS;1
Operands;AVAILABLE;14
Operands;PROMPTLY;4
Operands;PURPOSES;37
Operands;CONTRIBUTE;3
Operands;DEVELOP;25
Operands;SMALL;9
Operands;ALTER;1
Operands;EFFICIENCY;6
Operands;POOLED;8
Operands;EFFECTIVELY;20
Operands;CONTROLS;15
Operands;FIGURES;1
Operands;MECHANISMS;28
Operands;PAYMENTS;13
Operands;FLOW;1
Operands;NEGLIGENCE;2
Operands;63;3
Operands;COMMONLY;1
Operands;SECTORS;14
Operands;ARRANGEMENTS;106
Operands;WEAKNESS;1
Operands;DIRECTLY;10
Operands;LONGER;3
Operands;CONCENTRATION;14
Operands;OPERATE;9
Operands;COMMENSURATE;4
Operands;UNDUE;7
Operands;PAID;2
Operands;LOSSES;11
Operands;COMPETITION;3
Operands;SOUNDNESS;2
Operands;CREATION;1
Operands;WEAKNESSES;5
Operands;APPLICATIONS;3
Operands;COMPREHENSIVE;17
Operands;42;10
Operands;TYPICAL;1
Operands;PROTOCOL;2
Operands;TRANSITION;4
Operands;POLITICAL;1
Operands;KEY;15
Operands;MARKET;37
Operands;GENERATING;1
Operands;LENDING;1
Operands;CONDUCTED;8
Operands;VALUE;4
Operands;SOPHISTICATION;1
Operands;PRIORITY;2
Operands;STRONG;6
Operands;NECESSARY;47
Operands;DIVERGENT;4
Operands;HELP;3
Operands;FACED;1
Operands;CAPABILITIES;21
Operands;38;6
Operands;ENFORCEMENT;8
Operands;ENTERPRISE;1
Operands;OFFER;1
Operands;ALLEVIATE;1
Operands;ECONOMIES;1
Operands;ORDER;50
Operands;ACQUIRING;2
Operands;PROPER;1
Operands;INTERNATIONAL;10
Operands;19;7
Operands;KEYS;1
Operands;EXPECTED;6
Operands;HIGHER;3
Operands;REMEDY;3
Operands;APPLICATION;25
Operands;OPTION;2
Operands;MECHANISM;8
Operands;CLEAR;8
Operands;JUDICIAL;5
Operands;LOSS;4
Operands;TERRITORY;4
Operands;LOCATION;1
Operands;OWNERSHIP;1
Operands;CONTRACT;4
Operands;RESTORATION;8
Operands;MEASURE;4
Operands;SECTOR;40
Operands;ACCURATELY;1
Operands;BUSINESS;81
Operands;FORM;2
Operands;EMPLOYEES;1
Operands;JUNE;5
Operands;PROCESS;19
Operands;CREDIT;31
Operands;ENTITY;117
Operands;ECONOMY;3
Operands;PERSONS;23
Operands;ACHIEVE;7
Operands;COMPONENTS;13
Operands;TYPE;14
Operands;BURDENS;1
Operands;68;3
Operands;METHODOLOGY;1
Operands;SCENARIO;1
Operands;FOLLOW;5
Operands;94;1
Operands;HIGHEST;4
Operands;IMPORTANT;70
Operands;POSITIONS;3
Operands;CONTEXT;23
Operands;PROVIDING;21
Operands;ALIGNED;1
Operands;REASONABLE;2
Operands;PERIOD;14
Operands;SUFFICIENT;11
Operands;REACHED;1
Operands;CRISIS;12
Operands;ENTERPRISES;3
Operands;57;4
Operands;ONLINE;1
Operands;CONSISTENCY;10
Operands;PARAMETERS;4
Operands;SUPPORTING;44
Operands;UNDERTAKE;3
Operands;UNDERTAKEN;6
Operands;CONTINUED;1
Operands;EVOLUTION;4
Operands;GENERATION;2
Operands;87;1
Operands;IMPROVEMENTS;1
Operands;AREAS;11
Operands;MAIN;3
Operands;CLEARLY;1
Operands;SHARED;3
Operands;IRREGULAR;1
Operands;SEEK;6
Operands;DEMONSTRATING;1
Operands;TIER;2
Operands;PROPERLY;2
Operands;WORLD;1
Operands;STATEMENTS;3
Operands;WAYS;2
Operands;CONTROL;23
Operands;ADVERSE;14
Operands;PROVIDER;148
Operands;BASIS;53
Operands;INTERVENTION;1
Operands;WAY;15
Operands;DEVELOPED;12
Operands;ADVANTAGE;1
Operands;SOFTWARE;8
Operands;LICENCE;1
Operands;ADDRESSING;10
Operands;NATURE;32
Operands;CRITICAL;225
Operands;CONSISTENT;18
Operands;DIVERGENCES;3
Operands;PARTICIPATE;5
Operands;SYSTEMS;93
Operands;FULFILMENT;8
Operands;REASONABLY;4
Operands;ROBUST;2
Operands;ABILITY;15
Operands;CONVERGENT;1
Operands;COUNTRY;20
Operands;BURDEN;2
Operands;PLAN;17
Operands;201;1
Operands;CONCLUSION;3
Operands;DAMAGES;2
Operands;OPTIONS;1
Operands;ASSIST;1
Operands;SECURITIES;22
Operands;2017;2
Operands;ISOLATION;1
Operands;STRESS;1
Operands;HOLDING;1
Operands;PRINCIPLES;9
Operands;INCONSISTENT;1
Operands;REGIONS;1
Operands;WORKING;1
Operands;PRESERVED;1
Operands;COMPLIANCE;13
Operands;REVIEWED;6
Operands;REPORTS;21
Operands;FEE;1
Operands;15;18
Operands;AREA;4
Operands;MANAGE;9
Operands;SEPTEMBER;2
Operands;JURISDICTION;4
Operands;BASE;1
Operands;NOVEMBER;9
Operands;WORK;12
Operands;RANGE;6
Operands;ASSETS;29
Operands;DEAL;3
Operands;OPERATIONAL;127
Operands;IMPACT;60
Operands;ELECTRONIC;17
Operands;JURISDICTIONS;6
Operands;RIGHT;12
Operands;DOCUMENTATION;8
Operands;EASILY;3
Operands;VI;2
Operands;ACTIVITIES;70
Operands;CAREFUL;1
Operands;INITIAL;9
Operands;SAFEGUARDS;6
Operands;176;1
Operands;IDENTITY;6
Operands;ACT;15
Operands;LEAD;123
Operands;QUALITATIVE;5
Operands;PARTS;1
Operands;DEVELOPMENT;7
Operands;TRUST;4
Operands;ULTIMATELY;7
Operands;NATURAL;16
Operands;INSPECTIONS;20
Operands;TECHNIQUES;5
Operands;BOARD;5
Operands;FLOWS;1
Operands;MATTERS;11
Operands;MET;6
Operands;DETRIMENT;2
Operands;TRANSACTIONS;6
Operands;REVISED;1
Operands;PERFORM;11
Operands;MANDATES;2
Operands;CLOUD;11
Operands;AUDITED;1
Operands;PARTICIPATION;9
Operands;BEAR;2
Operands;EVALUATION;1
Operands;PARTY;8
Operands;ENCOURAGE;1
Operands;ACCOUNTING;4
Operands;46;6
Operands;DECISIONMAKING;2
Operands;TECHNOLOGY;8
Operands;INNOVATIVE;1
Operands;NUMBER;15
Operands;SUFFICIENTLY;4
Operands;ENABLES;2
Operands;LINES;4
Operands;ACQUIRE;2
Operands;ACTIVITY;6
Operands;SOLUTION;2
Operands;65;3
Operands;BROUGHT;3
Operands;THIRDPARTY;366
Operands;OBVIOUS;1
Operands;2016;11
Operands;MEANINGFUL;1
Operands;REVIEW;32
Operands;PARTICIPATING;4
Operands;INPUT;3
Operands;INTERMEDIATE;1
Operands;EXPENDITURE;1
Operands;PROFITS;2
Operands;PARAGRAPH;133
Operands;INTEGRITY;33
Operands;191;1
Operands;SUBSTANTIVE;2
Operands;BRING;1
Operands;HOME;1
Operands;EXTENDED;2
Operands;ASPECTS;1
Operands;REPUTATIONAL;1
Operands;MARKETS;21
Operands;INVESTORS;1
Operands;SAFEGUARD;4
Operands;20;10
Operands;ASSET;5
Operands;RESOLUTION;21
Operands;STRENGTHEN;3
Operands;CAPABLE;3
Operands;FASTER;2
Operands;TYPES;14
Operands;5;17
Operands;RESOURCES;18
Operands;ASCERTAIN;1
Operands;SOUND;16
Operands;DEFINED;30
Operands;REIMBURSEMENT;1
Operands;COST;5
Operands;EXPLORING;1
Operands;VENUES;4
Operands;USING;13
Operands;YEARS;7
Operands;CONSISTENTLY;1
Operands;PRESERVING;4
Operands;PAGE;3
Operands;CREATING;4
Operands;VARIETY;1
Operands;TURNOVER;5
Operands;OFTEN;3
Operands;INTRODUCTION;1
Operands;BROAD;2
Operands;ACTIVE;5
Operands;BENCHMARKING;1
Operands;POTENTIALLY;8
Operands;PRESERVE;3
Operands;PUT;15
Operands;RESTORING;1
Operands;IMPROVING;1
Operands;161;1
Other;;402
Other;RELATING;10
Other;CAPS;2
Other;DONE;2
Other;BEHIND;1
Other;9;10
Other;PARTIES;7
Other;CHAPTERS;3
Other;40;5
Other;TWO;1
Other;BETWEEN;29
Other;ON;353
Other;IV;11
Other;WHETHER;24
Other;SUBPARAGRAPH;48
Other;WOULD;26
Other;THROUGHOUT;11
Other;CONSIDER;10
Other;HE;1
Other;IT;85
Other;C;71
Other;II;22
Other;DURING;7
Other;NEITHER;1
Other;OUT;85
Other;ITSELF;1
Other;WILL;3
Other;HAS;57
Other;SOME;7
Other;MAKES;2
Other;FUNDS;7
Other;V;4
Other;AN;166
Other;WHERE;96
Other;WHICH;137
Other;EG;4
Other;OUR;1
Other;FEW;1
Other;50;8
Other;PARAGRAPHS;10
Other;L;118
Other;ITS;81
Other;WAS;4
Other;2010;6
Other;UPON;28
Other;NO;188
Other;WHOM;3
Other;THEIR;157
Other;BE;276
Other;UNION;210
Other;PAST;2
Other;HAVE;92
Other;FEWER;3
Other;SEE;3
Other;THIS;220
Other;INDIRECTLY;2
Other;75;1
Other;GENERALLY;1
Other;SIMILAR;3
Other;STANDARD;6
Other;THAT;337
Other;ORGANISATION;2
Other;MIGHT;8
Other;NOT;102
Other;THEY;45
Other;D;51
Other;IDENTICAL;1
Other;CASE;21
Other;DID;1
Other;CAN;20
Other;LITTLE;1
Other;VIA;3
Other;GIVE;5
Other;AMONG;11
Other;M;3
Other;TAKING;30
Other;4;41
Other;PART;38
Other;ENOUGH;1
Other;GIVEN;5
Other;IE;1
Other;FORTH;1
Other;WHOSE;1
Other;ALONG;2
Other;MOST;3
Other;ONCE;4
Other;ABOUT;11
Other;WITHOUT;35
Other;DOES;9
Other;GIVING;1
Other;CONNECTED;1
Other;MAKE;5
Other;APPLY;18
Other;56;3
Other;MANY;2
Other;12;13
Other;WITH;404
Other;OUTSIDE;14
Other;THREE;16
Other;ALL;107
Other;REQUIRED;29
Other;BEEN;40
Other;VARIOUS;9
Other;WERE;7
Other;TAKEN;16
Other;MORE;26
Other;LATER;6
Other;PENALTIES;18
Other;SHALL;453
Other;UNDER;65
Other;WHEN;63
Other;ONE;35
Other;REPORT;41
Other;SHOULD;194
Other;COULD;13
Other;BASE;1
Other;R;2
Other;3;37
Other;APPLICABLE;32
Other;OVER;9
Other;BOTH;5
Other;AMONGST;1
Other;24;11
Other;1;80
Other;PROVIDED;68
Other;EU;295
Other;MAY;92
Other;THAN;48
Other;BEYOND;2
Other;UNTIL;6
Other;RECOMMENDATIONS;30
Other;FOLLOWS;14
Other;TO;1531
Other;A;669
Other;EXCLUDING;3
Other;10;23
Other;SHE;1
Other;SUCH;131
Other;COSTS;22
Other;ACROSS;20
Other;BEING;10
Other;AGAINST;8
Other;MODEL;6
Other;UP;19
Other;THESE;3
Other;THERE;9
Other;PENDING;1
Other;GENERAL;15
Other;DOWN;37
Other;THE;3460
Other;FOLLOWING;73
Other;WHAT;5
Other;P;43
Other;EVERY;7
Other;ANY;100
Other;LESS;5
Other;TAKE;39
Other;THEMSELVES;6
Other;MAKING;5
Other;FROM;115
Other;INTO;73
Other;6;26
Other;PAYMENT;45
Other;III;14
Other;SEEN;1
Other;SEVERAL;9
Other;THOSE;87
Other;B;92
Other;DO;10
Other;TAKES;5
Other;OF;2197
Other;CERTAIN;13
Other;IS;179
Other;SAME;18
Other;PRINCIPLE;13
Other;HAD;2
Other;OTHER;109
Other;DRAWING;1
Other;FOR;441
Other;100;3
Other;WHICHEVER;1
Other;THROUGH;52
Other;CHAPTER;14
Other;RELATED;27
Other;EACH;25
Other;THEREOF;12
Other;HAVING;11
Other;IN;1131
Other;ARTICLE;361
Other;BY;345
Other;PURPOSES;37
Other;REFERENCE;1
Other;MUST;2
Other;EXCEPT;4
Other;ARE;139
Other;I;36
Other;OUGHT;1
Other;5;18
Other;MADE;2
Other;PERSON;18
Other;ANOTHER;5
Other;TURNOVER;5
Other;AT;118
Other;REGIME;9
Other;WHO;6
Other;WHOLE;10
Other;25;14
Other;2;48
Other;ABSENT;1
Other;E;36
Other;THEM;20
Other;WITHIN;50
Other;PROPORTIONATE;16
Unclassified;CONSIDERING;4
Unclassified;CHANGES;13
Unclassified;CHOSEN;1
Unclassified;CHOICE;1
Unclassified;CHANGED;2
Unclassified;CHANGE;7
Unclassified;CONSIDERATIONS;1
Unclassified;AIMED;2
Unclassified;CONSIDERATION;8
Unclassified;CONSIDERS;4
Unclassified;CHOOSE;1
Unclassified;APPEARS;1
Unclassified;AIMS;3
Unclassified;CONSIDERED;11
Unclassified;CHANGING;1
