SECRECY;5
ESAS;77
FLEXIBLE;4
INCREASED;8
DISTANCE;1
FUNCTIONING;18
2016/679;4
LIST;3
DELEGATION;6
IDENTIFIABLE;1
AMENDMENT;1
COUNTERPARTY;4
PRIORITISE;1
COMPLEMENTARY;2
NONSUPERVISORY;1
NEGLIGENT;1
RECEIPT;9
INDICATION;1
000;1
INSPECT;1
STAGES;4
DAY;2
MICROENTERPRISES;32
SOCIETY;1
UCITS;1
FUNDAMENTAL;1
OBSERVER;2
AWARE;2
CLARIFIED;1
SERIES;3
CYBERATTACK;2
EXIT;7
SERVICESÂ€™;1
MEETINGS;2
Â€˜MAJOR;2
PROCUREMENT;1
Â€˜MEDIUMSIZED;1
ORDINARY;1
AVOIDED;4
CHARGED;1
UNPLANNED;2
Â€˜MICROENTERPRISEÂ€™;1
PUBLISH;6
PROMOTING;1
REINCORPORATE;1
INCIDENT;70
ENTRUST;1
ACTORS;2
ENTRUSTING;1
FRAMEWORKÂ€™;1
UNAVAILABILITY;1
SCHEDULED;3
URGENT;1
27I;1
MANAGERS;6
HANDSON;1
ARTICLES;26
DEROGATION;1
OVERSEEN;2
URGENTLY;1
CCPÂ€™S;2
U;1
PENSION;4
ANONYMISED;3
INCONCEIVABLE;1
CALLED;1
ATTAIN;1
VALIDATION;2
CESSATION;2
MULTILAYERED;1
RESILIENCEÂ€™;1
EUROPEAN;136
TLPT;33
SEGREGATED;1
COURTS;1
AUTOMATIC;1
EMERGE;3
SPECIALISED;1
UNDERTAKING;11
SETTINGUP;1
VII;1
OVERSEE;2
REAFFIRMED;1
81;1
POSTPONED;1
COSTEFFECTIVE;1
INVOLVEMENT;4
INSTITUTE;1
CONSEQUENCES;8
DESCRIPTIONS;5
FIXEDLINE;1
2013;8
AGENDA;1
INFRASTRUCTURE;12
UPGRADING;1
THREATLED;5
NOTICES;3
PLANSÂ€™;1
SCANNING;2
ANONYMOUS;2
Â€˜ECOSYSTEMÂ€™;1
CONTINGENCY;4
CALIBRATED;1
OFFICES;3
INTERVIEWED;2
Â€˜LEAD;2
DETECT;3
INTERLINKAGES;1
316;3
571;1
EVERYDAY;1
SIMULTANEOUSLY;1
ORGANISATIONAL;9
OPINIONS;1
290;2
VIRTUE;3
LOSING;1
UNIONWIDE;1
LEX;1
ENTERPRISEÂ€™;2
SPECIFY;21
SERIOUSNESS;1
LAWS;4
716/2009/EC;3
MAKERS;1
NEGOTIATING;2
RETRANSMISSION;1
THEMATIC;1
OBSERVING;1
3112;3
2020;2
PLACED;1
TARGETED;4
CENTRALISING;1
337;1
DISGORGEMENT;1
MIMICS;1
DISCONTINUED;1
IORPS;1
Â€˜ESASÂ€™;1
ENACTED;1
411;1
LATTER;7
106;1
REPOSITORYÂ€™;2
PEOPLE;1
SUBSECTORS;6
AUTHORITIESÂ€™;3
THEREOFÂ€™;1
FORMAL;3
CLASSIFY;5
DEVELOPMENTS;11
WEBSITES;1
COUNTRYÂ€™;2
DEPENDENT;4
TLPTÂ€™;1
PROMPTNESS;1
HANDLING;5
78/660/EEC;2
SECTORÂ€™S;4
806/2014;5
REQUISITE;1
DESTROY;1
TEMPLATE;3
SCANS;2
ENRICHED;1
PERIODICAL;1
MULTITUDE;1
EXCLUDES;1
ATTESTATION;3
LAWYERS;1
ENHANCES;2
CENTRE;1
APRIL;5
LED;1
PROFESSIONAL;6
TARGETS;2
CONSULTING;6
COMFORT;1
IMPEDING;3
CONSOLIDATE;1
SPEED;2
MUTUAL;7
EXPLICITLY;2
BODYÂ€™S;1
PAYMENTRELATED;20
FOSTER;5
FIRM;3
SUBSTITUTABLE;1
DEPLOYS;1
ADDRESSES;2
EMPOWERED;6
PHASE;1
GATHER;1
ENTAILED;5
DANGER;1
HEAD;1
RECONSTRUCTING;1
EMPOWERMENTS;1
OPERANDI;1
DEPLOYMENT;8
NONBINDING;1
CONNECTIVITY;1
COVERING;4
EC;16
INSOFAR;4
82/891/EEC;1
PROTECTION;26
ISSUER;1
ENCOMPASSES;1
FLAWS;1
FORMULATING;2
INHERENT;1
EMPLOY;1
METSOLA;1
SITUATIONAL;1
POSSESS;3
HEARD;1
CONNECTING;1
2021;5
EXPERTS;9
ASSURE;1
CRYPTOASSETSÂ€™;1
OCCURRING;2
ROLES;7
Â€˜REINSURANCE;2
SUBCONTRACTOR;5
REINFORCING;1
2014/17/EU;1
AMENDMENTS;7
COUNTERACTING;1
338;1
114;2
ICTINTENSIVE;1
CODEPENDENT;1
RATING;9
Â€˜PAYMENT;2
SCREENING;1
ESA;3
DIRECTORS;1
COUNTERPARTYÂ€™;1
2008/48/EC;1
TEMPORARY;1
LEGISLATIVE;8
LINKS;1
ICTBASED;1
BREACHES;14
COMMITMENT;1
LAYERS;1
DEEM;1
MAGNITUDE;4
VULNERABILITY;6
MISSIONS;2
TEAM;12
UNKNOWN;1
Â€˜MANAGER;1
ACTIVATE;1
NONTERMINATION;1
EXPOSURES;2
2026;1
DRIVING;1
COURSE;2
ACTIVELY;1
111;2
ROOTED;1
BACKOFFICE;1
LIGHTER;1
3111;1
ANYWHERE;1
SUSPENSION;2
INDENT;1
ICT;790
ESMA;16
FORWARDED;1
IMPERATIVE;1
PIVOTAL;2
PROSECUTING;1
LANDS;1
EVIDENCING;3
COOPERATE;12
GSIIS;4
EXPECTATIONS;4
SHORTFALL;1
GRADUALLY;1
PROCURED;1
BEFOREHAND;1
Â€˜ISSUER;1
SAFEGUARDING;2
INNOVATORS;1
OPINION;4
PROGRAMMES;7
SUPPLYING;1
ESRB;5
PECUNIARY;1
UNRESTRICTED;1
OUTSOURCED;4
WITHSTANDING;1
CORRUPTION;2
POSTINCIDENT;1
SUBMITTED;6
MEDIUMSIZED;3
ORGANISING;1
LEGITIMATE;3
ANALYSES;7
EMPLOYING;1
RENEGOTIATING;1
NOTIFICATIONS;2
2022/2554;17
H;7
ADOPTS;1
DESCRIBING;2
OVERSEERÂ€™S;7
DRIVEN;2
SUPERVISORS;10
TASKED;3
IMPOSITION;1
ASKED;1
2017/2402;2
CENTRES;3
ALERT;2
Â€˜OVERSIGHT;2
GUARANTEES;1
Â€˜GROUPÂ€™;1
EUROPOL;1
INDEPENDENCE;4
COMPETENCE;1
CONFERRING;1
FRAGMENTED;1
GOVERNMENT;2
OPPOSES;2
ACTIVATION;3
PENSIONS;2
RECORDED;1
RUNNING;1
OVERLAPS;4
79;2
CLAUSE;1
TWENTIETH;1
CERTIFICATIONS;1
Â€˜THREAT;1
BORDERS;3
PERSONAL;15
SUMMARILY;1
27G;1
PERTAINING;2
FILLS;1
ANNOUNCED;1
FEES;6
97;2
SPECIFICATION;2
DRAFTING;1
Â€˜DIGITAL;1
STATESÂ€™;4
PUBLISHES;1
INTERINSTITUTIONAL;2
OBLIGATION;11
DOCUMENTS;6
PREVENTION;3
MIGRATE;1
CONFERRED;6
EBA;13
FORUM;16
RISKBASED;4
REMIT;2
95/46/EC;1
ALIA;3
MEETS;1
STRINGENT;1
PREVENTING;1
PROVIDERSÂ€™;3
CLEARING;2
CATER;2
RETENTION;1
2012/30/EU;1
INTERDEPENDENCES;1
FAILS;4
TLPTRELATED;1
INVESTIGATION;13
COMBAT;1
SERIOUS;4
Â€˜ADMINISTRATOR;1
354;1
F;21
PREVENTIVE;2
OCCUPATIONAL;15
ICTRELATED;118
STAKEHOLDERSÂ€™;1
Â€˜ELECTRONIC;2
EFFECTIVE;29
PRESERVATION;4
IDENTICALLY;1
RULEBOOK;3
Â€˜SECURITISATION;1
LENIENCY;1
PAYMENTPROCESSING;4
INCIDENTS;80
TRANSMISSION;5
DEPENDENCIES;16
INCIDENTÂ€™;4
EXPERT;2
IMPOSSIBILITY;1
FUNDED;2
VESTED;1
OUTSOURCING;10
Â€˜SUBSIDIARYÂ€™;1
99;1
WARNINGS;2
ANALYTICAL;1
ANOMALIES;2
DOCUMENT;9
JOINTLY;2
NIS;1
74B;1
Â€˜ACCOUNT;1
PURSUIT;3
INSIGHT;1
VULNERABLE;1
CSIRTS;7
URGENCY;1
2009/110/EC;11
TASK;2
PEAK;1
ETHICAL;1
EXEMPTED;23
AUTHORISATION;7
DIRECTION;2
INVESTIGATIVE;1
LARGESCALE;2
USAGE;1
2012;2
1024/2013;7
FRAGMENT;1
PLANNED;5
GIRO;2
REVOKED;1
EVENTS;4
APPRAISING;1
AUTHENTICITY;15
OBLIGED;2
1093/2010;29
BILATERAL;1
DELEGATED;29
ENTIRETY;1
102;2
INSTRUCTIONS;3
REFRAINING;1
MITIGATION;4
OVERSEERS;5
OFFICIAL;10
INTELLIGENCELED;1
TERRITORIES;2
INTERDEPENDENCE;2
HUB;6
2001/24/EC;1
Â€˜A;3
REPRESENTATIVE;7
MIX;1
PSTN;1
ORAL;2
IX;1
DISABLE;1
BENEFITTING;1
JEOPARDISE;6
INDEPTH;2
SHOWING;3
TODAY;3
FULFIL;5
CONTACT;5
2002/92/EC;1
INTRINSICALLY;1
DISAGREEMENTS;1
CRIMINAL;9
*5;1
SCALABILITY;2
PRINCIPLEBASED;2
IMPOSING;9
OBJECTION;2
2022/2554Â€™;1
Â€˜;14
IMPAIR;3
INDICATING;3
WITHHELD;1
REACHING;1
COMPROMISES;1
MALICIOUS;1
ALTERING;1
PROCEDURE;4
EXPANSION;1
LAY;6
APPROVING;1
RECORD;3
PENETRATION;9
COMMITTEEÂ€™;1
EMERGING;6
SUPPORTS;3
MITIGANTS;1
REACTIONS;1
121;1
VOLUNTARY;19
UPGRADE;1
MIGRATION;2
2006/48/EC;2
DETRIMENTAL;2
BACKGROUND;1
PRESIDENT;2
CONFIRMING;1
909/2014;14
FULLYFLEDGED;1
OPT;1
INDICES;1
UPTODATE;3
DETECTED;1
CRYPTOGRAPHIC;2
CERTIFIED;2
OUTAGE;1
OMISSIONS;1
GRASP;1
PREPAREDNESS;3
COMPETENCES;5
RESTRAIN;1
DISRUPTION;16
2022/;9
CHECK;1
27;11
ASSISTED;3
SYSTEMÂ€™;2
EVIDENT;1
POSES;1
QUESTIONNAIRES;2
Â€˜MANAGEMENT;2
ERODED;1
REVISIONS;2
OSIIS;4
SOLUTIONS;19
STATUTORY;3
UNIFORM;5
ALTERNATION;1
THIRDCOUNTRY;12
DEFEND;1
LAYER;1
POSTFINANCIAL;1
COMPLYING;2
ACCREDITATION;1
REVOKE;1
PROFILE;21
DAMAGE;8
DEPLOY;2
Â€˜INFORMATION;1
DEFECTIVE;1
VALIDATED;1
CROSSJURISDICTIONAL;1
314;2
PRIORITISES;1
ASSIGNMENT;1
SUBMISSION;2
VIGILANT;1
INTENTIONAL;2
BORNE;1
ANALYSED;1
TACKLING;1
ESAÂ€™S;1
TIMES;7
FAILED;2
RECOVERY;58
BASES;1
526/2013;1
CONCLUDE;4
UNDERTAKINGS;13
GATHERED;1
SOPHISTICATED;1
DATARELATED;1
82;1
T;2
EVIDENCED;4
Â€˜THE;1
STRESSED;2
2022/2556;2
AMENDING;28
EXPOSURE;6
REDUCTION;1
SUPERVISOR;1
FORMULATE;1
DISRUPTING;1
EXANTE;2
JOURNAL;6
Â€˜CYBER;2
PLATFORMS;2
REDRESS;2
88;1
STRIKING;1
600/2014;14
ENCRYPTED;1
ADMINISTRATORS;2
UNDERPIN;2
HELPS;1
INDEPENDENTLY;1
BELONGING;2
PARTLY;1
2009/77/EC;1
NARROWED;1
ROLLOUT;1
Â€˜EIOPAÂ€™;1
TREATY;6
ENDOFLIFE;1
DISAGREEING;1
PRECISE;3
CONTRACTUAL;83
16;9
ADDRESSEE;2
ENVISAGED;12
THREATÂ€™;3
MISLEADING;2
K;2
DILIGENCE;3
2019/881;3
GROUND;1
ENABLING;15
RESPECTED;1
HARMONISE;2
FOSTERS;1
LAYING;2
MISUSE;2
2016/1011;13
DEPOSITORY;3
G7;2
EVOLVING;6
REMEDIES;9
COUPLED;1
SUBCONTRACTORS;2
CONTRACTED;7
2016/1148;4
2020/1503;3
DESIST;1
ENSURED;3
EXECUTION;7
PATCHES;2
CCP;5
TAXONOMIES;2
SPECIFYING;13
SENDING;1
HYGIENE;2
COLLECTIVELY;4
KNOWLEDGE;5
STEAL;1
RUNS;1
AMPLIFICATION;1
UTILITY;1
ATTACK;1
PLACES;1
CONSTRAINT;1
SUMMONING;1
CONSIDERABLY;1
RESPONSES;1
NONPERSONAL;2
INITIATIVE;2
DESTRUCTION;1
ALGORITHMIC;1
GOES;1
TOOLS;26
GOVERNING;1
WAIVER;1
INTRODUCES;1
2018;4
LIVE;2
MONTHS;9
SIX;1
TRIGGERED;1
GUARANTEE;3
WEIGH;2
INCREASINGLY;2
SYSTEMIC;19
UPDATING;1
AIMING;7
ACCOMPANIED;4
MESSAGE;1
GENUINE;1
UNPRECEDENTED;1
LARGEST;1
561;1
DISTINGUISHING;1
ISSUING;2
STORED;1
AUTHORISATIONS;1
CONTROLLER;3
LANDSCAPE;3
AGENCY;7
G20;1
1247/2002/EC;1
RESTRUCTURING;2
OFFICE;2
COVERS;2
EXPERTISE;9
DISCHARGING;1
2006/43/EC;3
ONSITE;10
EMERGENCE;2
SPECIALISING;1
SHEETS;1
REQUESTED;6
REPLACED;20
BRANCHES;2
Â€˜TRADE;1
HOMOGENEITY;1
PEERTOPEER;1
ATTRACTED;1
DISRUPTS;1
WORTH;1
FORMALISED;1
CLAUSES;6
STRENGTHENING;2
OLD;1
PROGRAMME;5
HARDWARE;7
INTELLIGENCE;11
APPOINT;1
REALLIFE;1
INDIVIDUALS;1
PREDOMINANTLY;3
SECURELY;3
NECESSITY;1
OVERARCHING;1
JON;13
CLIENTSÂ€™;1
SWITCHOVERS;1
DIFFERENTIATE;1
INTERCONNECTED;2
EFFORTS;3
EXERCISES;4
2003/41/EC;1
OBJECT;1
POOR;1
ANCHORED;2
DEEPLY;1
COMPUTER;3
DURABLE;1
UNEVEN;1
HANDLED;1
2019/2033;2
APA;1
ACCESSIBILITY;1
2002/65/EC;1
REDEPLOYMENT;1
ENFORCEABLE;2
FORMS;3
PHASES;2
OCCASIONED;1
NONSUSPENSION;1
MOTIVATIONS;1
CLOSELY;4
METHODOLOGIES;3
2022;13
LOGICALLY;1
NEGLIGENTLY;1
FUNDSÂ€™;1
MOVEMENT;2
2022/Â€™;3
AUTOMATICALLY;3
BELONGS;1
BEK;1
596/2014;1
ROLL;1
REPEALING;13
INDIVIDUALLY;2
YEARLY;13
OFFSITE;2
NATIONAL;56
Â€˜SIGNIFICANT;1
INTEGRALLY;1
Â€˜OPERATIONAL;1
SECTORAL;5
LOG;1
016;1
LAYS;1
WEEKS;1
COPY;2
DUPLICATIONS;2
FACILITIES;6
PRECONTRACTING;1
METRICS;1
RETIREMENT;13
WIDER;3
Â€˜INSTITUTION;2
LAID;29
TIMELINES;2
PROVISIONÂ€™;2
ADHERING;1
MONEY;17
93;1
NINE;1
FORMAT;5
RESILIENCE;90
ASSISTANCE;5
SECTORÂ€™;1
2022/2557;3
GOVERNED;3
SUPERVISING;2
ASSURANCE;4
REPLY;1
*2;2
BODYÂ€™;1
FIRMS;10
Â€˜VULNERABILITYÂ€™;1
ISSUERS;2
SYSTEMÂ€™S;1
CONTINUOUSLY;5
POSING;1
2022/2555;27
INFRINGED;1
UNDETECTED;1
SUMMARY;3
INSURANCES;1
PARTIAL;2
REFUSES;1
DOUBTS;1
MODUS;1
DEVOTE;1
1095/2010;12
UPGRADES;1
AFFECTING;4
CHOICES;1
ASSIGN;3
RIGOROUS;1
VITAL;1
TESTER;3
DETECTION;10
REVIEWING;2
AUTHENTICATION;1
TRANSPOSING;3
PERCEIVED;1
DISCHARGE;2
VERIFYING;2
ERROR;1
EXPAND;1
FIX;1
2019/1937;2
SECURE;4
ADMINISTRATOR;2
INSUFFICIENCY;1
ACQUIS;2
SUSPICION;1
PROMPTED;1
PROTECTING;2
2006;1
CROSSSECTOR;3
COORDINATORÂ€™;1
PLAIN;1
THEREFROM;1
STEERING;1
DESIGNATE;11
QUALITY;14
1Â€™;4
DISPARITIES;2
PATTERNS;2
EXPOSED;4
CRITICALITY;13
CTP;1
ENHANCING;4
HORIZONTAL;4
FEEDBACK;4
PROTOCOLS;11
KEEPS;1
TAKINGUP;1
ATTACKS;2
PREVENTS;1
AUDITING;1
REPETITION;2
SUPPLY;9
REASONED;10
CSD;4
SETTLEMENT;10
CODE;2
2007/36/EC;1
ENTITIESÂ€™;12
ALTERATION;1
REPRESENTATIVES;8
SWIFT;2
AGREEMENTS;1
INCONSISTENCIES;2
INVESTIGATORY;1
IMPACTS;4
LATEST;1
PROPAGATION;1
LEARNING;3
ADAPTING;1
DEVICES;2
Â€˜CYBERATTACKÂ€™;1
ATTAINED;1
2008/114/EC;1
SEAL;1
SWITCHED;1
792;1
PREMISES;13
EIOPA;11
SUITABILITY;1
ENDORSED;1
INTEROPERABILITY;2
91;3
CALIBRATION;1
THERETO;5
GAINED;3
Â€˜FINANCIAL;1
SEEKING;1
2005/60/EC;1
MISSION;1
Â€˜OVER;1
Â€˜GUIDELINES;1
MULTIVENDOR;2
CHAIRPERSONS;1
347;2
MISS;1
ARCHITECTURE;2
FUNCTIONÂ€™;2
MULTIPLY;1
DIRECTIVE;178
COMPLETENESS;1
284;1
BANKRUPTCY;1
ACCESSRELATED;1
LANDLINE;1
CHARACTER;3
INTERACTING;2
108;1
SHARING;8
SUBCONTRACTS;1
SUBCOMMITTEE;2
RESPONSE;33
MINDFUL;1
575/2013;3
CRIME;1
BUDGET;3
TRANSFERABLE;1
STANDARDSETTING;1
IMMEDIATE;2
PRECLUDE;1
AUTHORISED;8
HOURS;1
BIA;4
2014/59/EU;9
119;1
WORKED;1
ENTRY;1
LOCALISATION;1
2013/34/EU;5
SITES;1
NONINTERCONNECTED;3
98/26/EC;1
MATERIALISED;1
27H;1
EXPIRY;2
RISKÂ€™;3
EQUIPMENT;1
FASTRESPONSE;2
RESILIENT;4
CROSSSECTORAL;1
INTERMEDIARYÂ€™;3
REVEALING;2
STORE;1
ASSIGNED;1
EXECUTE;1
ESTIMATION;3
MIGRATING;2
CALLING;1
RIGID;1
RAISING;1
AUTHORITYÂ€™;1
2028;1
COMMISSIONÂ€™S;1
CONSENTS;3
TRANSLATED;1
FAITH;1
SUMMARISING;1
SYSTEMICALLY;4
LAST;1
RECONCILIATIONS;1
FREEDOM;3
DATEÂ€™;1
ANOMALOUS;3
VALIDITY;1
ANALYTICS;1
SEGREGATION;1
STRENGTHENED;2
28;6
PRECEDE;1
DEVIATING;1
*4;2
SUBSIDIARITY;1
CORRECTIVE;5
NONMODIFICATION;1
COLLABORATION;4
SUBSTITUTABILITY;1
COUNTRIESÂ€™;1
Â€˜CROWDFUNDING;1
ROOT;2
FACILITATION;2
CHANNELS;5
ANNULLING;1
DAILY;3
ANNEX;5
SWITCHOVER;1
NOTIFIED;5
JOIN;1
SUPPLEMENT;11
CONTENT;8
SEVERE;5
CYBERSECURITY;10
CROSSSECTORIAL;1
CRUCIAL;5
LIFECYCLE;1
OPPOSITION;1
FIRMWARE;2
CHANNELLED;1
REFUSAL;1
COMPOSED;2
TELEPHONE;6
FINTECH;1
PROVIDERÂ€™;7
ENTAILS;5
TFEU;5
DAYS;6
TOPÂ€™;1
TESTERS;13
Â€˜PUBLIC;1
45/2001;1
USER;2
MODULES;1
RUN;2
EQUIPPED;3
ENVISAGES;1
Â€˜JOINT;1
NOTIFICATION;28
REPOSITORIES;5
DETERIORATION;1
SUMMON;1
2002/87/EC;2
ORDERLY;4
2017/;1
DISTINCTIVE;1
MATURE;1
O;2
GEOGRAPHICAL;5
REPOSITORYÂ€™S;2
791;1
ASSETÂ€™;2
COMPARISON;2
STIPULATED;1
SUBCONTRACTED;1
DISCOVER;1
MOSTLY;1
ESCALATION;2
ESASÂ€™;1
2005/56/EC;1
BOUNDARIES;1
BEHALF;1
PROVIDERÂ€™S;13
Â€˜FINTECH;1
EXPLANATIONS;3
FUND;2
PROCEEDINGS;8
101;3
CONTAIN;3
PROPRIETARY;1
CONCRETE;3
ANCILLARY;5
312;1
ICTMATURE;1
95;1
FEEFUNDED;1
INCOMPLETE;3
QUICKLY;5
351;10
DEPRIVE;1
PREJUDICE;20
MEETING;4
CONCLUDING;2
WORKLOADS;2
SPIRIT;1
ENCOURAGED;2
COHESIVE;1
VENUEÂ€™;1
BEARS;1
HOST;3
CROWDFUNDING;4
OVERSEEING;4
RECEIVED;5
MULTIDISCIPLINARY;1
INTERPRETATION;1
APPEAL;6
STRAIN;1
ALTERED;1
CSIRTSTHE;1
OBSERVE;1
REPLACE;2
ALERTS;2
OUTAGES;1
VIII;1
GUIDED;1
REPUTABILITY;1
CONVERGENCE;6
563;1
ISSUANCE;1
ADVISED;1
OVERSEERÂ€™;1
EXTRACTS;1
ORGANISE;1
DISCUSS;2
INTEGRAL;6
TAILORED;3
COMPROMISE;2
APPOINTED;13
STAFF;24
Â€˜CRYPTOASSET;1
TERMINATE;2
SUSPEND;1
GUARANTEEING;2
TEND;1
TRANSIT;1
CRYPTOASSET;3
COMPREHENSIVELY;3
TERMINATED;1
UBIQUITOUS;1
COMPATIBILITY;3
AID;1
DISTORTED;1
BOLSTER;1
PROPAGATORS;1
ENCRYPTION;1
J;2
TRIGGER;4
TOKENSÂ€™;1
648/2012;19
PREDICATED;1
CONTINUES;1
CAUSE;7
TEMPLATES;8
STREAMLINED;2
COMMENCED;1
CONCLUDED;14
KEEP;5
FORCE;5
CONFER;2
RANGING;1
INHOUSE;3
MATCH;1
PROMOTE;5
BOOKS;1
ASSESSMENTS;10
*1;2
DIMENSION;4
Â€˜LEGACY;1
PROVIDERS;197
PREPONDERANCE;1
MAINTAINED;1
OJ;39
CYBERATTACKS;11
UPCOMING;1
STATUS;2
DECADES;1
333;5
TACTICAL;1
FORUMÂ€™;1
SEVERITY;2
Â€˜SMALL;3
CSDS;1
PUBLISHING;1
GOOD;6
PAPER;1
INSPIRED;1
EXTEND;3
SOON;4
POTS;1
COHERENTLY;1
DELAY;9
910/2014;1
INVENTORIES;1
PORTABILITY;2
LIAISE;1
DELEGATE;3
REDUNDANT;7
TRANSFORMATION;1
INTERVIEW;1
2019/2034;2
INFRINGES;5
PERPETRATED;1
2024;2
CSDÂ€™S;1
CRYPTOASSETS;5
PARLIAMENT;94
83/349/EEC;2
2014/65/EU;12
TRUSTED;2
Â€˜CRITICAL;5
2016/2341;7
DULY;21
HIGHLEVEL;5
96;1
FLAW;1
ARM;1
LARGER;1
NOTIFYING;2
INSPIRATION;1
Â€˜DATA;1
2015;2
RISKMANAGEMENT;3
BANK;4
AUDITS;10
Â€˜ICT;9
PREREQUISITE;1
PROMPT;5
DESIGNATING;1
INSURTECH;1
BENCHMARKSÂ€™;2
CODES;1
COMMUNITIES;1
WRITTEN;5
Â€˜THREATLED;1
COMPETENT;202
REPOSITORY;7
MUTUALLY;2
COMPEL;2
DOWNLOADABLE;1
SECURITISATION;5
COUNTERPARTS;6
COMMISSION;58
OPERATORS;7
EXPOSE;1
*3;2
2011/35/EU;1
APPLICABILITY;1
ADVERSELY;3
INSTANTANEOUSLY;1
DEEPENED;1
CONSULTATIONS;2
Â€˜SECURITY;1
PREDETERMINE;1
CAUSED;6
REPAIR;1
Â€˜ICTRELATED;1
CONFIGURATION;2
DIALOGUE;1
SUBCONSOLIDATED;2
UNDERTAKINGÂ€™;3
2015/2366;21
SIZECAP;1
MOBILISE;1
TRIGGERING;1
SRB;1
Â€˜B;1
84/253/EEC;1
2009/110/ECÂ€™;1
CLARIFICATIONS;1
OUTSOURCE;3
TACITLY;1
IMPACTING;1
PREREQUISITES;1
PROPAGATE;1
Â€˜CREDIT;2
JANUARY;13
ELEMENTS;17
DESIGNATION;18
2018/1972;1
TRANSMITTING;1
OFFICIALLY;1
ABSORPTION;1
SECONDARY;3
INTERCONNECTEDNESS;2
ENVIRONMENTS;1
SUBCONTRACTING;17
ENCOMPASSING;1
FACILITATED;3
QUALIFYING;3
REPRESENTATION;2
INTRUSIONS;2
Â€˜PARENT;1
CONTRACTING;2
NUMEROUS;3
PARLIAMENTS;1
SUPPLIERS;3
OBSTACLES;2
BALANCED;4
NONCOMPLIANCE;11
ANALYSE;2
RECOMMENDING;1
CULTIVATE;1
RESUME;1
INITIATIVES;2
CONFIDENTIAL;6
2017/1129;1
TRANSFORMED;2
MAPPED;1
ANALOGUE;2
2004/25/EC;1
CATEGORISED;1
PROCURE;1
BOOST;1
TOKENS;3
PURSUE;1
ENDANGERING;1
DEDICATE;1
SIMULTANEOUS;1
ALIGNING;1
INITIATE;1
SUBSTITUTE;1
2000/46/EC;1
ACKNOWLEDGES;1
RISKSÂ€™;1
OCTOBER;3
EFFICIENTLY;1
OPPOSE;1
FULFILLING;3
STATISTICS;1
DETERIORATES;2
UNIONÂ€™S;7
AGENCYÂ€™;1
COSTINEFFECTIVE;1
RISKY;1
PARTICIPANTSÂ€™;1
ENTERING;2
PROSPECTIVE;1
ASK;1
REFRAIN;2
ECOSYSTEM;2
COLLECTIVE;7
DISPROPORTIONATE;4
VENUE;2
INSTITUTIONÂ€™;3
MATURITY;2
TACTICS;2
POINTÂ€™;1
Â€˜INVESTMENT;1
2018/1725;3
PROMOTES;2
EMONEY;1
FOLLOWUP;10
FILE;2
GRADUAL;1
ORDERED;2
GRANT;2
PRUDENT;1
HOLISTIC;1
SECURITY;81
COMPANYÂ€™;1
INTER;3
RESPOND;3
MONTH;1
ENTERS;1
COPIES;4
APPROXIMATELY;1
JUSTICE;8
VULNERABILITIES;11
CONTINUING;1
UNHINDERED;1
OTC;1
DEPENDENCY;1
ENDOWED;2
AGREEMENTSÂ€™;1
EXTENSION;1
SKILLS;5
Â€˜ESMAÂ€™;1
WARNING;1
2011/61/EU;9
ASSETREFERENCED;4
UPDATE;5
2016/97;5
PROVISION;48
COMPLETE;9
SUITED;1
PRECEDING;1
SECRETS;1
MEDIA;2
DEPRIVING;1
INFORMATIONSHARING;8
ALTERNATIVES;1
PROCESSED;4
REMEDIATION;5
ACTUARIAL;1
ENFORCEABILITY;1
Â€˜C;2
OBJECTED;1
COMPULSORY;1
BACKUPS;2
CONSOLIDATING;1
PERSPECTIVES;1
CHAIN;2
PRELIMINARY;3
MICROENTERPRISE;1
1095/;14
TIBEREU;3
PROCESSING;17
ATTESTATIONS;1
SYSTEMATICALLY;1
COMPLAINTS;2
CONTAINING;1
THOROUGHLY;1
MITIGATING;2
Q;2
2009/79/EC;1
SITE;6
SYSTEMSÂ€™;1
GO;1
OBJECTIVELY;1
RED;2
COMMITTED;1
FORENSIC;1
341;2
ACTIVATED;3
COMMENT;1
WELLDOCUMENTED;1
401;2
2013/36/EU;17
AUTOMATED;2
Â€˜EUROPEAN;1
DEMANDING;1
116;1
INSTITUTION;11
TEMPORARILY;1
INSTRUCTION;1
DECADE;1
OUTLINING;2
ENDANGER;2
DECEMBER;11
REGISTER;6
RECIPIENTS;1
CAPACITIES;4
AWARENESS;12
MANAGER;1
DURATION;5
LAWMAKING;2
PARAMOUNT;1
PREPARATORY;5
SUSCEPTIBILITY;1
COMMUNICATE;4
NONPUBLIC;1
REMAINDER;1
CYBER;50
UNAUTHORISED;5
COMMUNICATION;24
2013/36/EUÂ€™;1
DECIDED;1
SERIOUSLY;2
2002/47/EC;1
COMPETITIVENESS;1
ENDTOEND;2
SETUP;1
ACTOR;1
423;1
REPERCUSSIONS;1
INTERCONNECTIONS;3
CONTRIBUTES;4
RESOLVE;2
TRAFFIC;2
MEANING;6
EEA;1
DELAYS;1
MEANT;1
ENCOUNTER;1
MISCONDUCT;1
DOWNTIME;2
AMENDED;13
CUMULATIVE;2
EXCHANGED;3
VOLUMES;1
ADHERE;2
LOCALISED;2
COURT;8
92;2
PROTECTED;3
POWER;24
1272;2
STAFFING;1
1060/2009;15
FALLING;11
DEPOSITORYÂ€™;1
SCENARIOS;9
OCCURS;3
Â€™;4
HINDER;3
INTELLIGENCEÂ€™;1
CENTRALISATION;4
INCORRECT;2
UNAVAILABLE;2
MAINTENANCE;3
UPDATED;7
DEFICIENCIES;2
MARCH;1
OFFICIALS;4
SPECIFICATIONS;2
2009/65/EC;8
ENISA;14
CAPABILITY;1
EXECUTIVE;1
FRAMED;2
ENJOY;1
STRASBOURG;1
DRAFT;38
IMPROVED;3
FUNCTIONSÂ€™;1
PLAY;1
Â€˜TRADING;1
TRANSMIT;10
ADHOC;1
ORDERS;1
SENIOR;5
GREAT;1
ECB;18
NONPUBLICATION;1
SCHEMES;8
2009/138/EC;8
FUNCTIONALITY;1
TOLERANCE;3
LESSONS;3
ENCOMPASS;1
RESOURCE;1
1094/2010;24
COMMUNICATIONS;3
CATEGORISE;1
Â€˜CENTRAL;2
Â€˜ANCILLARY;1
Â€”;3
DEPLOYED;1
ANSWERS;3
CONSENT;1
REMEDIAL;11
ENHANCE;7
AMPLIFY;1
TRACK;1
Â€˜INSURANCE;2
ENDORSEMENT;1
STRUCTURE;11
JEOPARDISED;1
356;5
NETWORKS;3
TAXONOMY;1
TELECOMMUNICATION;1
OBSERVERS;1
FAVOURED;1
FIXES;1
SHOCK;1
SOCIAL;1
INSTITUTIONAL;2
ANALOGOUS;1
DUTIES;16
2009/78/EC;1
DAYTODAY;1
BUILD;1
INTENTIONALLY;1
287;1
PROCESSINGRELATED;1
QUICK;3
ACCESSIBLE;5
382;1
REDUNDANCY;2
RECALLED;1
INVITED;1
ACTS;22
Â€˜E;1
UPHOLDING;1
CONTAINMENT;2
2015/2366Â€™;1
CONTINUITY;50
MONITORED;1
DIRECTIVES;14
OPERATOR;1
2006/49/EC;1
EXPOSING;2
DEPOSITORIES;9
GRAVITY;3
INDEMNITY;1
DEDICATED;13
MOVED;1
INFRASTRUCTURES;10
DISCONTINUATION;2
ENSHRINED;1
CLIENTS;13
IMPEDED;1
RISKRELATED;1
NOTIFY;23
FOLLOWED;6
PAPERBASED;1
2007/64/EC;1
391;1
PASS;1
SWIFTLY;5
PRUDENTIAL;11
EXPLAINING;4
INTERDEPENDENCIES;3
INHIBITED;1
Â€˜NETWORK;1
SCENARIOBASED;2
PREPARING;1
ENDORSE;2
TEAMS;5
RESUMPTION;3
DISSUASIVE;1
COMPOUNDED;1
N;2
BECOMING;4
DELETED;5
BASEL;1
THREATSÂ€™;1
236/2012;1
ESCB;2
INVESTIGATIONS;11
COOPERATION;35
SANCTIONING;3
SPECIALIS;1
THOROUGH;1
UNCOVER;1
CONSUMER;2
2015/;2
IMPACTRELATED;1
CURRENTLY;2
INTERVIEWING;1
OVERSEER;107
EVOLVE;1
TIMEFRAMES;1
WITHSTAND;1
DEPLOYING;1
FIRMÂ€™;2
REVOKING;1
2014;10
AIM;4
TRANSMITTED;3
CLOSURE;1
TRAINING;8
PACE;3
APPETITE;1
OBLIGATIONSÂ€™;3
CONSULTED;1
