WITHIN;42
;113374
WHR;21
AID;1
A;4802
TRAININGS;2
ERRONEO;1
CODITION;18
CONSIDERING;4
AWARE;2
TRANS;28
EMD;7
ING;422
BKOFFICE;1
CROSSSTIAL;1
CCPS;2
DADES;1
INSTITUTE;1
WHERE;89
ERR;9
THOSE;59
MISSIONS;3
COHESIVE;1
ANOMALS;2
SUCH;112
SUPPTING;29
INSTANTANEOLY;1
CONLIDATION;1
CE;348
BODARS;1
ITAL;1
VULNERABILITS;11
HLING;5
CLUDE;3
INDICES;1
AUTHISATION;8
DEM;3
SCHEDU;3
DA’;3
THO;95
DER;144
INEDIARS;13
CATISED;1
FGED;1
PSD;2
CONCLUDING;2
CATY;4
GAING;1
NONERED;3
CHOICE;2
FOOTPR;1
LS;52
OPT;2
SHOCK;1
INENCS;2
MISES;15
ES’;1
ADMITN;3
RAISING;2
DERPINNING;1
CLARICATIONS;1
LENNCY;1
WEEKS;1
HAD;2
COTERTY;5
CSIRTS;3
DURING;9
DIRY;1
MOSTLY;1
SCEPTIBILITY;1
COTERTS;11
ALYSE;3
INSTRUCTION;1
MODEL;6
CHARER;3
VERICATION;3
SUBMISSION;1
FT;14
GOVERNMENT;2
ASIDE;1
JOIN;1
MULATING;4
RDS;85
ABILITS;33
CENTRES;4
FEBRUARY;1
“;7
EMMENTS;1
“ENT;1
EMERGE;5
SERS;4
PLE;5
REVWS;11
IDENTIY;1
ATIY;4
GENUINE;1
CERTAIN;11
LICS;30
GAE;1
DEVOLVED;1
IRES;2
FOURTH;1
TICULAR;5
CERTICATIONS;1
THESE;26
GRANT;2
SAFUARDING;3
THAN;43
ND;21
DDMMYYYY;3
ROOTED;1
AUTIY;1
PAN;11
SP;11
ROSSSTS;1
MENTS;64
COULD;12
FEIBILITY;3
STARDS;69
ABRET;1
COTERING;1
STRATIC;4
CONSIDEN;4
UARIAL;1
CLARY;1
GRALY;1
ALYTICS;1
TICATE;6
CHOICES;1
OUT;142
COTERTY’;1
TR;123
UTILITY;1
PAPERBED;1
STRATS;13
PROMISES;1
MIGHT;6
PTATIONS;4
PROCURED;1
RULAR;11
SWT;7
U;1103
COD;28
STRINGENT;1
SING;30
OVERS;1
CLNTS;14
TAKING;29
STRATY;17
CPMIIO;1
TICATION;13
AHER;4
CONER;3
INDEMNITY;1
WHOM;3
CRTIVE;5
BED;35
ESEEN;6
FEIBLE;3
REMEDS;8
AMPLY;1
DEFTIVE;1
MES;58
DRIVEN;2
WARDED;1
RESS;49
NONMODICATION;1
STS;23
ERCISED;5
THEMATIC;1
CONLID;7
LY;68
RCES;25
NUMERO;3
GRP;2
ERODED;1
CONTINUING;1
LUTIONS;19
ADMITRATS;3
MS;18
AMONG;12
SIDENT;2
SUPERSING;2
CODITE;8
PEL;19
IATES;2
APPETITE;1
RELNG;1
REVWED;6
COLLABON;4
HOST;3
ALOGO;1
PULSY;1
EDENCING;6
MITIGANTS;1
SEVERE;5
BUILD;1
RDED;2
ENTITS’;10
…ENCE;1
THAT;251
MALISED;1
WHOSE;6
AMONGST;2
PLATMS;2
IVE;77
ENCOTER;1
VULNER;12
O’;1
DIALOGUE;1
MODULES;1
IMPERATIVE;1
FILE;2
NO;183
CO;237
C;2068
SEVERAL;8
OMISSIONS;1
GIVE;10
HOURS;1
IRRULAR;1
PDF;5
OUTLINING;2
AUTHITS’;4
FRAMEWK;93
TRAFFIC;2
OPERI;1
PROSPTIVE;1
MAL;7
GIVEN;3
TEMPARILY;1
AERS;3
DELATION;6
EER;2
OVER;20
EFFICNCY;4
OFLE;1
COPY;2
RE;797
STED;4
TNERS;1
TIL;8
IV;97
TOWARDS;1
SUB;72
VENUE;3
DEPLOYING;1
INDICATING;2
ANYWHERE;1
DISTANCE;1
BY;339
CONTRS;3
PRI;12
WHICH;136
WLD;2
OFFICES;1
MAJ;61
WARNING;3
AE;8
SUBSTITUTE;1
M;1100
PLA;7
HWISTING;1
WITHOUT;34
APPEARS;2
PEV;167
TERRITY;6
LOG;13
WARD;3
ENT;687
AEENPDF;1
OCE;7
EE;118
TRANSMATION;1
URGENT;2
MON;65
ESEE;8
BENCH;2
HTTPSWWWTGOVFRAMEWK;1
CIRR;1
TICATING;3
RANGING;1
PETENCES;5
IGIL;1
ATIVES;8
STATISTICS;1
ARE;146
INNOVATS;1
DESCRIG;2
G;1137
SURE;16
FILITS;6
ATION;325
SAD;6
OPTIN;1
ANNOCED;1
CONTRIIONS;1
TICANTS’;1
EVOLVE;2
MATURITY;2
PROGRAMS;4
SSESS;4
T;11115
PELTS;17
GR;216
R’;16
DISATE;4
ERVW;6
ATTK;6
PEN;35
COTRS;11
GL;1
MENTIONED;4
CALIBN;1
SHE;1
DA;33
WK;159
PRIITISE;2
FROM;116
FEW;4
RENOTIATING;1
HENSIVE;17
DERLY;4
STARDIZED;1
NESS;11
ENPSING;1
REPTION;3
TERL;24
INENT;14
“LY;1
LAL;36
INLVENCY;4
ALERTS;2
ENCE;33
CTY;1
NED;33
PHISTICATION;1
CRYPTO;7
CONTAIN;6
DIS;40
SCREENING;1
YERS;1
BIC;2
THNOLOGS;5
OPERATS;9
QUIS;3
REQUIS;1
CHAIRPERNS;1
JEODISE;6
OB;10
ESTIMATION;3
TKS;24
DILIGENCE;3
TRANSENCY;2
RELUTION;17
SURES;2
AUTHITY;23
TICAL;3
GO;8
CONSIDERABLY;1
FILITATION;2
ENPS;3
OUTURCE;7
DE;269
PERTISE;9
AUTICATION;1
INSURTH;1
REMEDIATION;5
SPIRIT;1
NOTIATIONS;2
BIS;52
PTED;21
BODS;4
EION;9
SUPPTS;3
PRUDENT;1
ALERT;4
EFFICNTLY;1
ARY;13
ICATION;58
SUBSTS;6
REAFED;1
LESNS;3
S’;23
FSB;2
CONDUCIVE;1
DFICULTS;3
VEIN;5
CHOOSE;1
OP;41
SUBSTITU;3
REY;67
SUPPT;50
DOMINTLY;3
MONTH;1
ENCRYPTION;1
PANS;5
MITTED;4
IDENTI;3
CTAL;1
SUPPTED;6
DISCHARGING;1
TO;1392
HEARD;2
L;1783
HTTPSWWWFSBGREYREPT;1
ENCS;21
PTS;26
PERPETD;1
ESTIMATING;1
HTTPSWWWPAENCLSICATIONONOMY;1
SRATION;1
ENSHRINE;2
CONSIDERS;4
CONSIDER;32
SSESSING;1
ALOGUE;3
S;4182
OPINIONS;1
CLSICATION;6
TLY;17
CEDENTED;1
OVERVW;2
NDERANCE;1
Y’;8
LISLATIVE;8
TLEMENT;9
WKLOADS;2
PROSEING;1
JUDICE;19
CUMULATIVE;2
MAKE;10
GREAT;1
HTTPSPAINFOSEN;1
ONOMY;3
HOMOGENEITY;1
SUBCONLID;2
INTED;1
SIMULTANEOLY;1
CISE;35
APPRAISING;1
TRAN;29
STAL;4
WOULD;30
TAKEN;15
RS;301
SMENT;2
BDERS;2
REDDANCY;2
MT;4
ATTK’;1
HA;461
REVOKING;1
ARM;1
PHISTICATED;1
CONSENTS;3
PETENCE;6
SIX;1
GOES;1
CROSSSTAL;1
ERLINKS;1
DNESS;7
REY’;5
INCRT;2
EMPLOYING;1
RUCTURING;3
DEATING;1
HTTPSWWWPAPUBPDFREPTSREPT~;1
CHANGING;1
SUBSIDIARS;3
FEWER;3
CHAPTERS;3
PSTN;1
ERCISE;32
SIMULTANEO;2
INSPIN;1
ROOT;3
ISSUANCE;2
KED;5
SUPPLRS;2
IVATED;3
AY;5
REVOKE;2
STRAIN;1
REPTS;22
INDICATION;1
MANY;2
AT;915
FTWARE;8
SD;9
REPLY;1
RD;116
THIS;210
FRAMED;2
CONSIDERED;13
SUBSIDIARITY;1
CERTA;12
IS;620
ERVWED;2
AROD;1
IN;1447
TH;4711
MOBILISE;1
MINIMIZE;2
ISSUING;2
HOIC;3
ESCB;2
DUR;10
MAKING;6
D;1438
SWD;1
CESSATION;2
PLITY;15
LETTERS;1
Q;14
REFRAINING;1
–;3
COPS;4
TAI;22
PERL;17
ONE;66
WHO;15
RISTER;6
PS;22
IMPTANCE;12
AMPLICATION;1
REPT;74
ICED;1
CH;330
GRA;208
PERTS;9
AMINE;2
NESY;1
ERS;59
ABOUT;8
HINDERED;1
ANONYMISED;3
MATCH;1
PL;86
ION;579
COTER;19
TRANSSING;1
WTH;1
ATTKS;2
INSIGHT;1
EQUPED;3
PEAK;1
SUITED;1
BEEN;37
DISGGEMENT;1
ATED;7
GILANT;1
TY;508
AP;251
CATS;3
CROSSST;5
COURSE;2
DO;25
UBIQUITO;1
SPEED;2
IT;1373
MADE;2
CHAIN;2
HANG;49
OUTSIDE;8
WARRANT;1
SIMPLD;4
WILL;5
ISING;6
ALYSED;1
K;317
AGRAPH;194
ENTLY;5
PLAS;2
INFRINGED;1
CONTAINMENT;2
REVW;50
TELEPH;7
ENOUGH;1
RESION;3
CHAPTER;18
BA;52
INFRINGES;5
MISSION;11
INHERENT;1
PROPAGATE;1
BOLSTER;1
REDRESS;2
SERT;1
SU;320
E;9107
ALLY;4
PATTERNS;2
X;181
ENTITS;362
OBJT;4
PCES;1
ISED;17
CIAL;2
LIAISE;1
TRANSMIT;13
CLA;4
VOLUMES;1
TELEPHONE;6
RISTN;1
VENUE’;1
WHICHEVER;1
RIGO;1
DEPLOYS;1
MEDIA;9
DOUBTS;1
CAN;65
AUTOMATED;2
ERRS;1
PROCURE;3
NLIGENCE;2
CONSIDENS;1
MAKES;3
FILL;1
CONTR;7
PATCHES;2
TRK;1
LKIT;1
APPROX;1
CPATE;4
STAT;5
RESIONS;2
OUTURCING;12
CCP’S;1
DISD;1
DISRUPTING;2
WITHST;2
MTFS;1
CONFRONTED;1
DEROGATION;1
THEIR;146
ITE;16
SENI;5
TAKE;54
STRENGED;2
OPPTY;5
MOST;4
TAKES;6
FRAMES;1
CLSY;5
INVENTS;1
CHOSEN;1
CONTT;23
SSED;18
AUTHITY’;1
ANCE;56
THOUGH;1
RALLY;2
ERCISES;4
MAT;23
MESS;1
SIGNICANT;33
DERPIN;3
ILATION;1
SEMENT;1
DESIST;1
LIVE;2
RNING;5
BOOST;2
LINKS;2
DERSTING;4
PLATM;3
REONED;9
DISTTIONS;1
IATE;6
MIG;11
ONOMS;3
COR;2
GENEN;2
RETENTION;1
KGMENT;1
INITIATE;1
MENTD;19
EDNESS;5
PROPRTARY;1
INIGATIVE;1
HIZONTAL;4
MOMENT;1
TENSION;1
CERTICATION;2
ES;501
TOLERANCE;1
GAATIOL;9
SUPPLD;2
WARE;12
GAATION;2
ITED;10
TRANSMISSION;5
SERIOLY;2
AG\OCX;167
RTICLE;364
CROSS;18
LESS;4
ROLL;2
FRAMEWKS;6
CHANGES;21
LISLATION;19
ROSS;40
TK;33
INDENT;1
MONIT;50
Y;1249
MONITED;1
DRING;1
DEPLOY;5
THEREOF’;1
MULTRED;1
HAVE;82
SISTED;3
SERVATION;3
RAL;32
STREAMD;2
DEFICNCS;2
DISSUIVE;1
INGS;7
RESILNCE;85
CARRD;7
STIAL;3
UPTO;2
TEMP;7
GROD;3
PURSUIT;2
EQUMENT;1
ERTATION;1
DED;35
WKED;1
ANY;100
DERED;16
RITY;40
AGRAPHS;11
INSPT;1
CHANNEL;1
PIRY;2
INS;13
DONE;3
…;6
DESTROY;1
DINTINUATION;2
CONCLUDE;2
STRENG;5
ST;281
MODICATIONS;1
DERS;14
PRIITISES;1
SCANNING;2
PERT;22
CLUDING;5
THROUGH;67
NONOBJTION;1
IMMEDIATE;2
PHE;3
GENERALLY;1
ALL;112
RS’;4
PED;4
MICATE;4
SERIO;7
OFFICE;3
BOTH;6
DANGER;1
TENT;8
OWED;3
ATATIONS;1
LE;426
“”;2
SURITISATION;4
ADHOC;1
IO;610
FRAGMENTED;1
TIAL;6
IMP;82
LA;112
BEING;12
THERETO;3
DEDICATE;1
ADSED;1
MONITING;34
UPGRADING;1
ICES;7
LT;32
BEL;1
H;5928
CONERS;1
REPETITION;2
STARD;78
PLAIN;1
FIXES;1
ANONYMO;2
PRILES;1
IMPTANT;61
QUICK;3
ICE;35
SUBSTITUT;2
REPERCIONS;1
THERE;23
PAND;3
UM;24
SRB;1
HYGNE;2
URGENTLY;1
STATUTY;2
CONTAINING;1
PLEE;3
ENJOY;1
BETWEEN;31
PURSUING;1
SS;145
PANSION;1
WEIGH;2
ME;463
AN;622
OUR;7
OLD;1
NCS;26
LOSING;1
RINSIY;1
SWTLY;5
OFF;4
CTS;1
ST’S;4
ADMITRAT;6
CLSD;5
ADHERE;2
ENSHRINING;1
III;17
”;7
ERTED;2
REMIT;5
COENT;1
DEPLOYED;1
RES;161
CEDE;2
CA;169
CATISE;2
REM;21
JANUARY;1
ANN;18
OVERARCHING;1
PLILY;2
UP;105
ENCRYPTED;1
PIARY;1
V;537
INHO;3
REVWING;1
RIGID;1
SENT;8
SIST;10
TURE;4
CHANGED;5
CEE;3
CONLI;8
AUTHITS;174
ATE;66
BRELS;1
MULTIV;2
RPNTS;1
NLIGENTLY;2
OTHER;101
MULTITUDE;1
URGENCY;1
\OCX;170
JEODIZE;1
ITY;90
BIRAL;1
INENTLY;1
LIAMENTS;1
GING;5
CHK;1
EFFICNT;5
REVEALING;2
PROMISE;4
SUPERSS;10
TREME;1
THEREOF;13
MATURE;1
LOOKING;1
PERN;44
CONSTRA;1
SCANS;2
PLOITED;1
ATTAINED;1
IM;115
ENSHRINED;1
ATTAIN;2
STEERING;1
RED;34
LIMIRY;3
ATING;17
REE;22
PT;262
EN;1211
REAL;2
DEMING;1
TKED;2
JON;1
ABOVEMENTIONED;1
SURITS;14
INSUFFICNCY;1
PERNCED;1
INSUFFICNT;2
DESTRUCTION;1
MOD;14
EIVE;2
REDUCTION;1
BE;400
THEY;40
MIGN;2
DEVOTE;1
ATY;31
DAILY;3
GOVERNING;1
SUPERSS’;1
STRIKE;1
MODALITS;3
REFAL;2
CR;45
PHES;2
DISC;4
CERTD;2
SIGNICANCE;3
CONLIDATING;1
FS;4
OF;1999
LITIMATE;3
ABSPTION;1
SUFFICNT;16
INSPIRED;1
RONSTRUCTING;1
ATIONS;19
URCES;6
ATTRED;1
CRYPTOGRAPHIC;2
LER;8
PERNCE;5
VW;80
NOTIATING;3
OCCIONED;1
ITS;729
OLOGS;8
CONCENTN;15
SRETS;1
TELE;8
BARRRS;1
EREDNESS;2
TICS;4
LIHOOD;1
TRANSENT;2
ITION;41
MIX;1
TKLING;1
DISTRIION;1
MUCH;1
SERVE;5
DEEPLY;1
SIGNMENT;1
RIME;11
INGFUL;1
……;1
MINDFUL;1
ANGER;4
WKINGS;1
EFTS;3
HTTPSWWWPAMLPDFGCT;1
TRANSMED;2
BEHIND;1
ENGES;1
B;1108
CONSENT;4
SERIONESS;1
TALY;1
ADHERING;1
CEDING;1
TAL;12
CRUPTION;2
RANSMISSION;6
WKING;2
SUPPLR;3
RESILNT;4
NON;19
DEF;6
PERNS;21
LIAMENT;53
BKGROD;1
EMPLOY;3
ERENCS;3
ENSIVE;20
FLIBLE;4
DEFENSIVE;1
ST’;5
STAGNOSTIC;1
R;3508
REPTED;7
CLARD;1
VOTE;2
OPINION;4
HTTPSWWWBISGCPMUBLDPDF;1
J;100
RESILNCE’;1
NONPERL;2
TWENTTH;1
TICANTS;6
O;6016
CLOSURE;1
OPERAT;13
SEAL;1
EP;101
’;124
OBSERVER;2
SPEEDING;1
HVE;11
CROWD;1
THEREFROM;1
II;44
DOMINT;4
HINDER;4
REPAIR;1
AUTHITS”;1
DADE;2
EH;28
MITIGATION;4
THE;3557
PERCEIVED;1
ETHICAL;1
RESSING;12
URCE;20
RESNSIBILITS;6
SAFUARD;12
CER;18
LISLATIONS;1
PAPER;2
REON;14
’S;31
AUTOMATIY;2
STRUCTURING;1
RIONS;4
ISERS;1
SENCE;2
APPLIC;26
SIGN;40
PING;3
DOES;8
PRIITY;2
EMERGENCE;1
DUTS;15
IVATION;4
ENCY;18
CRIME;1
SCAL;4
PITURE;1
AEMENTIONED;1
AUTHISATIONS;1
R’S;10
GRATY;3
WITH;292
REQUI;2
LEVD;1
CHANGE;37
HN;6
MULTIDISCLIRY;1
LITTLE;1
OBJTION;3
REINCING;1
BEYOND;2
TS;986
SUPPLS;1
DLOAD;1
ITIOL;12
SAFUARDS;6
ABSENT;1
UPDATING;1
TRAINING;7
THEM;19
REY’S;2
DEPRIVES;1
MIMICS;1
DREE;5
REONS;3
PROCUREMENT;1
DISTER;7
IDENTICAL;1
SED;38
ITSELF;1
CATER;2
ICATIONS;5
NINE;1
PERNCES;1
GIRO;1
ALIA;1
ABIDE;1
REFRAIN;3
ENLARGING;1
DES;9
CCP;8
DEEPENED;1
CONCRETE;3
LSE;3
CODIT’;1
ANGERING;1
IBLE;12
ATATION;4
ANT;107
CONFIG;2
BEHALF;2
TED;63
AA;13
AL;360
ANCHED;2
MIS;38
ERED;23
MISS;12
TENSIVE;1
EROPER;2
OBLIGED;2
THEMSELVES;6
MODD;1
ER;800
IMPAIR;3
AG;369
OUTURCED;4
CTP;1
CROSSBDER;12
TIBER;3
TEMPARY;1
ESCALATION;2
CONCEIV;1
KD;2
OUTS;9
ITIOLLY;3
“ES”;1
ONCE;20
GENERAL;15
ARTICLE;363
MULTLY;1
INHIBITED;1
DEPRING;1
TT;52
SEEN;7
HE;3744
SPICION;1
ED;374
MOTIVATIONS;1
MOARY;2
STARDISED;2
MENT;232
AMITION;10
WARNINGS;2
NDA;1
STE;21
P;1200
THROUGHOUT;12
RESSED;17
JEODISED;1
SMENTED;1
RUPTCY;1
PROPAGATS;1
ABOVE;2
OPS;6
INIGATY;1
I;5817
COUP;1
CULTIVATE;1
STEAL;1
TRANSMITTED;2
ENED;3
THREE;15
PE;363
SISTANCE;5
TING;92
APA;1
TION;424
WHAT;5
F;2393
ROLLOUT;1
DISTTED;1
ON;1212
HVED;4
N;4982
ENING;2
PROPAGATION;1
ALTEN;1
SUBAGRAPH;47
BIA;4
JOURL;2
DEFENSE;1
DERST;7
WKS;9
AUTOMATIC;1
ILY;7
RESE;1
ISATION;13
ALYTICAL;1
SURANCE;4
CODITED;5
WHEN;57
ENSIC;1
ATIVE;27
TRANSMITTING;1
RELVE;1
LUTION;38
GRPING;1
IX;4
TWO;2
SHT;2
CLNTS’;1
GRODED;1
REVOKED;1
SE;285
REING;1
CEPT;5
RESSEE;2
AS;7
