;269478
FRAMEWK;22
KA;2
RANMWARE;2
MINERS;1
SIDE;135
CHANGING;9
MT;13
STED;8
TS;1258
DNESS;5
ATIVES;3
MODD;49
OUT;282
LICS;33
OBLIGED;1
GROWING;1
REAL;5
DIS;102
AGG;2
REF;24
REPT;55
CONSIDERING;6
WHR;75
BED;20
NLIGENCE;2
CRT;28
ITION;28
UMBIGUO;5
PURCHED;2
MINING;1
L;4166
SEIZE;1
ERVWED;1
LIAMENTS;1
CANCEL;12
MINUTES;1
CONCLUDE;6
DISCHARGING;1
TAKE;143
MERCHANTS;3
HIS;555
EF;49
CLNT’S;17
GIVES;7
LIAISE;1
OFFICER;11
THERE;97
AB;113
FITIO;1
ENCING;18
REPETITION;4
ONCHAIN;2
CLARY;1
ERT;63
HE;9552
AERS;2
MODY;5
ADVERTISEMENTS;2
SCRTURAL;1
TR;201
BF;1
BKET;3
WHICH;288
CRYPTO’S;1
REMEDS;2
NONRINSIC;1
ITALRAISING;1
DELATION;12
HISTICAL;3
MHINEREAD;1
BKING;8
ANCE;79
MIT;162
PRILE;2
OPERAT’S;1
AN;1970
CATY;11
SIGNMENT;1
DISTRIION;9
THEFTS;2
ATED;16
REPLY;1
SEVERAL;15
SERTING;1
GENERAL;16
ADMISSIONS;1
CANCELS;1
ATIONS;54
DFICULTS;3
CHANGE;111
SSLY;4
LI;588
ATIVE;23
CONSEIVE;12
THEIR;397
HISTY;1
ALLYFRNDLY;1
NODIRY;1
SUBSISTS;1
ATTHING;1
GRED;1
RD;268
SUFFICNT;20
RUMOURS;1
OTHER;309
COLLES;6
CHEAPER;2
SIMULTANEOLY;3
TELEPHONE;13
SUBAGRAPHS;2
PERL;24
MICATE;24
RULARITY;3
MATURITS;2
CB;11
SSESS;9
VOLUME;22
TOMODEL;2
BB;5
CANCELLATION;6
PHISTICATION;1
INED;10
OLATIONS;1
OP;130
REPTED;2
PROOF;11
SSED;19
III;24
HOLDER’;1
NCBS;2
TNERSHS;1
MOMENT;12
INING;16
PURPTING;1
CRYPTO;1840
AMITION;2
HOURS’;1
ADSS;3
LEIS;1
WITHOUT;87
COTERING;4
ADVERTISED;2
NON;62
NCS;24
ERBATE;1
PURCHING;4
AL;595
LIQUIDAT;1
CTODIANS’;3
PRT;19
SING;43
AUTOMATIY;3
SPEED;1
CHAIN;8
ID;202
AA;29
SUPPLD;1
DOMICILIATION;1
UGHT;10
CRYTO;1
WKS;7
TICATE;4
SERVES;2
REFRAIN;1
STAT;3
CD;1
CAN;441
OLDER;221
RESERVE;219
QUARTER;3
SPT;23
REDED;2
OUTURCED;3
ANNES;2
PERNCE;18
JEODISED;1
PAND;5
TOKEN’;4
OVER;30
CLSES;1
OFINB;380
ONE;134
SPS;1
TH;11521
BUY;10
GOAL;3
TRANS;79
CONTRIION;1
GB;1
NONPLIANT;4
MERGED;1
VEREIGNTY;16
ESCB;4
REFALS;1
FRAMEWKS;3
COPY;2
CLSY;6
ANONYMISATION;1
RCES;20
DERLY;26
NONDISCRIMITY;12
INLVENCY;14
SD;21
CROSS;15
REFAL;3
DEPTH;1
GRANTS;1
SPICION;3
QUALICATION;4
Z;6
DUTS;31
MONTH;8
TRANSMITTING;1
REONED;4
EY;198
WHOM;5
ARBITRARY;2
EFTS;5
NONLE;2
S’;37
TRANSMIT;15
SSESSED;1
BI;142
ATION;936
BUYING;1
WITHIN;122
CRTIVE;3
JA;2
TROUGH;1
THEMSELVES;4
LY;142
DISATE;8
SAFUARDS;3
DERSTING;1
WHITE;261
BARRRS;1
EH;142
HOIC;6
RENOCED;2
JOURL;2
PETENCES;6
OF;5441
HOLDER;220
INIGATING;1
RIME;9
ATION’;1
THE;8735
LT;78
CHOOSE;1
TLEMENTS;1
DURING;22
CON;266
AGRAPH;502
WALLETS;1
SEQUESTN;1
CISE;59
LE;1071
PROFESSION;3
REJTED;2
EE;298
REPTS;4
TAL;24
ERRONEO;1
ER;3191
EFFICNCY;3
TICKER;2
CRIMES;1
DELATIONS;2
AUTHISING;1
INCENTIVE;4
OFFICES;2
PERT;16
REONING;1
ICATION;107
AID;3
EES;1
TURE;5
CONTT;16
TERRITS;1
SS;487
RESSES;10
CHOSEN;3
SUBSIDIARITY;1
SUBSCRTION;13
PT;2060
UATED;5
PERNS;186
BELVE;2
H;15460
TERL;4
J;460
RULATING;5
TICATING;2
ITED;20
COINS’;1
IM;92
CONSENTS;3
TK;47
LICE;1
OUTURCING;10
REPTION;12
EIGN;17
NONFGIBLE;2
YING;5
THAN;128
RIOL;5
COLRAL;3
BA;130
TE;734
FRAME;29
SCHEDULE;2
THOSE;216
II;65
ABB;4
OFFICE;23
STEMS;1
R;11385
SUBCATY;4
CONSIDER;70
SENTING;3
DED;62
CTODY;92
PERTISE;9
MONTHLY;1
SUBSIDIARS;3
RA;739
DISS;12
INSUFFICNT;1
HAD;5
ELIGIBILITY;2
ENERGY;9
CONFION;1
TERRIST;17
GRATY;1
MOARY;36
ADMISSION;186
ITS;747
ND;58
VOLTARILY;1
BNE;2
REIMBURSE;5
DEMONSTR;4
SIDENT;2
VW;62
OLD;243
CRYPTOGRAPHIC;3
NESY;7
SURE;15
ERCISED;8
SHE;1
BY;749
ION;1540
INITIATES;1
IMITY;14
DAILY;4
V’;2
DUTY;3
HVE;3
CONVED;4
MODEL;13
HA;1532
NONCE;4
LVENCY;15
ES;880
CONCLUDING;6
APP;155
PIRED;1
SAFUARDING;2
A;12089
SPTED;3
DEPTION;1
MES;106
MMF;3
DISSING;1
OA;40
ROCESSION;2
CEED;5
CONVEYED;1
THINGS;2
PROPRTARY;4
DLT;21
REQEST;1
OVERSUBSCRTIONS;2
PROMINENTLY;1
TICANTS;9
MONITED;2
LOST;4
SERS;1
OPERAT;41
VOICED;1
OBLIGES;1
PRO;58
OFFICER’S;1
AR;1687
DENOMITED;10
VOTE;2
AT;2409
IA;206
ANY;427
COHERENCE;1
SERIO;22
ITALISATION;5
TING;99
SENCE;1
LIAMENT;105
SUER;7
DISTRD;22
LISLATIVE;7
FRAGMENTATION;2
PROMISED;1
OMISSION;8
EA;65
PROMOTION;2
TIL;25
NONMOARY;7
CODITION;8
BD;13
MAT;70
TELE;14
BUYS;1
GANIZED;1
AP;973
ON;2892
PROMOTING;1
DOMINT;1
PLING;24
OUTSTING;4
STE;72
TEMP;23
CONSIDERED;39
SAFUARDED;1
FLD;6
MISSING;9
ATT;8
SIGNICANT;345
ISSUANCE;30
DOING;5
MOST;7
NONSIGNICANT;2
REMOVAL;2
THEREOF;44
CONLID;5
CLSD;11
SPTING;9
TERRISM;9
S;8759
RESSED;16
READY;1
DEFICNCS;8
ALGITHMIC;2
THNOLOGS;5
EIONS;1
MATS;10
STRINGENT;4
PTFOLIOS;5
NESS;15
RISTRARS;1
PING;3
’S;90
STABILISING;5
DENOMITION;6
SUCH;349
–;16
CERTAINED;2
CLS;50
FT;16
OUTLOOK;1
SEAL;1
INDICATING;9
SERIONESS;4
RETED;3
CLOSING;1
LOYALTY;2
BEHALF;88
OFFCHAIN;2
PERLITY;1
ER’;5
COPS;1
DISDERLY;2
CLNT;215
UP;84
GOVERNMENT;1
WITH;609
RDS;179
LIQUID;14
INDUCEMENTS;3
DEROGATION;14
AML;9
WARNING;15
AS;35
TRANSSING;13
ISSUING;25
TRANSLATION;3
CHANGES;25
RESILNCE;5
MAJ;4
ENT;776
LEVD;1
EED;15
TWELVE;1
SKILL;3
GAATION;10
TLEMENT;15
LS;79
CONSIDERS;6
MENTS;180
TENSION;2
CEE;13
ADMITTING;2
CLNTBYCLNT;1
RESNSIBILITS;23
HOSTING;1
DB;3
REVWED;9
DEING;2
ULENT;4
HINDER;1
ENTITS;56
EFFICNT;7
MICATING;2
PAPER;261
LOED;1
INIGATIVE;7
ARCHIVE;3
PERN;411
PENTIAL;4
ADMIT;76
STUDD;1
HTLY;12
TICULAR;6
RINSIC;2
REY;35
SRMR;1
TRANSENT;16
IMPT;13
DELIBENS;1
NLIGENTLY;6
EION;46
SUITABLY;1
COTERTS;1
ISSUANCES;3
MIGHT;16
MODICATION;12
NINE;2
ANONYMO;4
COTER;12
ED;694
NONINENT;1
ERRUPTION;8
ATTK;3
DENOMITE;11
COERCIVE;2
ENMENT;1
TA;519
TOWARDS;5
TRANSMATIVE;1
OCCION;10
PETENCE;8
SIMPLD;2
MISES;5
NCA;1
SUBSCRIBE;2
IMPAIR;2
REE;40
IDENTR;11
SIGNED;1
DISER;2
INHERENT;1
SIGL;3
AUGT;1
EING;28
PEAK;1
REONS;3
D;3638
REPURCHE;2
OFFENCES;9
SEVERE;4
EVADE;1
CIATION;7
PGED;2
COTRS;24
THROUGH;40
LALITY;1
PTFOLIO;28
MICATES;2
RULAR;25
O;16439
JUEMENT;1
IN;4167
SED;41
LETTER;5
INDICATION;7
IMPTANT;6
HRARCHIY;1
THIS;524
ESEE;4
PRUDENT;9
AHEAD;1
PENSES;4
STRATS;1
PURSUIT;2
JUMENT;2
RESILNT;6
ERTATION;1
SMES;2
CANCELLING;1
TEMPARILY;4
CONONS;4
QUITTAL;1
VAIL;3
FRAMES;2
REMITTANCES;1
DESTABILISATION;1
PAPERS;28
NEAR;1
AUTHISE;1
GAVE;1
AM;179
E;22084
IBLES;1
DISRUPTING;5
PROTRED;2
SRATION;4
COURSE;2
REVOKED;3
TWO;21
PERN’S;2
CLSICATION;21
TAKEN;57
AFD;3
PHES;2
APPEAR;3
CONTR;8
URCES;8
INSUD;2
CEPT;13
WKING;96
CP;5
TRUTHFUL;1
ADVERTISES;1
PLATM;182
VWS;2
OPINIONS;12
PERNNEL;1
PURCHERS;10
MISATIONS;1
KS;63
FA;18
OBSERVATIONS;16
IDENTI;12
MODYING;1
VERICATIONS;1
BIS;76
COD;17
ROUTING;1
ERED;71
PROCEDURAL;1
AUTICATION;1
CRYPTO’;10
INFRINGED;30
CODITE;7
PIRY;3
BEYOND;4
PTED;13
OUGHT;4
CLA;9
BUILDING;1
PLA;233
ANTI;8
DA;25
LINKS;9
AUTHISATIONS;5
VOICING;1
HIZONTAL;1
TY’S;1
DEIZED;1
AFDED;2
ICE;86
NING;41
PERSISTS;1
PLAIBILITY;1
BK;14
CHAIR;6
TICATION;4
DERED;42
OFIN;381
SUBCATS;1
CHAPTER;27
AHER;37
CLNTS’;19
APPLIC;149
SURITISATION;4
BODS;16
HOST;26
ATS;31
ABBREATION;3
DEM;10
RISTER;61
SURES;5
BON;4
ADMITRAT;4
CPATE;1
AMONG;13
LIABILITS;1
DE;1026
SURITS;17
P;5210
RGPJK;380
GER;20
IBLE;33
HEARD;4
DEAD;10
DFICULT;5
TLE;18
MODICATIONS;5
STRATIC;1
ME;791
HKS;2
LEI;2
TERRITY;2
CP’S;1
ING;1240
MIS;285
TO;5280
SIGN;350
K;1035
OCCIONED;2
NONCOOPERATIVE;1
TENT;8
COINS;3
HOLD;236
GOVERNING;5
CHOICE;5
AMTISED;1
SP;71
UPTAKE;1
ISE;96
BID;10
AMS;4
INGS;18
SIGNICANCE;2
GO;12
STARD;168
SAD;2
ABOUT;69
IX;8
CIAL;7
PERTS;5
PROMISE;2
SIST;13
’;204
MAJITY;3
PED;9
DEPLOY;1
SURROGATES;1
Y;3899
CONSTITUTING;4
CPS;2
JD;1
LIS;64
PEL;32
DEROGATIONS;1
‐;10
ALERT;1
ATE;114
DEED;2
OFF;36
PELTS;31
PERCEIVED;1
ICS;34
CRD;1
MAKING;12
GING;24
ALLEL;2
MANY;2
STREAMLINING;1
ABMAL;2
ERVENE;1
PLAS’;2
REJT;3
M;2384
OLATION;2
HEARING;1
CLNTS;149
REMEN;12
HENSIBLE;4
DISTRIS;2
LD;339
CESSATION;4
RETALIATION;1
FGIBLE;15
WHO;54
MENTIONED;6
ROSS;18
HYPERLINK;2
CONTA;53
DISCRIMITY;13
SURING;2
ABIDING;6
COULD;21
QUALD;10
FGIBILITY;1
THEFT;3
SIDENCY;1
BRF;7
COTERTY;6
ADMITN;29
INENT;29
CONTRT;1
INFRINGEMENTS;43
MONITS;1
CLIMATED;1
THEY;157
INIGATY;5
HLING;20
T;25412
INS;69
RTS;13
ITSELF;11
TAKING;41
CLIMATE;13
EER;2
SHT;4
FIGHT;2
DINTINUATION;5
FILE;19
ALL;186
ATIVES’;1
OPPT;14
APPRAISAL;1
HARM;5
ERTED;1
EVOLVE;1
WARNINGS;2
MATIONS;4
LISLATION;34
WHITEPAPER;4
WDS;3
BATTING;2
CHAPTERS;5
ST;475
AFING;2
BEL;13
CONON;5
TRAFFIC;4
THEM;39
DISTANCE;2
LIHOOD;1
TAKES;3
WK;141
CTOY;10
TOCONER;2
Q;42
REVW;52
DEPRIVED;3
TY;236
CONSENS;19
HOLDERS;185
U;2115
REDRESS;2
ONER;20
HENSIVE;10
NORY;1
PE;856
SUBMISSION;2
WEEKS;2
CONSENT;9
CONSENTED;1
……;2
ENCUMBERED;3
ILLI;2
ATTKS;2
KIND;3
F;6432
CONVENE;1
TEMPARY;10
CURRENCS;13
RISTERED;24
MENT;507
ERVW;2
TRANSENCY;2
CTODIANS;33
AUTHITS;314
TRUE;1
CLARICATION;6
INIGATED;1
CROSSBDER;11
TOKEN;132
ENCE;46
ONCE;27
EMPLOY;12
EREDNESS;1
INFRINGES;127
INENTLY;4
RITY;25
STARDISED;1
PLEE;55
FI;491
LUTIONS;2
INCRT;3
RE;1963
CLNT’;18
FALSE;13
CONTRICE;1
IO;1635
IDENTICAL;6
MOTIVATED;1
RS’;7
JUDICATA;1
CONCISE;3
HOURS;4
ANONYMISED;1
IMMEDIATE;3
RISTN;10
PEDITIO;1
CARRD;10
GIVEN;17
ENPSING;1
BOTH;11
RDED;3
WHEN;151
STA;197
ONWARD;1
IV;125
NONCTODIAL;1
BAN;4
ARITY;5
CONTAIN;47
URGENT;2
LOSE;2
RELEE;1
MLTF;5
THESE;31
WHAT;3
JB;2
CH;888
OVERLAP;2
NEVER;2
CTODIAN;40
WOULD;48
MEDIA;5
OMISSIONS;5
AY;4
ITE;290
VOLUMES;5
TRANSATIONS;1
MATCHED;9
PAN;17
MON;56
UTILITY;16
ENGLISH;1
MS;39
PLD;7
ALLY;13
WHOSE;11
PLI;188
WHICHEVER;2
APMENT;15
RESS;88
TRK;1
DESCRIG;2
THREE;12
HALT;2
NO;270
STRATY;3
SUB;148
COLLABON;2
INSTRUCT;1
FLDS;4
CONSTITUTION;1
EARLR;1
SUANCE;31
TNERS;2
FEIBILITY;4
COTRS’;1
RNING;22
CHOICES;1
INSIDE;43
STABILISE;2
OPERATS;7
MADE;44
FOURTH;1
CHANGED;6
MAKE;53
BRRD;2
PURCHE;50
BROWING;2
INEDIARS;1
SISTANCE;6
ZING;1
RB;5
ADMITTED;40
REVWING;7
SPHERE;10
GRANT;14
SUPPT;6
GENUINE;1
TAMPED;1
DERMINE;3
QUALS;1
GATEER;1
MAL;5
SERVE;222
I;13864
IVE;114
DO;116
DILIGENCE;5
OBJTION;1
CA;644
NONHATIVE;1
HVED;2
REPEATED;1
ERCHANGE;1
SERTIONS;2
SENTATION;5
DEATION;3
SPENSIVE;1
FILITS;1
PROSEING;1
HAVE;224
CC;13
DISSEMITING;2
APPEARS;1
RESSING;6
CONSIDEN;6
THROUGHOUT;6
ITAL;19
BC;6
INITIATED;6
PLATMS;16
PLAIBLE;3
INDUCEMENT;5
ALIA;7
IRI;2
CHARERS;3
WKED;2
DERST;4
R’S;49
N;12425
EMISSION;4
DISTR;35
FROM;206
HB;1
OPS;2
IRRULAR;4
ARTS;6
DISSEMITED;6
PER;787
OUTSIDE;12
WARRD;1
LETTERS;1
REALS;2
CERTAIN;27
MITTING;6
CIRCUMVENT;6
RS;683
CONER;19
SHTINGS;3
CIATIONS;4
WINDD;3
TIAL;5
RELUTION;17
BDERS;1
STING;7
ATY;23
QUOTES;1
INTE;1
AMLCFT;6
RING;323
PITURE;1
AMINE;5
TRIBUL;2
IB;77
ITIOL;30
CE;448
JEODISE;4
INCENTIVEBED;1
GIVE;44
BETWEEN;54
CERTD;1
EMISSIONS;1
ESTIMATIONS;3
FIU;2
SRETS;2
INDENT;1
EMPLOYER;2
SUBAGRAPH;111
FTWARE;2
NODES;1
LIATION;7
UPDATING;7
DONE;2
DESCRIBE;5
SENTED;12
DLT’;1
FIXING;1
CONCENTN;15
ART;868
INITIATE;9
CONTRS;2
V;835
GAATIONS;6
DISGGEMENT;4
DERS;256
HLER;2
LINKS’;1
MI;523
ESEEN;3
EMPLOYING;2
READ;19
ENCY;23
ITY;126
IGIL;1
EN;1896
ERCISE;43
DESIST;1
PURCHER;16
ERCISES;1
DELETE;1
WHISTLEBS;2
MESSS;2
X;13
LINK;11
CRTING;1
RELV;2
BATING;1
CEDENT;3
INFRINGEMENT;119
PROSEION;2
BEEN;101
ARTICIAL;2
QUANTITY;1
TAKINGUP;1
SUPERSING;4
TED;157
REIMBURSED;4
HER;999
FILITATION;1
BKED;1
PLILY;6
HOLDERS’S;1
DER;691
TWENTTH;1
ROGATIVE;1
BEING;22
SUE;8
PLAS;33
COLLE;49
CHKING;1
DISTER;1
MONIT;29
WHERE;518
MEONE;1
AMMENT;6
DOES;56
R’;57
THERETO;5
PERLISED;1
JUDICE;34
RELAX;3
IRRULARITS;2
TRANSMITTED;2
MHINE;7
ARY;61
B;3005
OCCIOL;1
SÀS;2
TRANSMISSION;25
CIRCULATION;8
REVOKE;5
RELS;3
SERIOLY;4
CLSICATIONS;1
TT;105
PROSPTIVE;3
STRENG;1
BIC;2
PURPTS;2
OLOGS;10
DISP;2
AMPLES;1
LITIMATE;7
INSIDER;10
PROCEEDS;3
ARE;461
BE;1015
QA;1
ABOVE;5
MESS;3
C;6330
WHENEVER;1
BLOCKCHAIN;2
AUTIC;3
PROCEEDING;1
HYPERLINKS;1
SAFUARD;21
WEEKLY;1
ESCB’;1
FEWER;1
NDA;3
CENTRE;2
GA;57
W;2366
CATS;12
IVELY;2
PROMINENT;9
CEDING;9
IMPTANCE;5
LA;504
CRIME;4
EMD;6
WARN;18
MERE;1
MONITING;10
AUTHITY;49
ATING;35
DISPED;1
DISTT;1
CTS;1
RAPIDLY;4
CIRCUMVENTIONS;1
BY…;1
MISSED;1
ISED;17
INS’;2
RES;347
HLE;3
OPINION;59
THAT;858
PRI;36
DELIBELY;2
OCCUPATION;1
JUED;1
IMMINENT;1
AUTHISATION;152
BELNG;8
KED;10
DIRY;2
SUERS;1
ARTICLE;853
INIGATE;6
JC;1
CONTAINING;4
CISELY;2
MODALITS;2
EMAIL;10
ERRS;1
KYOUR;2
AMONGST;3
OBJT;2
ICATIONS;9
SPICIO;4
INFRINGING;4
EMPLOYMENT;3
BRELS;2
UPTO;3
STABILISATION;6
DINGS;3
HIM;4
CIRCUMVENTION;5
SIX;6
G;3079
…;19
IT;2210
CONERS;7
ATIY;4
REON;60
FINE;9
FULNESS;2
DREE;5
SPED;6
SCAMS;3
CONSERVATIVELY;1
DISSEMITION;2
MENTION;8
TRS;28
ESTIMATION;8
MATING;2
LAL;136
GREENHO;4
IDENTITS;1
TEMPAL;2
MAKES;3
APPEARING;1
PLITY;3
GER’;1
GAATIOL;6
OPPTY;9
CO;468
RELATING;3
PROSPT;9
WILL;33
PTS;9
SENT;54
AD;353
EROPER;2
CRAFT;1
APMENTS;6
PANS;6
HANG;168
MID;3
PROS;16
MITTED;63
INDUCE;8
SERVATION;22
AGRAPHS;47
SIGLS;2
IS;1811
RISTRS;1
ANN;35
PAPER’;1
ERVALS;3
ENOUGH;1
STARDS;154
SUPERSS;10
STATING;1
TKS;40
