INTERPOLATION;1
PAPERS;2
ROBOTS;4
GRADATION;1
‘DECISIONS’;1
PERSONALITIES;1
CHINESE;1
MISINTERPRET;1
PROACTIVE;1
LOT;1
TRAINED;4
INDIVIDUAL’S;6
PLACE259;1
FUTURECOUNCIL;1
LABELLING;32
CITY;1
INTEND;1
UPPER;2
PORTABLE;1
SUCCEEDS;1
ASSISTANT;1
ASSESSMENT12;1
PRODUCER;4
MECHANICAL;1
INTERVENE;1
3RD;1
288;1
TERRORISM;1
ROBOTICS;24
BLACK;3
DECEIVED;2
DIRECTIVE47;1
IRIS;1
EXACERBATE;1
EQUIPMENT;13
PURPOSEFUL;1
ETHNIC;2
HYPERNUDGED;1
FDA;1
INNOVATORS;2
PROVIDERS133;1
AGRICULTURAL;2
SAFEGUARDING;4
FRA;1
CACHING;1
FOUNDATIONAL;2
SCHOOLS;2
OVERWHELMINGLY;2
CORRECTION;1
2006/2004;1
ECOMMERCE;4
LEGISLATION171;1
USAGE;1
FRONTIER?;1
DECISIONS’;1
BIOMETRIC;52
20004000;1
TRAINING;14
LIFECYCLE;10
STREAMLINED;1
SAVINGS;2
AFFORD;1
LEGISLATION287;1
IMAGING;1
99;1
ORGANIZATIONS;3
COREGULATION;1
STUART;1
‘LEARNING’;2
DISAGREE;1
YEARS181;1
OPTIMAL;1
‘TO;1
LEYEN;5
WHEELCHAIRS;1
‘EVASION’;1
CONTESTED9;1
MARINE;2
CENTRES;2
ALGORITHMWATCH;7
IMITATING;1
SANDBOXES;21
11/11/;1
PWC;2
GDPREU;1
SCREENED;2
BUILDING;8
HIGHRISK212;1
PERMITTING;1
STEAL;1
PROGRAMMERS14;1
EXPORTS;1
J;9
SELFASSESSMENT209;1
MEDIUMSIZED;2
FOCAL;1
AUTOMATED;30
EXECUTE;3
OLDAPPROACH;5
SYMBOLIC;1
EXPLOSIVE;2
OPTION1;2
INITIATIVE187;1
EXPRESSION;2
CAPACITIES117;1
1165;1
LEAVING;2
UNFAIRNESS;1
WIRED;1
122;2
CIRCUMSCRIBED;1
ADDRESSEES;1
USER’S;1
HIRED;1
SPEECH;1
RISKBENEFIT;1
202253;1
€3;12
UNADDRESSED;1
MINISTERS;4
#;1
STUCKE;1
INFLUENCING;3
2006/54/EC;1
KIND;1
CFSP91;1
BUS;1
24001;1
EMERGE;1
EUROPE123;1
2030;3
SAFEGUARDS257;1
REDUCTION;2
REGULATION43;1
DEFEND;2
000;19
ELIGIBILITY;1
MICROSOFT;2
LOGS;2
APPLICATIONS71;1
COMMUNICATING;1
HUMANS;5
SWD2021;1
EDGE;4
SOFTLAW;1
PEARSON;1
WALES;2
NONCOMPLIANT;3
INDIVIDUALS’;2
‘MAIN;1
BAN;6
PREFERRING;1
OVERSEAS;1
MEETINGS;4
SAYING;2
PEOPLESTRONG;1
DESCRIBE;1
FRONTRUNNER;1
INSTRUMENT236;1
PRICEOPTIMISATION;1
OVERSIGHT142;1
PROPORTIONAL;1
VALUEADDED;1
WORRIED;1
HUMAN214;1
NUMERUS;1
INDIVIDUALS;24
C482/17;1
SHIELDED;2
MANIPULATE;3
UPLOADED;1
AUGUST;2
MACHINES;3
IIIBIS;1
ZENODO;1
HUMANDECISIONMAKING;1
BANS;1
CEN/CENELEC;3
SANDBOX258;1
GUARANTEED;1
ELI;1
HIGHLEVEL;19
PASSENGERS;1
OFFENCES;3
GDPR;17
SIMULTANEOUSLY;2
FASHIONID;1
ANOMALY;1
UNOPPOSED;1
IMPLICIT;1
SENSORS;5
SLOWLY;1
‘SECURITY;1
FUNCTIONALITY;1
EXHIBIT;1
INHERENT;2
DISCRIMINATORY;11
10/11/;1
‘EX;2
ANALYSED;8
FINANCES;1
ABOLISHMENT;1
INTEROPERABILITY;2
MULTIVARIABLE;1
N=07;1
RISKS’;1
“0”;1
ARTICULATES;1
SPOT;1
PLD;8
TODAY;4
MS;1
VISIONS;2
GOVERNMENT;6
SIX;1
MITIGATION;4
FJELD;1
MINISTRIES;1
NONDISCRIMINATION169;1
PROPUBLICA;1
EUCO;3
AI223;1
LEGISLATION248;1
MOTOR;6
FRAGMENT;4
RECTIFICATIONS;1
RECOGNIZE;1
P42;1
DEFECT;4
WAGE;1
EXERT;1
“PROVIDE;1
TRAFFIC;2
€1;4
FAKES;11
AMENDMENT;1
BEHALF;1
OVERARCHING;1
AUG;1
INTRUSION;1
MAURICE;1
95;1
SYSTEMS82;1
PRIZE;1
LAW225;1
CAUSING;2
INVESTIGATIONS149;1
LAWFUL;16
HOUSE;2
UNDERSTAND”178;1
AI185;1
STANDICT;1
NONTECHNICAL;1
CM/REC20187;1
STUDY267;1
ARTIFICIALLY;2
OCEANS;1
OPTIONS?;4
FOUNDING;1
SAFER;1
INJURIES;1
NEVER;1
GARTNER;2
ILLDESIGNED;1
PROCEDURAL;4
CREDULITY;1
AISPECIFIC;2
POWERED;2
YEARS276;1
EXPORT;1
TECH;6
RECOMMENDED;3
AUTHORITIES138;1
NONHIGH;9
360;1
BROKERING;3
POPULATION;1
ENDORSED;4
BLOCKCHAIN;1
LEGISLATION/;1
REAUDITED;1
LAPTOP;1
“+”;1
SUITE;2
ELEVATORS;1
MAHIEU;1
LEADER;1
SURE;2
EVENLY;1
CHARGED;1
WORRIES;1
WORTH;1
‘PROBLEMS’;1
ERIK;1
TECHNOLOGYNEUTRAL;4
STIFLING;1
TRIAL141;1
PROBLEMS?;2
REFURBISHMENTS;1
RIGHTSBASED;1
WELLBEING;4
CLIMATE;5
URGING;1
DEPLOYED’;1
SECTOR195;1
FRENCH;1
UNDULY;2
24690;1
2028;1
FINITE;1
389–399;1
SLOWER;3
REDLINES;1
INTERPRETATION;2
TAR;1
CORTESI;1
92;4
OCCUPATION;2
EVOLVES”;1
EXPENSIVE;4
DEMOCRACY;5
UPTAKE;35
GERMAN;3
ASSISTED;2
ACHIEVING;24
REFERENCEDATABASE;1
GASSER;1
LEVEL210;1
LEGISLATOR;3
‘UNTRUSTWORTHY’;1
ASPIRATIONAL;1
EXPLOITATIVE;7
EU28;1
URSULA;3
DISTRUST;1
SERVE;4
€65;4
EXHAUSTIVE;3
FEBRUARY;6
SURVEILLANCE290;1
ACTOR;1
PREMARKET;2
RAPID;4
INTERRELATE;1
OFFICE;4
MAXIMIZE;2
GETTING;2
9789276362203;1
TRANSIT;1
‘ALGORITHMS’;1
“GUIDELINES;1
PRINCIPLES203;1
ALTERED;1
VETTED;1
CENTRE”;1
RECRUITMENTS;1
VOLUME;2
‘RECLAIM;1
COMPETITIVENESS’164;1
LINKS;2
DECISIVE;1
ICTBASED;1
BACKGROUND;1
AUTOMATION;3
IMBALANCE;1
PLATFORM274;1
ALTERING;1
VZBV;1
REINFORCING;2
USERFACING;2
NEURONS;3
G20;5
1800S;1
EXECUTING;1
COMMITTED;2
TRANSIENT;1
UNPROFITABLE;1
ENTREPRENEURSHIP;1
SCHUFA;1
SPACES124;1
REPLACE;3
PP5355;1
20201;1
COUNTER;1
TOPIC;1
SPEND;1
LAWFULNESS;1
INTERVENTIONS;1
ETHICS;22
HARDWARESOFTWARE;1
ARISEN;2
‘ADAPT’;1
2004/113/EC;1
LABOUR;5
HAMILTON;1
VISUALIZATION;1
PERSONALIZING;1
EDRI;2
RIGHTS111;1
‘OTHER;1
MIMIC;1
STANDING;1
FALLING;1
DRONES;2
GPSD;4
95/46/EC;1
‘BACKDOOR’104;1
ENDANGER;4
‘BLACK;4
INFRINGEMENTS;5
OPED;1
AVOIDING;1
STANDARDIZED;1
AI199;1
SERIOUS;11
EQUITY’184;1
PREDICTS;1
AI64;2
DUPLICATIONS;1
INFIRMITY;1
REDIRECTING;1
PLURALITY;1
ATTACKER;2
TOUGH;1
DIW;1
PRODUCTS284;1
ASSEMBLED;1
STATES113;1
HOSTING;1
TASK;5
DEEP;15
APPLICATIONS260;1
GLOSSARY;14
MIFID;1
NGOS;5
BUILD;17
C73/16;1
20082016;1
MAPPING;3
USE”;1
AMERICA;1
‘ARTIFICIAL;1
SCALABILITY;1
SIZING;1
EVIDENCE112;1
JANUARY;2
SUSPENSION;3
DPA;1
CONSUME;1
€35000;1
PREVENTIVE;1
IMPERCEPTIBLE;1
TELECOM;1
SUPPLIERS;11
ADVOCATES;1
CURATION;1
UNION¸;1
RAPEX;2
NEURON;1
€100;8
INTELLIGENT;1
COMPENSATED;3
C36/02;1
MINIMISATION;1
“PREDETERMINED;1
POST’;1
STANDARDS’69;1
‘HIGHRISK;1
MODERNIZED;1
SUBJECTS’;1
LUXEMBOURG;1
NORMENKONTROLLRAT;1
EXPAND;1
124;2
ESTIMATION;2
SHAPE;2
‘INPUT’;1
ED;2
EMBEDDING;4
UNCOVERED;1
RESOURCE;7
STICKERS;1
UPTODATE;2
ANNEXED;1
PLACE256;1
HEAT;1
TRIGGERED;2
EVALUATES;2
ABOVEAVERAGE;1
RECURRING;1
RELUCTANT;1
SPECIALISING;1
DEVICE;11
HOSPITALS20;1
EUROPE70;1
VARIED;1
QUALITATIVELY;3
LACKS;1
PARADOX;1
SO160;1
ADHERE;1
MEETING;6
BILLIONS;2
2014/34/EU;2
MANIPULATED;1
ELECTRICAL;2
PREPARING;2
INDUSTRYLED;6
REFRAIN;2
WOMEN132;1
IEC13485;1
LOGISTICS;1
EUROPES;3
PERCEIVE;2
1985;4
PRODUCTS96;1
PROGRAMMING;3
SUPPORT197;1
COMPAS;1
APPETITE;1
NBER;2
COM2019;1
WHITE;39
METADATA;1
IMPERSONATION;1
PERFORMANCEDRIVEN;1
AI89;1
OBLIGATORY;1
FRAGMENTATION;27
REPLACING;1
QUITE;1
VASTLY;1
RANDOM;2
HURT;1
CAPACITIES;1
WASTE;1
MISDIRECT;1
WHATSOEVER;1
REPEATED;1
ATTACK;1
AI”;1
DATASUPPORTED;1
GPAI;1
REACTIONS;1
ARISES;2
QUARTER;3
SUSPEND;1
THREATENS;1
‘INTRODUCTION’;1
EMISSIONS;2
NONBINDING;3
HALF;3
NATION’S;1
294;2
STEREOTYPES;1
WORKSHOPS;1
SCRAPING;1
SOCIETYWIDE;1
FAVOURED;2
ARBITRARY;3
SYSTEMS190;1
MIND;2
DEPENDENT;2
IGI;1
CCPA;1
ALTAI5;1
PUBLICITY;2
LIABILITY77;1
DISTORT;1
ASYLUM;4
COMING;1
SPACE;3
TRACE;1
ENVISAGES;4
FIFTH;1
PRODUCTS282;1
UPTURN;1
INTERESTS116;1
NATIONS;1
SCHEME’;1
SELF;1
TRANSFORMS;1
FOUNDED;1
SURPASS;1
INCIDENTS/BREACHES;1
WASTEFUL;1
MANUFACTURING25;1
IMMIGRANTS;1
INTERFERING;3
BREADTH;2
ABUSES;1
ABOVE234;1
INSTALLATIONS;2
FRAME;1
ADMINISTRATION146;1
‘DATA’;1
DRAWBACKS’;1
‘BIG;1
FINDING;2
OPPORTUNITIES24;1
2008/48/EC;1
WORK?;1
AI67;1
EXECUTIVE;2
WARSO;1
ATTACKED;1
UNEXPECTED;2
ADVISE;1
MEANS’34;1
SITTING;1
MENTAL;2
LOMBANA;1
Q4;5
2005;2
PRODUCT189;1
1058;1
CLASH;1
SCHEMES;2
SEVERE;2
COM/2020/64;1
DESIGNERS;1
DISCONTINUED;2
GROUPING;1
ANOMALIES;1
PRECAUTIONS;1
CARD;1
TENDED;1
RECONFIRMED;1
RASO;1
SECTORS/;1
COOLING;1
BROOKINGS;4
DIAGNOSIS;2
INTRUSIVE;3
ENVISAGE;8
EXPLICITLY;3
INFRINGES;1
SAYS;1
€9;1
MEANTIME;1
DOESN’T;1
AI;1184
CONTROLLERS’;1
TUTORING;1
OPENED;2
EUROPE158;1
STATED;3
UNICEF221;1
CAR;1
BACKLASHES;1
2020/2014INL;1
“ARTIFICIAL;2
GRADUAL;1
STATEOFTHEART;5
EXCELLENCE;7
U;1
DATABASES;2
HARMS;7
PROFILING;5
PRIORITIES;2
STRONGLY;2
ENTERPRISES273;1
TODAY262;1
ORGANISATIONS202;1
OFFERS;1
CONVERSATIONAL;1
INTERNET;11
COMPATIBLE;3
REINFORCED;2
STATES244;1
CODES;40
D2;1
LEGISLATIONS;20
MENTIONS;1
SMART;1
REGULATION’;1
‘BECAUSE;1
YEAR22;1
PARLIAMENTARY;4
HUMANCENTRED;1
LAW128;1
PEOPLE’S;1
DISCARDED;19
SUBJECTS;2
ACCREDITED;1
MODERATE;1
BEUC;3
INHIBITS;1
SHAPING;6
4TH;1
KNOWING;1
RESPONDENTS;20
SÉCURITAIRE;1
LEARN;4
IMPROVEMENT;6
ETHIC;1
BASES;1
SENTENCING;1
AFTERWARDS134;1
DEPORTATION;1
DEEPFAKES;1
AUTHORITIES74;1
EMPHASIS;1
SANCTIONING;1
EXACERBATED;1
DAMAGES/HARM;1
EMISSION;1
LEVEL241;1
ADULTS;1
BREAKOUT;1
’CONSUMERS’;1
DEFENCES;1
N;3
EYES;2
SCANS;1
‘A;3
TECHNOLOGYSPECIFIC;2
TRIPLED;1
ORIENTATION;2
FINE;1
SE;1
LEGISLATION206;1
REAPING;1
INTERACT;1
VIOGÉN;1
ADOPTION291;1
CT;2
EDUCATIONAL;1
DIHS;2
SPRING;1
ETC120;1
GRAPHICAL;1
95/16/EC;1
UPSCALING;1
DANGEROUS;1
NEWLEGISLATIVE;1
INSTALLATION/OPERATION/MAINTENANCE;1
SERVING;1
DISAGREEMENTS;1
SUBFIELDS;1
“BUILDING;1
INTERLINKS;1
CRAFT;2
IMPORTANT’;1
TRANSPARENCY’;1
1/SC;1
CIRCUMSCRIBE;1
PERSONALITY;1
CUSTOMISED;1
IENCA;1
WELLDEFINED;2
EUROPE220;1
APPLICATIONS52;1
ACT?30;1
NECESSITY;3
2013/53/EU;2
MIGRANTS;1
ACTORS;11
DISCARDED249;1
NEUTRAL/POSITIVE;1
BOUND;5
FUTURE!;1
REFLECTION;3
YORK;3
MICROTARGETED;1
ECON;1
‘HAMBURG;1
RELATIONS;1
“BUSINESSASUSUAL;1
EMBEDDED;14
CLUSTERS;1
SEIZING;1
OUTRAGE;1
RECRUITMENT;9
POLITICIANS;1
APPRECIATE;1
WIN;1
REALLY;3
287;1
DEPLOYED;6
TRIAL;3
DRIVERS;5
TRANSFORM;1
ONESIZEFITSALL;1
BACKDOOR;2
2008/977/JHA;1
SOCIOECONOMIC;5
€4;2
‘ABILITY’;1
BINARY;1
VALUES”;1
•;44
EMPOWERMENT;1
JUDICIARY;2
VIRTUAL;7
SECTORAL;68
INVIOLABLE;1
‘ESSENTIAL;1
INCREASINGLY;14
CONTACT’;1
UNCERTAIN;6
ANSWERS;1
FILTERING;1
PREVENTED;1
PREDICTED;3
COMPLIED;2
SEQUENCE;1
APPLIANCES;3
CASES228;1
DOUBTED;1
VAYENA;1
K;1
INTRODUCES;2
102;1
TRUTH126;1
SEAMLESS;3
PERMISSIVE;1
PERFECTLY;1
SELFCONFIGURING;1
CIRCULATION;2
PROBLEM?/;1
RELUCTANCE;1
‘PARTIALLY;1
TECHNOLOGIES106;1
STIPULATES;1
GF;1
LOWERING;1
AGENCY253;1
PRECLUDE;1
“VISION;1
INNOVATIONS;2
NECESSARY73;1
MACHINE;15
GRADING;1
SIMULTANEOUS;1
MERE;2
WANTED;1
085;1
PREDICTABLE;2
AIRPLANES;1
CORRELATE;1
MITTELSTADT;1
ACHIEVED?;2
FORMS;3
COMPLICATIONS;1
84/450/EEC;2
DEVELOPMENTS227;1
BLOCKS;1
PERCEPTION;3
LIFTS;4
UNDERMINE;2
70–;1
FORTHCOMING;8
STATION;1
ADDRESSES;2
ORIENTED;1
CITIES;1
RECAST;3
DRUG;1
ORIGIN;5
RAMIFICATIONS;1
IMPORTANT–;1
OPERATIONALISE;3
DIH;2
INTERFERENCE;1
TEF;1
TOYS;4
UNIFORM;8
VISÀVIS;2
GROW;2
EMOTIONS;1
301;1
ACTS288;1
PRESENTS;3
‘VOLUNTARY;2
NOSE;1
PROJECT;10
MICROTARGETING;3
US26;1
SANDBOX;4
LAW’;2
NONLABELLED;1
‘LEARN’;3
MIX;1
DEROGATIONS;2
ML;2
PROJECTS;5
RESEARCHGATE;1
HIGHLIGHT;2
RECOMMENDATION/PERSONALISATION;1
€4000;1
BERTELSMANN;8
‘DATA;3
COMPETENCES163;1
HEARD;1
SPACES121;1
TACKLING;4
115;2
CHARACTERISTICS176;1
NORVIG;1
WORRY;1
RAILWAY;3
ARRAY;1
GOES;1
2019/2144;3
€6;4
NONHIGHRISK;23
ANNOTATIONS;1
109;1
CE;2
FAMILIARISATION;1
“++”;1
TRUTH;1
BERMUDEZ;1
SYSTEMATIC;2
STIFTUNG;8
ENVIRONMENTAL;12
AI68;1
PLAYERS;3
EXIST213;1
PERFORMANCES;2
SWD2018157;1
CAUTIONED;2
USE’;1
2019/882;1
MODIFIES;1
OVERLAP;2
RELEASED;1
BOOST;3
ENCOURAGING;3
ROBUSTNESS;13
ASSESSMENTS/ALGORITHMIC;1
TOOLBOX182;1
WORKSHOP;1
ACCELERATE;5
350;3
RACIAL;2
2020/2013INI;1
VARIABLES;1
NERVOUS;2
CHARACTERISTIC;2
PREDICTIONS;5
IMPACTS78;1
AMERICAN;1
INTEGRATES;1
OPACITY/;1
ECRIMINALITY;1
1/2;1
AMPLIFY;1
ORIENT;1
FAULTBASED;2
BACKLASH;2
BLOG;1
OUTRIGHT;1
LEGISLATION229230;1
POWERFUL;1
PARTLY;1
REASSESSMENTS;1
INCLUDING101;1
POISONING;3
OBJECT;4
ALTAI;8
MISS;2
PLATFORMS;5
AI87;1
IMPLICATIONS246;1
FAVOURING;3
INDUCE;1
MISDIAGNOSIS;1
FACTO;1
PUSH;1
LOGIC34;1
DELIVERABLES;1
HUMANSUPERVISED;1
EVIDENCEBASED;2
2000S;1
PREVAILS;1
RISK”;1
PETER;2
REGULATION157;1
WELLKNOWN;3
2020/2018INL;1
ROCK;1
AI63;1
ASKED;1
DEVELOPER;4
SKALA;1
DECIDED;6
NEWCOMERS;1
CLEVEL;1
FOOD;2
STRUCTURAL;3
AMPLIFICATION;1
RESOURCEINTENSIVE;1
BRIDGING;1
IEEE;2
AI’S;1
UNPROTECTED;1
108;3
DELAYED;1
ADAPTED;8
MARCH;2
EUWIDE;4
INTENSIVELY;1
93;3
ORGANIZATION;3
HEALTHCARE;4
VOLUNTARILY;7
INSERTION;1
2005/29/EC;2
QUARTERS;1
CONCERNED’;1
GUIDELINE;2
GOALS’;1
INCL;1
SHORT;1
2017/03;1
POSTAL;3
AI207;1
INNOCENCE;2
SEAMLESSLY;2
H;3
AMAZON;3
“CONSISTS;1
OPERATOR;1
SHOWED;3
EXPECT’;1
EMPOWERING;1
CITIZENS’;6
EXCEPTIONS237;1
TOOLBOX;4
REPORTEDLY;1
MONETARY;1
WHAT’S;2
OBLIGATIONS/;1
ANALOGUE;5
121;1
MODERATELY;1
KEYCRIME;1
RACE131;1
DEFECTIVENESS;1
BREACHING;2
CONTROVERSIALLY;1
MATHEMATICAL;1
SCRAPED;1
ATSCALE;1
USERS’;5
WASHINGTON;1
ADHERED;1
2016/426;2
COHESION;1
REINFORCE;2
PLAN”;1
NEUTRAL;6
ARTIFICIAL;126
COLLABORATION;4
STRONGER;3
BIAS;11
POSTMARKET;4
ELECTION;1
HASSE;1
COMPRISING;3
GENDER;8
EFFICIENCY83;1
PATIENTS;2
IS11;1
SURROGATE;1
REASONS15;1
COD;2
QUICKER;1
HOURLY;1
PREFERRED;11
DENIED”;1
OVEROPTIMISTIC;1
VIOLATE;7
ALGORITHMS;17
AGENDA;1
AIDRIVEN;4
‘LEARNING;1
SCIENTISTS;1
PERSONS’;1
SANDT;1
CHAIN;17
MEN;4
THIRDLY;4
WATCH;6
TECHNOLOGY31;1
SUPPORTIVE;1
RECTIFICATION;1
GOLDFARB;1
MOUTH;1
CAUSATION;2
2003/361/EC;1
YOUTH;2
HERE’S;1
SHOWS;2
TRUSTBASED;1
BRUTALITY;1
ALTERNATIVES;4
OCCURS;1
2014/33/EU;2
INCONSISTENCIES;4
OBLIGING;1
ALLIED;3
MUTUALLY;3
DEEPENING;1
RAPIDLY;4
SWD;2
ATTRACT;1
MENTIONED;3
SERIOUSLY;1
FACING;2
TFEU186;1
UNLAWFUL;2
INVESTIGATES;1
PATHWAY;1
LOSE;3
REVIEWING;1
BIG;2
ISO/IEC291342017;1
VULNERABLE;7
REASONING;2
COMPETENCIES;1
OPACITY103;1
2001;1
PERSONALISED;3
UNDERGO;10
ASSISTANCE;3
AITECHNOLOGY;1
COURSE;2
SCANDAL;2
REGULATES;2
ENGINES;2
RIGHTS208;1
PROPOSES;4
SOLVING;1
LEARNING’;2
129;2
ITERATE;1
HIGHPAYING;1
TRY;2
COURTS;2
PROHIBIT;11
TRIBEPAD;1
‘INTELLIGENT;1
858/2018;2
RANGING;1
SELFASSESSMENT;10
BENCHMARK;1
MINISTERIAL;1
‘OUTPUTS’;1
‘STABLE’;1
‘AFTER;1
SÁNCHEZMONEDERO;1
SUBSET;4
SPECTRUM;2
SUMMARISES;1
TÜV;2
EFFORT;3
COMES;6
LIGHTER;1
MEANT;3
SOVEREIGNTY’;2
CHATBOTS;4
PESTICIDES;1
THINGS;11
286;1
SIZES;1
COMPROMISING;1
ACT?;1
DISCRIMINATING;1
RULES54;1
HTTPS//WWWAI4EUEU;1
IMMEDIATE;2
HOURS;1
FRAGMENTED;6
READ;1
INTELLIGENCE”65;1
SIMULATIONS;1
‘AI;2
INVITE;1
SYSTEM’S;3
GO;7
RESEARCHED;1
WELLINFORMED;1
BENEFITTING;1
COMPETITIVENESS174;1
FACILITATION;1
HIRING?;1
EMPLOY;1
PROOF;6
CERTIFY;1
ARITHMETIC;1
STOLTON;1
ADVICE239;1
DRIVERS?;2
SPECIFICATIONS;2
MEDICAL;16
BRUSSELS;1
RECOMMENDER;1
PROKID;2
STARTUPS;9
INEXPENSIVE;1
SCORING;11
2018/137;1
COMPETITIVENESS;12
DELAYS;2
451;1
RISKS125;1
EMANATE;1
ALGORITHMIC;29
REAP;2
DISABILITIES;1
EXITING;1
ENCOMPASS;2
NUMERICAL;1
IA;1
AUTONOMY;9
8A;2
AI173;1
OPPOSING;1
USER;14
€30;1
€40;1
SOFTWAREBASED;1
DISSUASIVE;2
ADAPTING;4
VAGUE;2
CAUSE/;1
MANIPULATIVE;10
BECOMING;4
MIN;1
POISONING’;1
OPINION;9
ATTRIBUTES;1
FASTGROWING;1
HARMONIZED;6
ISSUANCE;1
LEARNINGBASED;2
TRADITIONALLY;2
UNICEF;4
REVISION;14
SUBSIDIARITY;4
REGULATOR;1
ATTEMPTING;2
PRECAUTIONARY;2
VALIDATED;2
EMPHASIZES;1
GRAND;6
SECRETARIAL;2
POSSIBILITIES;1
POLICYMAKERS;4
“A;1
EMPHASIZE;1
SYSTEM35;1
20162020;2
OFFICIO;1
HIGHEXPOSURE;1
DEFINITION13;1
20142020;1
PRODUCTIVITY;2
HOMO;1
FALSE;2
UNCERTIFIED;1
PROBABILITIES;1
DESIGN’;1
APPLE;1
MARGINALLY;1
CONSCIOUSNESS;1
ACCESSING;1
TECHNOLOGIES92;1
ACTUATORS;5
OMEGA;1
ESTEEM;1
LAUNCHED;1
AUTHORITATIVE;1
CLASSIFIES;1
FIELDS;7
TRAVELLERS;1
SPANISH;1
TRUSTING;1
NONAFFECTED;1
CERTIFIED;6
“SUBSTANTIAL;1
ASSESSMENT7;1
2000/43/EC;1
WATER;1
BREAKTHROUGHS;1
OBLIGED;6
TRACEABLE;1
INSPECT;2
INDEPENDENTLY;3
UNFORESEEN;1
UNREPRESENTATIVE;1
ADAPTATIONS;3
IBIDEM;1
6177/19;1
SYSTEMS97;1
DAMAGE108A;1
SHULEVITZ;1
NONCOVERED;1
PLACING;3
2020/2017INI;1
RECOMMENDS;1
PERTINENT;1
DIRECTIVE152;1
‘HIGH;3
DATAGRAIL;1
ABILITIES;1
MINIMIZING;1
SERVICES198;1
HUMANDEFINED;3
WACHTER;1
CONFUSING;1
RAISING;2
325;1
INTRINSIC;1
JUSTIFYING;1
PHASE;7
CAPITALISE;1
DATASETS;7
THEM143;1
UNCERTAINTIES;2
MULTISTAKEHOLDER;1
SAFETY39;1
INTENTIONALLY;3
REUSE;3
OECD/LEGAL/0449;3
PASSED;1
ORGANISATIONS193;1
CANDIDATES;2
UNEMPLOYED;1
FORESTRY;2
LABEL;39
VERTICAL;2
RULED;3
STEPBYSTEP;1
TRAILERS;1
042;1
NOTIONS;1
EUS;1
VICTIM;2
CHARACTER;6
PREDETERMINED;3
MDR;1
SCEPTICAL;1
STANCE;2
BAKKE;1
ITU/MCKINSEY;1
EMOTIONAL;1
DIRECTIVE45;1
116;1
MODERN;3
CONSENT/OPT;1
PRODUCERS;6
SUPERIOR;1
CHILD;2
STRINGENT;1
MARKET48;1
MIGHTLEAD;1
VIOLATION;5
TRANSFORMATION;5
AGENT’;1
PROHIBITIONS;7
2014/90/EU;2
OFFENDERS;1
OCEANIS;1
SUBSCRIBE;5
RESIST;1
SYVERSON;1
FORECASTS;3
SCOPE/;1
1373RD;1
SEEKERS;1
INTERIOR;1
ANGLES;1
SUSTAINABLE;4
WORKPLACE;1
111;2
ACADEMIC/RESEARCH;2
UNPRECEDENTED;1
FLEXIBLE;2
REV;1
PRINCIPLES81;1
ANTISPAM;1
‘DRIVERS’;1
SERVOZ;1
202027;1
ENSHRINED;1
ML16;1
DIFFERED;1
ENCODED;1
PUBLICATIONS;1
ANGLE;1
FINAL};3
PP4950;1
AUDIOVISUAL;3
INTERFACES;1
RECALL;2
‘STAMP’;1
AI4;1
EXACT;2
LETTER;2
INTELLIGENCEADOPTION;1
BLACKBOX;1
SELFDRIVING;2
ENORMOUS;2
PROHIBITED;10
CHILLING;1
LAWMAKERS;1
PROMINENT;3
S;3
STATISTA;2
INTERREGIONAL;1
COSTLY;1
NARROW;3
PROXIES;4
JTC;1
POVERTY;1
EMOTION;1
VERGE;1
ADHERENCE;5
SLIGHTLY;4
DEVELOPERS;12
GAIT;2
UPDATING;1
DOMINANT;3
CIRCULATING;1
COMPETENCES;4
TRUSTWORTHINESS;5
LEGITIMACY130;1
ATTRACTED;1
EMPATHIC;1
VON;5
DEATH;1
‘PREDICTIVE;2
PRINCIPLES86;1
ARIEL;1
STATES137;1
FOSTERING;2
REASSURANCE;1
FEED;1
€7;5
AVIATION;3
2020/2016INI;1
NATIONALITIES;1
2000/31/EC;1
TRENDS’;1
“AI;1
FOOTNOTES;1
SECURITY122;1
COMPLAINTS;2
COMPUTATIONAL;3
2014;3
RULES94;1
MARS;1
POLLUTION;2
POLITICO;1
SIGNED;3
AUTOMATING;4
SUBLIMINAL;3
SMES;73
HINDER;1
INDIVIDUALISED;2
2017/589;1
SAFETY175;1
UNNECESSARY;2
UTILITY;1
SHAPED;1
2000/78/EC;1
PROTECTION?;1
OUTPUTS’;1
ADVANCEMENTS;1
CJEU;7
TIETO;1
RUN;4
EMBRACE;2
CEN;1
RENEWABLE;1
“HIGH;1
AUDIO;1
EUROPE”;1
VOLLMER;1
€174;1
SCIENTIFIC;5
‘REALTIME’;1
FOOTBALL;2
ETHICS76;1
JEOPARDIZES;1
TRANSLATION;1
PROVISIONAL;1
168/2013;2
REQUIREMENTS’;1
REPEATEDLY;2
RULEBASED;5
SCHEMATICALLY;1
FACIAL;27
ASSURANCE;3
AMPLE;1
SIGNAL;2
JUNCKER281;1
TRANSMIT;1
ALGORITHM;13
PRESIDENCY;2
HAPPEN;4
ENGLISH;1
OPTIMISATION;2
RIGHTS/ALGORITHMIC;3
107;1
‘BODY’;3
HARMONIZES;1
UNRESTRICTED;1
216/2017;1
5960;1
BIASED;4
NLFTYPE;2
LEGITIMATELY;1
GLOSSARY295;1
REMOVAL;2
LABELLED;5
SUPPLEMENTING;1
RUSSELL;2
PRONE;3
GANS;1
SCORED;1
3+;62
MERIT;1
MACHINERY;17
ASSURE;1
FAILS;1
OBSERVATORY;1
EDUCATION;12
+MEASURES;1
9001/2015;1
SWD2017;1
STATISTICS;4
LOOKED;1
ECOSYSTEM;7
‘SAFETY;1
SANDBOXING;4
COVERED105;1
GROWING;8
‘ISSUES;1
COMPETIVENESS;1
EMPLOYMENT;7
RACIST;1
FAULTY;1
FORCED;1
EXECUTIVES;2
COEXIST;1
ALGORITHMS56;1
YOU?;1
CONCEDE;1
AIEMBEDDED;1
INSTITUTIONS’;1
FULFILLED;1
INCENTIVE;4
TASKED;2
BRYNJOLFSSON;1
SUBOPTIMAL;1
PRODUCTS147;1
SLOWING;1
CONSUMPTION;7
DECEIVE;1
ACQUIS;5
AUTOMOTIVE;2
804;1
6783/20;1
HLEG;14
RELIGION;1
STANDARD?’;1
SUPPLYING;6
CHECK;5
PERCEIVED;1
RESPECTED;5
MD41;1
DATABASE;16
‘NEW’;1
EXPOSED;3
EQUIPPED;2
ATTENTION83;1
8711/20;1
“OUT;1
INSIDER;1
{SEC2021;1
POLICE;5
ESECURITY;1
REVERSIBLE;1
SURVEY;26
STEAM;1
STATES’;4
MONITORED;3
‘NEED;1
EMERGENCE;3
CAUSAL;1
RECIDIVISM;2
EUROACTIV;1
SUMMARIZED;2
ACCIDENTS;1
VICTIMS;10
PATCHY;2
BARRIER;3
COMPLAINT;1
NONEU;1
FACE’;1
SURVEYED;1
RECORD;1
13/20;2
PREFER;2
PRIORI;1
‘DUAL;1
FORECASTING;1
GATHERING;2
SUBTLE;1
APPROACH’;4
KEEPS;2
EVADE;1
DESIGNATE;2
TREE/INTERVENTION;2
‘EMOTION;1
RBI;2
SURVEYS;1
2009/48/EU;2
DEFECTIVE;4
MADRID;1
PLACED;42
HIGHLIGHTING;1
INCITING;2
FOREGOING;1
CARS;4
2019/1020;2
‘THE;3
AFFECTING;7
MULTIPLICITY;3
ADHOC;19
MOSTLY;2
COUNTERVAILING;1
Q2;4
ALLEVIATION;1
EVIDENCE93;1
INNOVATE;1
EXPARTNERS;1
RESTRICTED;1
GUIDELINES57;1
HUMANROBOT;1
SCALING;1
ANNOUNCED;1
PUSKAR;1
PATTERN;1
COMPLIANCE240;1
IMPORTERS;1
4212;1
RETRAINING;2
ACUTE;1
ADVERSELY;5
INTEGRATION;10
29–33;1
CONDUCTS;2
SUBMITTED;1
BORDER;9
HIDDEN;1
FEAR;2
SAMPLES;1
AREN’T;1
OPERATIONALISED;1
ONLY/;1
KNOW;3
TPD202003REV;2
BUSINESSTOBUSINESS;1
8B;2
CHARACTERISED;1
SEEMINGLY;1
RECITAL;3
YOU’;1
RISKY;9
TELEMEDICINE;1
IMPERMISSIBLE;1
INADEQUATE;1
ISO;7
STANDARDS’30;1
EUROSTAT;3
CONFIDENT;1
ELABORATED;1
JOBS;4
2014/68/EU;2
EVALUATED?;2
SECTORIAL;7
ENVIRONMENT”13;1
CO2;1
STEMS;1
RESPONDENT;2
MARKETS280;1
PRELIMINARY;1
MISSED;1
PREDCRIME;1
RISKMANAGEMENT;2
SIENNA;2
PRESIDENT’S;1
COINCIDE;1
DISABILITY;2
MARKED;1
€5000;1
STANDARDS’;1
“+++”;1
HORIZON;1
‘ALEXA;1
€0;2
ADVOCATED;1
KLEIN;3
ENFORCEABLE;1
NEURAL;4
€;8
91;3
EU’S;4
CONNECTIVITY;1
TERMINAL;1
EP;31
BSPA;1
WESSELS;1
NONEXHAUSTIVE;1
STRIVE;1
RISKS/BREACHES;1
BENEFICIAL;10
EURLEX;1
CATEGORISATION;1
BERKMAN;3
IMMINENT;1
RISKS250;1
SUSPECT;1
CAREER;1
IMAGERY;1
DATA144;1
COMPULSORY;1
C83/;1
DISCRETIONARY;1
SENTIMENT;1
ESTIMATIONS;1
GREW;1
DIVERGENCE;1
INVEST;3
EXPOSE;1
28;13
BRIDGE;1
INVOLUNTARY;1
SUBLIMINALLY;1
INITIATIVES266;1
IMPROVED;3
VIBRANT;1
CREDIBILITY;2
737;1
408;1
FERGUSON;1
2016/425;2
AI62;1
CEMENT;1
NORMAL;2
2020/2684RSO;1
2012/1025/EU;1
STIMULATES;1
IDENTIFICATIONS;1
03;1
BIOMETRICS;1
JOURNAL;2
CONSULTATIVE;2
DECLARED;1
PRECOBS;1
SENT;1
AGILE;1
763;1
ORIGINATES;1
OPTOUT;1
DISSUADE;3
BRIDGES;1
‘NEW;1
THOUGHT;3
DUTCH;3
FAMILIARISING;1
118;1
TZANOU;1
UNPREDICTABILITY;3
MARKETPLACES;1
IMAGE;2
CLEARVIEW;3
FOURTH;3
THINK;1
CZECH;2
TRANSPORT;7
SUSPECTED;1
‘BRAIN’;2
OFFSETTING;1
JUDGEMENT;1
AUTONOMY’;1
AMSTERDAM;1
ACCESSIBLE;30
GREENER;1
OPTIMISING;1
CREATIVE;2
HARNESS;2
RESTRICTING;2
VACCINES;1
MARKETDRIVEN;1
ASSISTIVE;1
NOTICED;2
APPRECIATED;1
CANADA’S;1
NORMATIVE;1
2006;3
DENMARK;5
96;1
DESERVE;1
MEANWHILE;2
FILTERS;1
PRIMA;1
BIOLOGICAL;1
DILIGENCE;3
VOL;1
HELLENIC;1
EXAMINING;1
EXPRESSLY;1
SELFSUPERVISED;1
SANCTIONED;2
IMPOSITION;1
GROWING233;1
CLIENT;1
MOMENT;2
TRUSTWORTHY;73
NONEMBEDDED;2
DEPTH;1
UNIFIED;1
PROMOTION;1
ATTEMPTS;1
WELLSUITED;2
READY;1
GLADAXE;1
RESILIENT;1
REVISIONS;10
PROBLEMATIC;5
HARMFUL;14
COMPLEMENTED;3
SURVEILLANCE;41
TECHNOLOGIES95;1
404;1
INCORRECT;1
AGENT;1
‘ADHOC’;3
GPSD40;1
RELEASE;1
VARIETIES;1
SECT;1
SUBOPTIONS;4
TRIBUNAL;2
EXCHANGED;1
OXFORD;2
RECREATIONAL;2
EUROPE252;1
REGULATION32;1
ANTE’;1
PROCESSINGS;1
RESOLUTIONS;2
‘SOFTWARE;1
USERS242;1
SCREENED235;1
REPEATABLE;1
VIDEO;2
PARTIES’;1
PASCU;1
€32;1
FRONTIER;3
WATCHDOG;1
OLD;4
INTERPRET;1
112;1
CHEAP;1
SKIES;1
INFLICTED;1
TRADITIONS;1
DILEMMAS;1
ENFORCED;6
NONBUSINESS;1
COMPROMISE;1
RULES255;1
REDRESS;3
RESPONSES;3
ACADEMIA;3
NORTHERN;1
MISSING;1
PECULIAR;1
FAST;1
JRC;4
2015/2103INL;1
STAND;2
INTELLIGENCE”;3
ASSEMBLY;1
‘SOFT;2
EXPLAINING;1
STAGED;2
SAFETYRELATED;1
293;1
SECRET;1
CROSSCUTTING;1
BOYS;1
NLF;16
BELIEVED;1
COLD;1
SPEED;3
ENACT;1
HLEG201;1
WAY44;1
FUNCTIONALITIES;1
DRIVER;2
2018/1139;2
745/2017;2
ENFORCEABILITY;2
‘TRUSTWORTHY;2
POSING;5
RULES293;1
SIGN;1
DIAGNOSTIC;2
PROPOSAL232;1
LAWS;10
EVENTS;2
HARVARD;1
APPLICABILITY;4
MINIMIZATION;1
CLASSIFICATIONS;1
CROSSFERTILIZATION;1
QUEST;1
WARNINGS;1
N/A;3
064;1
DETECTED;2
CHECKING;1
CONFORMITY;90
RULES72;1
COMMIT;1
EXPOST;19
MISTRUST;7
IDC;2
WON!;1
OPTICAL;1
97/7/EC;2
AI159;1
2021Q1;2
ETHICALLY;1
CONTINUES;1
SOCIETY2;1
STUDENTS;1
RE;1
UNAUTHORISED;1
NONHARMONISED;1
OPERATIONALIZED;2
EXTENSIVELY;2
‘ETIIKKAHAASTE;1
TREE;2
CLASSES;5
CENTRIC;1
SOCIETY;40
NONPAPER;2
CONCLUDE;1
IBORDERCTRL;1
GAMES;2
SRIKUMAR;1
INFECTION;1
PLACEMENT;3
HEART;1
BORDERS;3
REACHING;2
526/2013;1
INVESTIGATED;2
ACCIDENTALLY;1
“NEURAL;1
BUSINESSTOCONSUMER;3
ROBOT;2
EDPB;1
HUMANCENTRIC;4
SYSTEMS’;1
EVALUATIONS;1
LIVING;1
CHAIN109;1
COMPARE?;2
VEHICLES42;1
ALLEGATIONS;1
NEGLIGIBLE;2
HOSPITALS;1
€2;2
RESIDES;1
EN;2
INVESTIGATE;3
UNTERNEHMEN;1
SEXUAL;2
ORIGINATION;1
MINIMISED;1
DIALOGUES;1
GENUINELY;1
SUSTAINABILITY;1
OPERATIONALIZE205;1
REALTIME;1
INTERPLAY;4
FORESEES;3
VIGDOR;1
DETERRED;1
SORT;1
TREATMENTS;1
2018/2088INI;1
INTELLIGENCE’165;1
NETWORKS;5
SOVEREIGNTY;6
MINISTRY;1
‘SOLVE’;1
LYING;1
ADMIN;1
GDP;5
BIGGER;1
SYSTEMS99;1
UNINTENDED;1
SCIENCE;5
COM2019168;1
NOTION;2
DEMANDS;1
FLAW;1
SUPERVISOR;1
VISION;2
UUSI;1
€66;1
AIENABLED;3
GENERALISE;1
SOCIETALWELLBEING;1
OUTSET;2
OBSERVE;1
EZRACHI;1
2004;2
STADIUMS;2
HLEG222;1
€8000;1
STATUS;2
INFER;1
GENERALPURPOSE;2
ACT224;1
COVID;1
DEFINITION200;1
AUTHORITIES’;1
ACCOMPANYING;4
LEGISLATION150;1
SPOOFING;1
THREEWHEEL;2
EVERGROWING;1
HIGHLIGHTS;1
CRIMES;1
COMPARISON79;1
UNINTENTIONALLY;2
SUSPICION;1
STEEP;1
TEN;1
SECTOR167;1
‘HARMONISED;1
UNINTENTIONAL;1
CONSENSUS;2
DIRECTIVE38;1
TECHNOLOGIES’;1
“BOARD;1
MAGAZINE;1
TIMELINES;2
LAYING;3
INHOUSE;3
AUTOMATON;1
ENDEAVOUR;1
HIRING;5
WRONG;1
HAGUE;1
PURPOSE119;1
VIENNA;1
EXISTENCE;3
ACCOMPLISHMENT;1
ETHNICITY;1
INTELLIGENCE’;1
88;4
TRACEABILITY;9
PRINCIPLED;1
MCKINSEY;11
DISCOURAGE;2
SARI;1
CLAUSE;1
CABLEWAY;2
PRONOUNCED;1
LAST;3
FARMING;1
SUPPLEMENTED;1
€69;1
DATASET;1
COPYRIGHT78;1
PARTNERING;1
€8090;1
QUICK;1
SCORES;1
CORRECTED;1
SECTOR80;1
SIEMASZKO;1
GUIDELINES’;1
ANTIDISCRIMINATION;1
ET;5
‘IMPORTANT’;1
AD;20
RIGHTS84;1
FINDS;1
2017/;1
VIOLENCE115;1
COM/2017/010;1
FACIE;1
NAGY;1
EXPERIMENTATION;11
INTEROPERABLE;2
ENERGY;12
CONTRAVENING;1
SELFLEARNING;3
PRIORITIES75;1
PREDICTIVE;6
REPRODUCED;1
CNECT;2
NEGOTIATION;1
ABSTAIN;1
HORIZONTALLY;1
‘TECH;1
INNOCUOUS;1
SCARCE;2
NATURE107;1
AL;5
DIGNITY;7
ACADEMICS;1
BURDENS263;1
MULTIMODAL;1
REGULATION154;1
NETWORKS/PLATFORMS;1
IDEA;4
AIONDEMAND;1
ELECTORAL;2
PIECE;1
AIRPORTS;1
‘DIGITAL;1
CONTRACTOR’;1
‘RELATED;1
NINE;3
ITALIAN;1
STATIONS;1
IPSOS;7
CAN’T;1
NONAI;1
HOLD;1
GENETIC;2
CONFRONTED;1
PERSPECTIVES;1
WRONGFUL;1
2020103;1
‘IN;2
PAPER;41
CONSTRUCT;1
WAYS118;1
CAMERAS;1
AUTONOMY’10;1
KINGDOM;3
DISABLE;1
REUSABLE;1
FARREACHING;1
PANDEMIC;1
DISEASE;1
2021/Q1;1
CONTRADICTING;2
CIV;1
HETEROGENEOUS;1
ROME;1
BOOSTS;1
CONCRETO;1
CM/REC20201;6
FASHION;1
INTENTIONS;1
MISSPECIFICATION;1
2016/0295;1
FIRSTLY;9
PEOPLES’;1
DIRECTIVE33;1
DIMENSIONS;2
VOICE;2
PROGRESSIVELY;2
EUROPE’S;8
1991;1
MODELLING;1
EWCA;1
SYSTEMS/;1
2014/53/EU;3
INJUSTICES;1
DAMPENING;1
SIGNS;2
CONVINCED;1
THIRDS;1
INFRINGE;1
GROUND;1
STREAMLINE;1
INTERVENTION183;1
RISKBASED/;1
EXAMS;1
DEVICES;9
SÄHKÖ;1
PURPOSEFULLY;1
MEANING;1
SECONDLARGEST;1
SUSPECTS;1
BUILDUP;1
CENTRE;1
EMERGED;1
HIGHRISKS;2
POISED;1
FIVELEVEL;1
{SWD2021;1
MOBILITY;2
HTTP//DATAEUROPAEU/ELI/DIR/1985/374/199906;1
ENTERING;2
BELIEVING;1
CRIME;4
GUIDELINES/LEGISLATION;2
HAPPENS;1
VINUESA;1
‘HIGHRISK’;4
PROMOTING;5
CONTEMPLATING;1
CONCEPTS;1
€50;2
PRIMACY;1
VOLUNTARY/;3
3769;1
LARSON;1
EVOLVE?30;1
PIECES;2
‘STRICT’;1
DOMAIN;1
ATLANTIC;1
URGE;1
PHASEORIENTED;1
AI’;3
DAYS;2
PROPOSE;5
CHRISTOFI;1
CONTAIN;5
ABUSING;1
2020/2015INI;1
METHODOLOGY/OR;1
DISAPPLICATION;1
INTERVENTION/;1
BORNE;1
ENVIRONMENTS;3
CONSTANTLY;1
FERTILIZERS;1
131;1
SECURE;2
ETSI;3
UNNECESSARILY;1
PERSISTS;2
CONFUSION;1
ARGUES;1
DUALUSE;1
INTERFERES;1
SUPERVISING;2
THREATEN;3
RECOGNITION’;1
119;1
ATTACKS;5
QUESTION285;1
FOOTNOTE;2
SCENE;1
APPLICANTS;1
CONFIGURED;1
TRAIN;2
20192024;1
PROTECTION218;1
IMPLICATIONS100;1
RIGHTS’;1
INTELLIGENCE85;1
KRIM;1
DILIGENT;2
WHEREABOUTS;1
SEMIANNUAL;2
AUTOMATIC;2
97;1
700;1
LITERATURE;1
INSTALLED;1
87/102/EEC;1
EUROPE”59;1
PREVENTS;1
LIGHTEST;1
RESEARCHERS;3
DASTIN;1
HANDLE;1
COPY;2
ADAPTATION;7
REUTERS;1
DECISIONS110;1
REPOSITORY;1
C217/04;1
ISBN;1
COMPLEMENTARY;6
ALGORITHMS’;2
COMPARISON;5
ONES8;1
IMPACTING;2
€10;3
BIASES;10
DISCRIMINATION;21
‘GENERAL;1
FAIRLY;1
114;7
FLOURISH;1
2001/95/EC;3
RADIO;3
CREDITWORTHINESS;6
DISADVANTAGED;1
REVIEWED219;1
CONTRADICTORY;1
ASSOCIATION;2
ANNALISA;1
DRIVING;2
REASSURE;2
REQUIREMENTS204;1
TEKOÄLY;1
MACHINEBASED;3
CITING;1
ROAD;2
CONTENTS;1
MANUFACTURER;3
INTERACTING;6
SECTOR/;1
DEPUTIES;1
#BIGDATA;1
PRECISE;7
IRRELEVANT;1
GAS;2
PROCEED;1
DEPARTMENT;1
BASIS30;1
MODIFICATION”;1
COMPOSED;2
SELFREPORTING;1
SOFTWARE196;1
MISUSE;1
OUTDATED;1
NONPERSONAL;1
ADVANCING;2
CURVE;2
SYSTEMS127;1
FIGHT;1
PP;8
‘AN;1
PROBABILISTIC;1
TEU;1
INDICATION;3
USABILITY;1
SCALABLE;1
AIDA;1
MARKETWIDE;1
MISUSES;1
CHARTER;6
SYRI;3
2019/945;1
NORDICS;1
INBUILT;1
2018/858;1
PLAY;3
SOCIALLY;3
1999/5/EC;1
INCEPTION;3
PURSUE;3
WORLD170;1
BARRIERS;6
RULES172;1
COM;1
INVITRO;2
UNIVERSITY;4
ALTAI66;1
HARM;10
‘IT;1
CONCRETE;5
UNSUPERVISED;2
INACCURATE;1
COM2018;2
25010;1
INCOMPATIBLE;3
TARGETING;7
PRIVACY;17
INDICATED;5
POSES;7
PROHIBITS;1
CHILDREN;6
MATTERS79;1
CHATBOT;3
ANIMAL;1
SELECT;1
CONTRACTORS;1
AWARE;3
AI188;1
ADHERING;1
GRADUALLY;2
REGISTERING;1
REPORT268;1
UNDERMINED;1
INSPIRED;1
WORKS;1
COMMISSIONED;2
EXTEND;2
TRENDS;2
MINIMIZE;8
CORRELATIONS;2
82;4
WORTHWHILE;1
HUBS;5
HANDSON;1
FREELY;1
HARMONISING;3
EXPLOIT;4
ASSESSMENT247;1
746/2017;2
167/2013;2
RED;2
TEFS;2
MIGRATION;5
PREDICT;2
STATES156;1
SAFETY’;2
UPTO;1
CHECKED;1
ORGANISED;1
RISING;1
FLEXIBILITY;5
DIGITALIS;1
EFFORTS;2
€25000;1
2019/881;1
CONTINUES261;1
MARKING;1
RACE;4
‘TECHNOLOGIES;1
WISHES;1
COMMISSIONER;1
MOMENTS;1
INSIGHTS;1
COIN;1
INVASION;1
ITUT;1
II/MIFIR;1
WATCHLIST;1
UNDERGOES;1
REPORT177;1
EMBED;2
ONES166;1
PSYCHOLOGICAL;3
‘MACHINE;2
COMPLIANT;4
PYMETRICS;1
SCRAPS;1
SERIES;1
PARA;1
SAFEGUARDS226;1
AI254;1
INTER;1
AI49;1
COMBINES;1
IBID;1
FORECASTER;1
YEARS155;1
HUMANS12;1
INJURED;1
EDPS;1
SEVEN;1
ETHICAL;25
DER;5
YOUNG;2
LIE;2
DRIVEN;1
OUTLIER;1
PROTOTYPE;1
INCLUDING98;1
ENCOMPASSES;1
FACTOR”;1
ATTRACTIVE;5
PROCESSES58;1
MANIPULATION215;1
HIREVUE;1
EVIDENCE139;1
FILL;2
2006/42/EC;6
MATERIALIZATION;1
9640;2
PARAS;2
SUFFERED;2
TRAITS;1
PILOTING;1
THREATENED;1
VAT;2
DEPRIVING;1
MEDIA;1
SOCIETAL;6
CROSS;6
COMBAT;1
680;1
€43;1
GOAL;1
YIELD;2
13/06/;1
CONVINCE;1
292;1
ENSUE;1
DOMAINS;2
MISLED;1
AUTOMATICALLY;3
TRULY;1
CAPITALISE?;1
{COM2021;1
RECALLS;2
AUSTRIA135;1
SOPHISTICATED;1
MEIJER;1
SINGLING;1
STATING;1
FOURTHLY;1
STOPPED;2
STANDARDISATION;15
MISREPRESENT;1
VARYING;4
LAYERS;2
ACADEMIC;7
RECRUITING;2
STANDS;2
MINISTERS’;1
TYPEAPPROVAL;3
2021;12
IOT;3
DEMONSTRATION;1
HOSTILE;1
DECREASING;1
RADIOEQUIPMENT;3
SHADES;1
WELFARE;4
EDITED;1
RESPECTFUL;1
AIRELATED;2
INTRANSPARENT;1
2016/797;2
NIVEAU;1
ATMOSPHERES;2
EQUATED;1
MODERATION;1
WELLDOCUMENTED;1
REFERRING;1
DPIA;1
NOTABENE;3
BALANCED;3
NONAUTOMATED;1
PURELY;2
SHORTCOMINGS;1
2016/680;1
ISSUER;1
OUTPUTS/DECISIONS;1
ABSORB;1
290;1
NONDISCRIMINATION;15
PP11;1
RGPD;1
OFFERED;2
ENTRUST;1
2020/2012INL;3
IMPRACTICAL;2
ALIA;1
EXTRAORDINARY;1
ACCRUE;3
REOFFEND;1
MODELING;1
GOING;4
TR;1
SYSTEMS251;1
CSES;1
TEST70;1
GENERAL/SPECIFIC;1
ACHTEN;1
SYSTEM’;1
SERVICES36;1
JUDGMENT;3
IMPOSES;2
EVOLVE?;1
CHIUSI;1
FEARS;1
INCONSISTENCY;1
STANDALONG;1
UNESCO;2
VIRTUALLY;1
GIRLS;1
NOTIFIED;9
‘CIVIL;2
CHANCE;1
ONLINE55;1
SLOW;3
ETAL;1
NIST168;1
CSPN;1
ANALYSE;2
IMITATES;1
733;1
ABOVE269;1
COMPROMISED;2
PILOTED;1
COGNITIVE;2
ACCURATE’;1
VIOLENCE;2
JOBIN;1
TRACK;1
TRIGGERING;1
TIED;1
INTENDS;2
HESITANT;1
23/05/;1
GUARANTEEING;1
CONVERSATION;2
VIDEOS;3
CAPACITY18;1
‘UNFAIR;1
RENDERS;1
TELLING;2
TRAITS’;2
BLOCKED;1
CREATES;5
‘EROSION;1
SAFETY29;1
24030;1
14/17;1
ASSISTANTS;1
PROBABILITY;3
EVOLVE;1
READYTOUSE;1
SYSTEMS289;1
HOBOKEN;1
FIRSTEVER;1
COMPANIES’;1
IMAGES;3
IDENTITIES;1
SEAL;1
INJURY;1
LEGISLATION286;1
CC;1
INDISCRIMINATE;1
81;3
COM202064;1
CRIMINALITY;2
INVESTIGATING;1
MINIMISES;1
ENERGYINTENSIVE;1
COMPLEMENTING;1
TAXONOMY;1
METRICS;1
HAPPENING;1
WELCOMED3;1
‘OBJECT’;1
788;1
LEGISLATE;3
UNDERSTANDABLE;1
DISTANCE;1
WEB;1
INTELLIGENZ;1
SIDE;3
REGIMES50;1
INTELLIGENCE60;1
MATERIALISE292;1
OCCUPANTS;1
UTILITIES;1
MILLIONS;2
POISONING102;1
98/27/EC;2
ENDANGERS;1
REINFORCEMENT;2
DEPLOY;2
SECONDARY;8
764;1
CHALLENGE’;1
EXTERNALITIES180;1
SECTORSPECIFICLEGISLATION;1
FINNISH;1
HAMPERING;1
RODRIGUES;1
CONTEXTS;4
ENDANGERING;1
CASETABLE;1
STATE278;1
995;1
COLEGISLATORS;1
URGENCY;1
BRITAIN;1
LISTS;1
13026/20;1
PREMIER;1
HAMPER;4
CUMULATIVE;3
Q1;2
“ASSESSMENT;1
DIRECTIVE’;1
UNIMPORTANT;2
BOX’;4
UNILATERALLY;3
REPRESENTATIVE;3
TRACTICA;1
€30007500;1
UNCONSCIOUSLY;1
WOMEN;6
POLICING;9
‘LABEL’;1
CAPABILITY;1
VIOLATIONS;14
INTRACOM;1
WORKERS;1
CUTTINGEDGE;1
SEX;3
SAW;5
COLLECTIONS;1
289;1
AI61;1
PREDICTION;1
STARTED;4
PENALTIES245;1
BIANNUAL;1
ROOTED;1
HILLIGOSS;1
QUADRICYCLES;2
COMMENTS6;1
PROGRAMMES;1
WAITING;1
SOUTH;2
VINCENT;1
MD;1
€500;6
SWEDEN’S;1
85/374/EEC;3
V0;1
MITIGATIONS;2
PREEXISTING;1
CORNERSTONE;1
GREAT;3
AFFECTED46;1
€170;3
RECORDKEEPING;2
ACHIEVEMENT;2
COM2016;1
PROPORTIONATELY;1
PATTERNS;2
INTERSECT;1
REQUIREMENTS264;1
LONGSTANDING;2
REPRESENTATION;3
CYBERPHYSICAL;1
ENABLED;2
‘LEARNT’;1
FLAWED;2
ISO/IEC;4
AVOIDED;1
GRADUATION;1
ACCREDITATION;1
DISRUPT;1
UNRAVELLING;1
MALTA;1
2019/947;1
SUBOPTION;1
BOOSTED;1
CLAUSUS;1
KÜNSTLICHE;1
MALFUNCTION;1
N=;3
PERSON’S;2
AMEND;4
SUBMISSION;1
HASN’T;1
‘RULEBASED;1
BRAVE;1
AUDITING;2
PICTURES;2
WHERN;1
TOMOGRAPHY;1
DETECTING;2
AIBASED;2
ANONYMIZED;1
CHAMBER;2
COMMERCE;1
DETRIMENTAL;3
DATA’;2
ASSESSES;2
GREEK;2
EUROPOL;1
ENCOMPASSING;1
HARMING;1
VALIDATED136;1
MISLEADING;2
STREAMLINING;1
ECLIEUC2004614;1
CONSTRUCTION;2
COHERENCE;4
1955;1
106;1
284;1
SPEARHEADING;1
VALIDATE;1
DECEPTIVE;1
ASSESSED?;2
UNANTICIPATED;1
COOPERATIVE;1
HOC;20
EXANTE;35
RIDE;1
INSTITUTE;7
EXACTLY;2
CONVICTION;1
COMPUTER;6
‘ONLY;1
SPACES;29
RISKS114;1
DIVERGING;4
1AND;1
VALIDATION;3
LINK;2
PRECISELY;4
DOCUMENTATIONS;1
WELLFUNCTIONING;2
TEMPORAL;1
CONCEPTUALIZED;1
EUJAPAN;1
2016/424;2
390;1
FAULT;2
79;3
PROSECUTION;1
INCREMENTAL;1
2002/65/EC;2
EPRIVACY;2
‘SENSE;1
‘LIVE’;1
COM/2020/825;2
PROTECTING;1
SCHOOL;1
‘VERY;1
NATURALLANGUAGE;1
NACE;1
AGRAWAL;1
DOUBTS;1
‘OLD;3
AFFORDED;2
STIMULATE;2
MENTION;1
COMPLIES;3
RAW;1
JUDITH;1
11481/20;1
ASSOCIATIONS;4
CAME;3
PROPOSING;2
€2500;1
URGENT;2
COSTBENEFIT;1
CORRESPONDINGLY;4
CHOICES;7
NONREGULATED;1
BUSINESSASUSUAL;2
FACILITIES275;1
PEDESTRIANS;1
SME;3
SAFEGUARDS/;1
433;1
REGULATING;1
STAKEHOLDER;8
EXPLAINS;3
INTERNATIONALLY;2
ENVIRONMENTALLY;1
DATENETHIKKOMMISSION;1
ROBOTICS74;1
285;1
VOTERS;2
NEGATIVELY;5
OECD/EU;1
FACILITATED;2
DISPROPORTIONATELY;4
