CLAUSE;1
27G;1
351;1
563;1
27I;1
2554;2
RESUME;1
ENTIRETY;1
STRASBOURG;1
2022/;3
792;1
2006;1
JOURNAL;6
‘A;3
CCP;5
2022/’;3
DATE’;1
NECESSITY;1
PRESERVATION;3
INFRINGES;5
REPOSITORY’S;2
THEREOF’;1
PLANS’;1
REPOSITORY;4
2022/2554’;1
‘E;1
AUDITING;1
333;5
METSOLA;1
333/78;1
84/253/EEC;1
EMPLOYING;1
‘B;1
3112;2
INDENT;1
333/75;1
DISRUPTING;1
POINT’;1
CTP;1
CONCRETE;3
ARM;1
333/76;1
2016/1011;7
CCP’S;2
79;1
EVENTS;1
IX;1
‘C;2
27H;1
312;1
ADMINISTRATOR;1
BEK;1
108;1
PARTICIPANTS’;1
ESCB;2
EN;5
_____________;5
TWENTIETH;1
2022/2554;15
EMPLOY;1
SCHEDULED;2
791;1
1’;5
CSD’S;1
JON;1
CSDS;1
78/660/EEC;1
AMENDMENT;1
PAYMENTPROCESSING;3
83/349/EEC;1
APA;1
ORDERLY;2
RISKS’;1
AUTOMATED;1
UTILITY;1
333/77;1
333/74;1
JANUARY;3
2028;1
341;1
OBLIGATIONS’;3
