PROHIBITED’;1
ENVISAGE;1
COINS;7
ROOTED;1
ID;4
ELECTRONICALLY’;2
CROWDSALES;1
TRANSPOSED;2
HTTP//DXDOIORG/2139/SSRN3137213;1
INTERPRETATIVE;2
SURE;1
OBSERVATORY;5
OPINION;9
RULES…;1
PLATFORMS87;1
MEANING;3
TRANSFERRABLE;1
TRACTION;1
RESIDING;1
IMMATURITY;1
AMOUNTED;2
SPRING;1
ACCOUNTS219;1
OTF;1
EVALUATED?;1
DIVERGENCE;2
SCALABILITY;4
GORDON;1
TERAWATTHOURS;1
DOWLAT;1
SWINGS;1
MERCHANTS;4
BROKER/DEALERS;2
INTERACT;1
‘VIRTUAL;8
ANASTASIA;1
‘ONCHAIN’;1
FACEBOOK;1
WEEKENDS;1
USERS’;4
JRC;2
LEVY;1
PUTS;1
MASSIVELY;1
129;1
BANKING/CUSTODY;1
AUDITING;3
ACRONYM;1
COMPETENCES;1
REALTIME;1
LEND;1
MULTISTEP;1
BARRIERS;4
HUGE;3
LINK’;1
ANECDOTAL;11
DOUGLAS;1
13000;1
PAYMENT’;4
2J;1
GUARANTEED;3
SUITED;1
ASSET25;1
DISTRIBUÉS’;1
UNDERTAKING’;1
CNECT;6
CONDENSE;1
USER;11
MANIPULATION…;1
NOT26;1
VASP;1
“INVESTMENT;1
DRIVERS;3
IMF;2
MARKETBASED;1
NORTH;1
OLIVER;5
UNDISCRIMINATING;1
OVERPRODUCE;1
BCBS;1
CAMBRIDGE;6
TRANSACTED;1
DOLLARLIBRA…;1
€570;1
€500000;3
IC;1
‘PRIVATE;1
INCOMPATIBILITY;1
COMMITTING;1
BIG;1
OVERARCHING;1
LEGISLATOR;2
ORIGIN;2
HANDLING;4
GOING;4
PHILIPP;1
€000;2
OPPORTUNE;1
STANDARDSETTING;4
IMPORTANT60;1
PAYEE;3
2530;1
MTFS;2
‘BROKERDEALER’;1
INTRICACIES;1
ANLYSIS;1
ALMOST;6
COMPETE;9
CLIENT;1
AUTOMATICALLY;1
ACCEPTANCE;1
2015;3
COLD/HOT;1
MARKETED;3
NCA’S;1
SECURE;1
COORDINATING;1
TASK;4
SUBSET;4
AUTHORISATIONS;3
MOMENT;1
GLOBALLY;2
‘ICOS;1
SHADOW;2
THEM28;1
STREAMLINING;2
CURRENCIES…;1
LIGHTER;1
2015/849/EU;1
WORKSHOPS;3
CANCELS;1
HACKERS’;1
ASSIMILATED;1
HIGHLIGHTS;2
‘SAFEKEEPING;1
RESTRICTED;1
‘EVIDENCE;1
AUX;1
ZAIF;1
LEI;1
“EU;1
‘DISTRIBUTED’;1
FIRSTTIME;1
BONDS…;1
MARKETABUSE;1
DROIT;1
NONEU;3
NEGLIGIBLE;1
NUMBERS;2
OFFERINGS”;1
SUPERSEDE;1
SPREADSHEETS;1
NEUTRALITY126;1
SAYING;1
CLAUSE;1
PLACING;4
EMPLOY;1
COSTEFFECTIVENESS;3
SCALEUP;1
BANG;1
EXECUTE;1
98SOFTWARE;1
140000;1
NETWORK188;1
TECHNOLOGIE;1
SAVINGS;11
ISIN;1
BECOMING;2
ATTRACTIVE;4
FAILINGS;1
AKIN;1
SWISS;6
TEND;3
ENDUSERS;2
FILES;1
GAPS”;1
DECEPTIVE;1
MATHEMATICAL;3
GIDE;2
SESSIONS;1
381;1
AMERICA;1
PERMISSIONED;2
TOKENS218;1
CHARTER;1
2018/843;1
‘TWOTIER’;1
ENGLAND;5
DUTCH;2
SEEKING;2
ISSUANCE;42
REACTION;4
CHAINANALYSIS;2
PILOT/EXPERIMENTAL;7
LISTINGS;3
WEALTH;1
RESERVE…;1
RANDY;3
HIGHQUALITY;1
PROOF;2
ACTION29;1
SIGNALS;1
VIRTUALLY;1
PARTICIPATED;1
OPTIMAL;1
OFFERINGS;50
LLC;2
IMMUTABLE;1
PERIOD57;1
SERVE;2
ICO?;2
98/26/EC;1
CONSENSUS;11
‘PAYMENT;2
DEPLOYING;1
AUTHORISE;1
CONTRACTS’;2
UPDATING;1
STRESSING;1
CREATES;3
‘PROJET;1
GSC222;1
FLEXIBLE;3
BRUSSELS;1
‘DETERMINANTS;1
SLOWING;1
FEATURING;1
MONTH81;1
SUPPLANT;1
AGENDA;2
INTEROPERABILITY;5
HIGHLIGHT;1
‘SMART;2
BLOCKCHAINS;2
DER;4
OPINIONS;2
GREAT;1
2014;3
LIBRA;16
BORNE;1
STABLECOIN’;2
MARKETS17;1
ENCOURAGING;1
RARELY;1
RULESET;2
EXPERIMENTATION;3
DOMBROVSKIS;2
INSTITUTIONS”;2
II21;1
CRUCIALLY;4
EXPERIMENT;4
1/ISSUING;1
ASYMMETRIES;1
SECURITY”;2
COINDESK;1
‘HORIZONTAL;1
NATIONALLY;1
SEPARATION;1
SERVICE68;1
RELUCTANT;2
‘EMONEY;1
MULTICURRENCY;1
IPOS200;1
NODES;4
GSC;28
PARTLY;2
AUTHORISING;1
SEGREGATE;1
ASSETS’;2
KNOW;2
RESOLVE;3
OVERWHELMING;1
FITTING;2
PROGRAMMABLE;1
CONDA;1
SPECIFICATIONS;2
ENCOURAGED;1
GO;2
GREATLY;4
ANT;2
236/2012/EU;1
GRADE’;1
VFAS;2
REINFORCE;2
PROCEED;1
ENTREPRENEURS’;1
BANKING’;1
X2;1
FUNCTIONALITY;1
INSTRUMENTS”;5
OBLIGED;5
ENROLS;1
FREEING;1
CRAFTED;1
UPCOMING;1
HSBC;1
OBLIGING;1
TOKENS41;1
306;1
POOR;1
RISKS’;1
AUTHENTICATION;4
MODELS’;3
DLT…;1
PSEUDOANONYMOUS;1
AGENCY’;1
SOPHISTICATED;1
2019/1937;1
‘STUDY;1
LAUNCH120;1
EMD2;28
COUNTRIES33;1
ATTRACT;7
RULES”;1
SHORTCOMING;1
AMERICAN;1
SC/GSC;1
TARGET14;1
MATURE;2
BUILD;7
114;2
BIDOFFER;1
UTILITY;34
CONTAINMENT;1
AUSTRALIA’;1
FORA;2
STARTUPS;5
1015;2
URSULA;2
REPRESENTATIONS;1
EXCLUSIONARY;1
SFD/CSDR;1
“STABLECOIN”;3
PREMATURE;1
SWISSCOM;1
MONETISATION;1
STRAIGHTFORWARD;1
MINISTERS;1
€7;4
82;2
DIRECTION;1
LAUNCHED;5
1EHNA6Q4JZ2UVNEXL497ME43IKXHWF6KZM8;1
IMPEDIMENTS;1
COMP;5
SCHNEIDER;1
WELLFUNCTIONING;1
DISCARDED;4
EXPLAIN”;1
3/PROVIDING;1
YEAR167;1
DEUTSCHE;1
PROPAGATE;1
SANTANDER;4
‘ISSUES;1
LEGISLATIONS;5
570;3
ASSISTS;1
‘STABLECOINS’;97
INCREASINGLY;5
PREDICATIONS;1
MENTIONED;5
€24;1
COMPLIANCE38;1
GATHER;1
EUROPE’S;1
SELFREPORTING;1
SYSTEMS’;1
LONDON;1
GOODS112;1
GERMAN;4
RECORD;5
GRANT;4
G20/FINANCIAL;1
600/2014/EU;1
SOUTHWESTERN;1
CO;1
PLAN/2019/;1
INVESTING;2
MODIFYING;2
SHORTAGE;1
FOSTERING;2
TRAIN;1
AMAFI;2
PATH;2
AG;2
OFFERED;7
PEERTOPEER;8
ENFORCEABILITY;1
RESPONDENT;3
VALIDATES;1
BLOCKCHAIN’;2
PREPARING;2
LENNART;1
ERRATIC;1
STATED;4
REPRESENTATION;4
REDEMPTIONS;1
PREFERRED;30
CONSIDERABLY;5
‘REGULATORY;2
ALONE;2
UNUSED;3
COINCHECK;1
VOUCHER;2
‘GOLDEN;1
‘QUESTIONS;1
VENUE;15
TRIGGERED;1
DLTBASED;5
CONSISTS;1
SUSCEPTIBLE;2
PARTICIPANTS/CUSTODIANS;1
PWC;4
COMMERCIALLY;1
REPRESENTING;2
NOTABLE;1
FACEBOOK’S;2
II20;1
‘A;3
UNAUTHORISED;1
MARKETS’;4
WHITEPAPERS;1
SUBMITTED;3
INNOVATE;4
ANALYSE;1
1/;1
‘THE;3
{SWD2020;1
WEBSITES;1
GERARDO;1
PLAIN;1
INTENDS;1
DRIVE;2
CONSTITUTING;1
47SETTLEMENT;1
THINGS;1
SELLOFF;1
ABRUPT;1
OTF’;1
SOLICIT;1
SPACE;5
MOVE?;1
OPTIONS?37;1
121;1
HE/SHE;1
MULTICURRENCYBACKED;1
CUMULATE;1
‘EUROPEAN;1
TOKENS149;1
MILLION205;1
PROMOTERS;3
TRANSFORMATION;4
ACHIEVED?30;1
QUO;1
DECLARED;1
UNLOCKING;1
TWH;1
FORGIVENESS;1
UPTAKE;7
AUTHORISATION159;1
970898;1
€5;3
OUTDATED;2
EMANATE;1
HOSTED;1
LOCATE;1
DETERRED;1
HISTORY;1
DEVELOPER;1
SUBSAHARAN;1
TECHNOLOGYNEUTRAL;1
‘LICENSING;3
ABSORBING;1
MATCH;3
DLTDRIVEN;1
‘PROOF;8
SUSTAINABLE;4
ENVIRONMENTAL;4
BUYIN;1
REGULATING;13
AUTOMATE;2
POSTTRADING;17
AUSTRIA;2
PEAK;1
BROKER;1
YORK;1
QUALITIES;1
OTC;3
MARGINING;1
FINDEX;1
‘PROGRAMMABLE;1
DELOITTE;1
ANONYMITY;1
INTEGRITY/MARKET;1
RESPECTS;1
SHORTENING;1
SCHWEIZER;1
MINING;3
WARNINGS;4
NCY;1
DETERMINANT;1
SERVICES…;1
CONTENTS;1
DIRECTORATE;2
TRIGGERING;1
STABLECOIN”;1
TD;1
PLATFORMS;61
ENTITIES/AUTHORITIES;1
LAYERING73;1
TRANSPOSITION;2
CLEARING46;1
MISSION;1
INHERENT;2
ISSUANCES;18
TRANSFORMS;1
DIFFERENTIATE;1
SPAN;1
EXPAND;3
QUESTIONNAIRE;2
DIALOGUE;1
CUSTODY;11
NEUTRAL;9
ASSURANCE;4
STABLECOINS;77
“A;1
SERIOUSLY;1
INDEPENDENTLY;1
RELEASED;1
‘CRYPTOSECURITIES;1
ACADEMIC;1
DROP;1
FALLEN;1
‘MEANS;2
EXPEDITE;1
UNATTRACTIVE;2
RECONCILIATIONS;3
ENDEAVOURS;1
FLAGGED;1
EUROS;2
NETWORKS;15
DESCRIBING;4
ZETZCHE;1
SACHS;4
WOORTON;2
ASSOCIATION;7
CONDUCIVE;2
RANGES;1
GANS;2
‘OPTIN’;1
MEETS;1
EXACERBATE;2
INVEST;3
LICENCED;1
ALTERATIONS;1
EVALUATED?65;1
PREVALENT;2
REPLICATION;2
TAKINGUP;1
THEFT;7
ESAS’;1
CEASING;1
DEDUCTIVE;1
PROSPECTIVE;3
‘MONEY;1
SHORT/MEDIUM;1
YIELD;1
CSDR…;2
‘CUSTODIAN;1
LOWERS;1
SUMMARISES;1
PSD2;18
MONETARY;32
SCHEDULE;3
CUSTODIAL;3
HACKING;5
2/;2
RELOCATE;1
CRYPTOASSETS16;1
RESTRUCTURE;1
BUFFER;1
DIVERGING;5
MEETING;4
HM;3
USERS/INVESTORS;1
MIFIR;1
NEWYORK;1
‘SECURITY;8
MARCHÉS;2
AUTOMATED;3
FRAMING;1
PARLIAMENT’S;1
CITIZEN;2
LUXEMBOURG;3
KONDIFIO;1
FINECH;1
PERMISSIONBASED;10
CLASSES;2
SHOCK;1
WEIGHED;1
ECOSYSTEM;12
DU;1
SMES;8
HASH;5
ORDERLY;1
“THAT;1
“WHITE;1
ARCHETYPES;1
TERRORISM;3
REQUIREMENTS213;1
‘CRYPTOASSETS’;4
LITECOIN;2
DENMARK;1
SOUTH;1
ENVISAGES;1
AHRENDT;1
PLATFORMS’;3
SECONDARY;22
PAXOS;2
TOKENISED;3
CARDS;1
FALSE;3
LIE;3
PROMINENT;1
NCA206;1
‘CENTRALISED;1
DISSEMINATION;1
REPLICATED;1
WOLFGANG;1
TOMORROW?’;1
NONLEGISLATIVE;16
STANDARDSETTERS;1
INSTITUTE;2
SEGREGATION;2
CRYPTOTOCRYPTO;5
FRICTIONLESS;1
EU71;1
ADVOCADES;1
‘DISTRIBUTED;2
CRIME;1
ΒMARKET;1
AMPLIFIED;2
MALTA;15
SSR;2
IMPLY;7
CONFUSION;3
WORKS;1
OVERNIGHT;1
COSTCOHERENCE;1
CONSULTATIVE;2
COINSCHEDULECOM;2
‘CRYPTOCURRENCIES’;1
PREAND;1
USERFRIENDLINESS;1
107;1
‘WHITE;2
PLATFORM…;1
CHARGED;1
ILLSUITED;1
MARKETPLACE;2
KEY13;1
EXPOSING;1
SPENDING;2
FILTERING;1
PASSWORD;1
TREE;1
BOARD’S;1
BROKERAGES/EXCHANGES;1
EXPOSE;1
TOKENS’;10
EFFORT;1
CRYPTO;27
4115;1
RETRIEVE;1
SPONSORED;1
AFFIRMATION;2
STYLE;1
COMBATING;1
ADAPTATION;1
ANSWERS;2
COMMISSIONS;2
FOUNDATIONAL;2
MIFID2;1
ALGORITHMIC;8
CRYPTOASSETS”;4
350000;2
PLATFORM209;1
INVESTOR/CONSUMER;3
VALIDATION;9
“DECENTRALISED;1
STONE;1
LEDGER;32
AMF;1
CALLS;1
PARTICIPANT;3
RISKREDUCTION;1
TECHSAVVY;1
PEOPLE’;1
AREA88;1
STATISTICS;1
PROSPECTS;1
AUTOMATION;3
BITHUMB;1
STABILISATION;6
REGISTRES;1
INVESTORS103;1
28ESMA;1
FRAGMENTED;2
3137213;1
KEEN;1
FULFILS;1
111;2
SENTIMENT;1
BEHALF;4
FORCED;1
ACCOMPANYING;1
COMPLETING;1
SOAK;1
INFLUENCING;1
MERGING;1
PLATFORMS27;1
CRYPTOASSETS24;1
‘TOKEN’;1
RANDOM;1
RTD;2
OLDER;1
CRYPTOS;2
SCALINGUP;1
SWD2020;1
FRAME;2
ESPANA;1
STABLECOINS/GLOBAL;2
PACTE;2
HAPPEN;1
UNDERLINED;2
ADMISSION;2
ETHEREUM;5
FUNDRAISING;1
JOSHUA;2
SOMEWHAT;1
CUSTODIANS;2
INDISTINGUISHABLE;1
BURILOV;1
COMPUTATIONAL;2
UNDERLINE;2
HELP?;1
BACKED;21
OFFERINGS66;1
ADVICE4;1
BLOCKCHAINBASED;3
DATA’;1
DRAFTING;3
NONEXHAUSTIVE;1
BAO;2
€1220221;1
SPECIALIST;1
LINK;1
BOND;1
CCP;7
UPSTART;1
COMPARISON;3
CRYPTOCURRENCY;3
LITERACY;1
UNCAPTURED;1
SPOT;1
ELSEWHERE;2
REPRESENTATIVE;1
EMAIL;1
FLUCTUATES;1
CLIENTS’;3
TRADES;4
‘HYBRID’;1
MASSIVE;1
ARRANGEMENTS’;1
‘ARE;2
INFER;3
FSA’S;1
MINERS;4
HALDER;1
ARRANGEMENTS37;1
NORTHWEST;1
EXPOSED;4
OFFICE;2
STIFLING;1
€15;3
COUNTERPARTS;1
TRADEABLE;1
PSD;4
2018102;1
WASH;1
NASCENT;2
DISSIMILAR;1
MEANWHILE;1
HALF;4
20172019;1
EXPRESSLY;1
NCAS;52
OPTIONS32;1
4690;1
ORGANISED;8
TRANSFORMATIVE;4
REGISTRAR;1
LEVELPLAYING;4
ALGORITHMS;2
LATER’;1
INSPIRED;1
SAFEGUARDING;3
LEVEL’;1
ATTEMPTING;1
PLACED;3
‘INVESTMENT’;3
PORTABILITY;1
€540;1
ECFIN;4
COPY;2
TRANSPARENCY/CHANGE;1
99;1
CATEGORIES86;1
FIATTOCRYPTO;4
CAPTURED;1
GSCS;9
PROPOSALS’;1
SOLVING;2
RESERVE;48
“FUNDS”;1
MINER;1
PUSHES;1
REALISING;1
OUTFLOW;1
IOSCO;2
BLOCKHAIN;1
€254220;1
MORE96;1
‘INITIAL;10
CLASS194;1
CAFÉS;1
ANGLE;2
PREFER;1
REQUIREMENTS/OWN;1
SHOWED;2
PRESUPPOSES;1
FMI;1
SCREEN;1
‘PUMP;2
GLOBE?’;1
ACCELERATE;2
EARLYSTAGE;1
ALIA;1
MATERIALS;2
CHANCES;1
↓;3
ROUGH;1
MOROZOVA;1
CAUTIOUSLY;1
FLOWING;1
‘INVESTIGATING;8
FACTO;2
SME;10
ELECTRONICALLY;1
PROPOSE;5
UNCERTAINTIES;3
ORGANISER;1
REVOCABILITY;1
INCUMBENT;4
TODAY;2
LOSE;3
UNREGULATED136;1
HOLD;21
RESIDENTS;2
CUSTOMERINTERFACE;1
COEXISTING;1
SPUR;1
€8;1
INSTAGRAM;1
CZECH;1
HOLDERS;2
MOSTLY;3
‘SUBSTANCE;1
CRYPTOASSET/DLTSPECIFIC;1
HEIGHTENED;1
GOX;1
PREEXISTING;1
LIQUID;5
TRANSFORMED;1
“PROOFS;1
DISTORT;1
AMSDEN;1
ENERGYINTENSIVE;1
ADVISES;1
CBOE;3
IMPLICATIONS’…;1
NONREGULATED;1
AUTHENTICATE;1
UNDERTAKINGS’;1
ACADEMIC/RESEARCH;1
FÉDÉRALE;1
€1000;1
CHRIS;1
GROUND;2
TAKEUP;5
‘NO;1
RUN;6
NETTING;1
SUBSIDIARITY;4
INVESTIGATED;1
MONITORS;1
VACUUM;1
BELIEVED;1
GIBRALTAR;1
THOUSANDS;1
FIRSTGENERATION;1
INTEGRATION;1
RENEWABLE;3
BLOCKCHAIN;33
AML/CFT;12
LEVEL125;1
OFFICES;2
“ALL;1
STRATEGY”;1
1012;1
DEVELOPMENT137;1
PROVIDERS117;1
PERMISSIONLESS;13
≈;18
DISADVANTAGE122;1
OVERSTATE;1
PLAN2;1
RECEIVER;1
TIME123;1
INTERCONNECTEDNESS;1
IIAUTHORISED;1
INTERPRETING;2
BITLICENSE;1
J;1
NORTHEAST;1
SECTORAL;7
MIND;1
COLD;1
COMPUTERS;2
T+;1
RAISING;3
STOS;9
RESPECTED;1
ARRANGEMENT’S;1
CONTINUES;3
ACTED;1
REFERRING;1
IMPEDIMENT;2
ADAPTING;1
COPIED;1
CONFER;4
ORDERS;5
‘ELECTRONIC;4
TOKENISATION;7
WIDER;12
PROSPECTUS;17
TASKFORCE;2
AIFMD;1
NOTARY;1
TOPIC;1
VALIDATED;3
CHALLENGES8;1
‘HARMONISING;1
UNSECURED;1
SLOWER;1
CATEGORISATION;1
‘NICHE’;1
102;1
16165;1
APPROXIMATELY;2
REPAIRED;1
CONSUMED;1
OVERCAPACITIES;1
MISSED;6
FCD;1
UNLOCK;1
DIFFICULT79;1
SAFEGUARDED;1
CONSENSYS;2
MATERIALISE;1
RECOMMENDED;1
ARTIFICIAL;2
RESPONDENTS;45
ISSUING;8
CITIZENS/CONSUMERS;1
‘DEFINITIONS’;1
MICHAEL;1
POWER189;1
TRIALS;2
LIQUIDITY114;1
MEDIUMSIZED;4
CONSUMERS’;1
EN;2
HAMPER;1
€137;2
COVERAGE’;1
EMERGED;2
CURRENCIES’;4
BUY;9
NOVELTY;1
TEMPTED;3
POSTTRADING’;1
SUGIMOTO;1
ADVENT;1
CURRENCY/INVESTMENT;1
FOOTING;1
FILECOINS;2
‘INVESTMENT;2
2018/843/EU;1
SELFREGULATORY;1
INVESTMENTTYPE;4
INSTRUMENTS’;17
CATER;1
TURNS;1
HOURS91;1
INTEND;1
KILLER;1
‘HOW;1
“CRYPTOASSETS;1
EU’;1
VALUATIONS;1
REDEEM;3
AAARATED;1
LAYERING;2
LOST;3
PASSPORT;7
BOUND;3
EMD161;1
SCRIPTURAL;1
FIAT;15
REALWORLD;1
OPTIONS55;1
“REAL;1
LEGISLATING;1
CLARIFICATIONS;1
BUTTONBASED;1
CURRENCIES;15
HARNESS;3
500000;1
FD2A;2
LAYER;1
PLAY;2
GETS;1
HURDLE;1
INTERNALLY;1
RESPECTIVELY179;1
CREDIBILITY;2
BRUEGEL;1
FSB’S;1
BLOCKING;1
CRYPTOGRAPHY;5
SIX;3
CONTAIN;1
‘DELIVERY;1
SECRET;1
UNMANAGEABLE;2
SHORTMEDIUM;1
STEMS;2
ANNOUNCED;2
CITING;1
PROJECTBASED;1
PERCEIVED;1
DISCOVER;1
‘CRYPTOCURRENCIES;2
SCALING;1
PROSPECTUSES;1
VON;4
{COM2020;1
CONTRACT’;1
EQUITIES;1
TRACEABILITY;3
EMERGENCE;2
RENEWABLES;1
LIECHTENSTEIN;4
BENOÎT;1
CONGREGATE;1
REVISITING;1
ORIGINATE;1
GOLDMAN;4
OBJECTIVES30;1
IMMATERIAL;1
€760;1
CUSTOMERS’;2
DEPLOYED;1
DISRUPT;1
FSB;10
IMPORTANTLY;1
HURDLES;8
MAINTAINED;3
SURVEY;11
TRAINING;6
SUDDEN;4
ANSWERS131;1
LETTER’;1
WARN;1
€64;1
HILEMAN;1
VFA’S;1
EXAGGERATED;1
LAYERS;3
REVOLUTION”145;1
BANKS’;3
INSTRUMENT’;3
95;2
G20;3
SIGNATURE;1
CRYPTOGRAPHIC;5
SAFEKEEPING;3
24/;1
OPTING;1
SURVEYS;1
CRYPTOASSET’S;1
‘PAYMENT’;3
STAKE’;5
VENUES’;1
WORK”;1
QUITE;1
OPERATOR;6
OPTOUT;2
RECORDING;7
BOERSE;1
REGULATION64;1
ARNER;1
ISSUER”;1
ENCOMPASSES;1
ANALYSED;2
RUSH’?;1
ACHIEVED?;1
CRYPTOMARKETS;1
HOURS;1
COHERENCE;3
“ELECTRONICALLY;1
TRANSFERRING;2
MISNOMER;1
SOUGHT;1
NOTIONS;1
HARMONISING;1
REDRESS;3
INCENTIVISE;2
LAW’;1
MAR;6
ISSG;6
EU175;1
CHAIN;7
PROJECT’;1
‘ELECTRONICALLY;1
308;1
2/MANAGING;1
PACE;2
ENTITIES58;1
VS;5
AMORTISED;1
STANDARDISE;1
KEEPS;2
FRAUDULENT;8
SPREADS;1
CONSENSUS10;1
ERODES;1
USA151;1
ASPECTS”;1
STRONGLY;10
108;1
SWITZERLAND…;1
OLD;1
HOUR;1
SEND;2
3/;2
SPORADIC;1
WIDEN;1
GLOSSARY;2
‘DIGITAL;4
COMPLEMENTS;1
WARE;1
INTER;1
STEPPING;1
FUNCTIONS11;1
OCCURS;3
CHECK;3
‘MEMBER;1
REPUTABLE;1
PR;2
COMPUTERISED;1
CALLING;1
IMPROVED;1
‘GLOBAL;12
STAY;1
CHRISTIAN;2
540;3
GROWS;1
HINDER;2
NGO;1
SLOAN;1
HOPES;1
SEC;1
ASSOCIATION’S;3
€35000;1
WORK’;3
OBLIGE;2
TARGETING;1
NCA207;1
PAPER;20
DATADRIVEN;1
PRIVACY;2
SHERWIN;1
SINGLEFIAT;1
EASEOFUSE;1
CLEARER;1
THOMALE;1
AUTORITÉ;3
ATTACK;1
€250;1
INSTALLED;1
UPPER;2
OFFCHAIN;1
PREDEFINED;2
FINANCING”;1
“C12;1
PROPOSING;1
‘FINTECH;2
RENOUNCE;1
LIES;1
SETUP;7
LCX;1
STEM;1
CAUCHI;1
UNDERTOOK;2
CATALINI;2
RM;1
SAVERS;1
RESTRICTIVE;2
BOOKS;1
UNLOCKED59;1
PASSED;3
NONBINDING;1
PHONE;2
INFRACTIONS;1
€16400;1
JPM;1
ADAPTATIONS;1
CRYPTOASSETS/INFRASTRUCTURES;1
DEFINITION85;1
UNPROTECTED;3
ISSUER;50
MEANINGFULLY;1
131;1
CRYPTOTRADING;2
PAPERS’;1
“ALMOST;1
COMPLEMENTARY;1
DES;5
OPENMINDED;1
100000;1
STEERING;1
SEEMED;1
MARCH;7
DECENTRALISE;1
LAUNDERING;9
EXHIBIT;1
EBA’S;2
CLEARING;24
IDENTITIES;1
REAPING;3
MARCHES;1
HACKER;1
‘ALMOST;1
MARGINAL/NEUTRAL;3
REASONING;1
REALLY;3
MALFUNCTIONING;1
VICEPRESIDENT;2
FLAW;1
EXCLUDES;1
SPOOFING;3
COINS…;1
INSISTED;1
MANIFEST;1
PAPERS”;1
SC;8
SMARTPHONES;1
INHIBIT;3
FRACTIONAL;1
RECURRING;3
BUYSIDE;1
GROW;5
OUTAGES;1
GSC’S;3
‘ADMINISTRATION;1
FMIS;2
HODAPP;1
‘SECURITIES’;1
PRACTICE116;1
COMES;1
VALIDATING;5
P21;1
IDENTIFIER;1
HOLIDAYS;1
STAKEHOLDER;10
AMLD;5
FRAUDSTERS;1
122;1
EXPOSES;1
ASKED;1
DISAGREE;2
ASPIM;2
ASIAPACIFIC;1
CONSUMPTION;1
STOOD;1
REGIME’S;1
DEPOSITORY;1
HQLA;2
INVITED;1
DUMP’;2
PAD;2
TIMEFRAMES;1
IMPOSES;1
€500;2
INDIVIDUALS;3
GOLD;1
WHATSAPP;1
SELECT;2
MALTESE;3
IMMEDIATE;1
VALDIS;1
PRECISE;1
PRESIDENTELECT;1
SENDER;1
COLEGISLATORS;1
OFFERINGS’;2
SS;1
SCHOOL;1
“TRANSFERABLE;2
NOACTION;1
2007/64/EC;1
CONVERTING;1
CLARIFIED;1
UNDERPINNED;3
ISSUER’;1
USECASES”;1
SURVEILLANCE;4
TRANSPOSITIONS;1
LOI;2
112;1
TIMESTAMPED;1
AWARDED;1
BOOKENTRY;1
IMPLIED;1
TRIGGERS;1
PLAUSIBLE;1
BORDERS;1
CAPITALISATION;5
‘TRANSFERABLE;12
NOTE/19/;1
CAPITA;1
153RANDY;1
MIT;1
FAX;1
DATABASES;1
INTERMEDIARIES’;1
OPTIONS?;2
RIGHTS/CLAIMS;1
REGALED;1
SUR;2
MARKETING/PROMOTIONS;1
SUPERVISOR;1
AUDITABLE;1
MARKETMAKERS;1
REFUSE;1
DETRIMENTAL;2
OBJECT;1
FORMS;5
STEPPINGSTONE;1
CREDIBLE;1
EFFECTS6;1
88;2
COINMARKETCAP;1
PUBLIC/PRIVATE;1
MTF;1
POINTING;1
PURSUING;1
‘STABLECOIN’22;1
STABILITY5;1
BANCO;5
WEAKER;1
DILUTING;3
HIGHLIGHTING;3
SCS;2
CONSUMES;1
REAPED;1
PROHIBITED;3
‘CLEARING;1
115;1
ANSWERS’;1
EUROPEANBASED;1
WALLETS;11
VALUE’;2
‘IN;2
ATTRIBUTES;1
MODERATE;1
RECOMMENDATIONS’;1
REALTIME55;1
97;1
SERVES;1
ACCESSIBLE;2
“RUN”;1
NEEDED?’;1
‘POTENTIAL;1
SUPERFLUOUS;2
LIQUIDSHARE;1
REDEEMED;1
INTERSERVICE;1
OPTIONS?31;1
‘TRADITIONAL;1
000178;1
MFSA;1
GROUPED;2
TEMPORARILY;1
DEPOSITS;9
PLAYERS;5
EFSIR;1
PUBLIC’S;1
EXPERIMENTATIONS;1
SWITZERLAND152;1
APPROACHED;1
BROKER/DEALER;2
‘LOCAL’;1
PAPERS;3
EXAMINING;1
PHENOMENON;2
SOLVES;1
‘WEAKEST;1
↓↓;1
MACHINES;1
INCUMBENTS;3
OCCASIONAL;5
SOCIOECONOMIC;1
INTERPLAY;1
RIGHTLY;1
EURODENOMINATED;1
SHORTAGES;1
PROJECTS;10
596/2014/EU;1
FOCUSSING;1
RESPONSES;8
RECURRENT;3
ENTITLEMENTS;1
€90100;1
ANONYMISED;1
NECESSITY;2
REMITTANCES104;1
ENTREPRISES;1
ACTORS;6
SALE’;1
CATEGORY”;1
DEFECTIVE;1
TRILLION170;1
PUZZLES;1
CHAPPUIS;1
EUWIDE;5
POORLY;1
UTILITYTYPE;4
PARTIES’;1
RESPONDED;4
‘GOLD;1
BASKET;2
SHEER;1
ENERGY;7
GUARANTEED101;1
OFFER”;1
AFME;2
534718;1
X100;1
INSIDER;3
DEALINGS;2
‘DERIVATIVE;1
REAP;1
CYBERATTACK;2
LAST;2
PIECES;1
NUMEROUS;1
‘ALL;1
IMPACT60;1
DIFFERENTIAL;1
USECASES;1
DETECTING;1
BACKING;7
VALIDATE;4
PAIRS;2
ICOS62;1
COMPLAINTS;4
COMPETITIVENESS;1
ACTIVELY;4
N/A;1
DISTORTION;1
INVESTORS/USERS;1
CUSTODIANSHIP;1
CRYPTOCURRENCIES;5
STRIVE;1
KEY12;1
PUZZLE;2
;35
COLLATERAL;14
CARD;1
STO;4
MIDPOINT;1
ASSETS”;1
€220;3
RATINGS;1
ASSETS…;1
COMPROMISED;1
‘CRACKING;1
TOTALLED;1
€10;1
ENTRANTS;6
GATHERS;1
MOVING;2
FOSTERS;1
SMALLSCALE;1
DEPOSITARIES;1
DEVIATE;1
MENTIONING;1
DIVERGE;1
AGENT;3
24/7;2
PROCEDURAL;2
MISPRICING;1
COMPANIES’;2
EVENTS;1
TAMPERING;1
CONSUME;1
ADMITTED;6
“BLOCKCHAINS;1
“CREDIT;1
SUBSCRIPTION;1
BELIEVES;1
RANGED;2
SECTOR3;1
UNDERPINNING;3
PROTECTING;2
COMPANY/BUSINESS;1
FINALITY;4
EXCHANGES/BROKERAGE;1
REDEEMABILITY;1
FOURTH;3
“COMPLY;1
RECIPIENT;1
16B;1
FILECOIN;1
S;2
4124;1
000;12
ISSUER’S;3
UNIDENTIFIED;1
GOVERNORS;1
REPLACE;1
MANIPULATIVE;1
CREDITED;1
CRYPTOASSETS/DLTS;1
OPTS;1
BIGTECH;1
PREDICT;1
LATEST;3
WASTE;1
FINANCIERS;3
“MEANS;1
SHOPS;1
FIFTH;1
PROMOTING;1
INTERNETBASED;1
‘AUTHORITIES;2
SECURITIES’;9
REPEATED;1
ALONE94;1
ITALIAN;1
EMONEY;36
TRUSTWORTHINESS;1
VOLUME;7
WALLET;35
JUNCTURE;2
ROTMAN;1
OPERATIONAL/CYBER;3
DEVCO;1
UNCERTAIN;5
SMES97;1
SWIFTLY;1
DÉVELOPPEMENTS;1
SLOWLY;2
COSTEFFICIENCY;2
LIVE;1
IPOS;2
MECHANISMS’;1
PANEUROPEAN;2
€;4
28;3
CHOICES;2
CURRENCY’;3
MINERS128;1
“AUTHORITIES;2
TRADING45;1
UNIQUENESS;1
NOTIONAL;1
SOLUTION?’;2
CIRCLE;2
TRADES75;1
CSDS;8
MONITORED;4
19/03;2
SAFER;3
A’;1
DIMINISH;1
ACQUIS;2
ENTREPRENEURS;4
CAPITAL/LIQUIDITY;1
FRENCH;8
PROCEEDS;1
BUILDING;8
STARS;1
MISGUIDED;1
PROMISES;1
FUNDS186;1
JUSTIFYING;1
NEGOTIABLE;1
COINS…224;1
GENUINE;2
FILE;1
INHIBITS;1
RETURNED;1
PARITY;1
JOURNAL;2
PAYMENTS195;1
648/2012/EU;1
PROOFS;1
BUYING;3
PRESELECTED;1
KEYS’;1
“LIGHT”;1
SCARED;1
OPERATIONALISATION;1
LA;2
MT;1
EXPRESS;1
SWIFT;2
DIRK;1
EXECUTIVE;1
STORED;12
TOKENS”;2
PORTAL;1
ELIMINATES;2
DLT/SECURITY;2
EU28;4
CAUGHT;1
COMMISSION1;1
REMOVED;1
HOT;1
YEAR197;1
NORMAL;1
79;3
ANSWERED;1
PRONE;1
CROWDFUNDING187;1
81;2
DEVELOPERS;6
EFFECTIVENE;1
OFFERS;6
SC/GSCS;1
ALIBABA;2
‘PROVIDERS;1
DEPENDENT;2
DESTROYING;2
IDENTIFIABLE;2
BODIES157;1
DETAILING;1
AFG;2
SMARTPHONE;1
PRIEM;4
‘SHADOW;1
PLEDGED;1
INCONSISTENCY;1
VOLUMES;2
PONZI;1
SHORT;4
‘UNITS;2
OUTFLOWS;4
NOTION;10
SERVICES’;1
DEPOSITING;1
FOOTPRINT;1
BASIS28;1
INSOLVENCY/WINDDOWN;2
‘UNREGULATED’;3
CIRCUMVENTION;1
‘CRYPTOASSET;3
FRAUDS;1
PIONEER;1
COUPLED;1
MONEY’;5
30770;1
INFLICT;1
MEANT;1
“AN;2
TRANSFORMING;1
CRYPTOASSETS228;1
EUROCLEAR;1
D’ACTION;1
POSE”7;1
SATISFACTORY;1
COMMITTED;2
DISAPPEAR;1
YEAR196;1
HOUSEHOLD;1
CUSTODY/TRUST;1
TRANSFERABLE;9
ACT?;2
BARS;1
ACCOUNTS110;1
CONSOB;1
PROVIDERS…;2
UNFORESEEABLE;1
SUBJECTS;1
SEPA106;1
PAYPAL;1
OBJECTS;1
‘PROOFOFWORK’;1
“ELECTRONIC;1
DLT;197
RESPONSES’;1
OFFLOADS;1
GRADUAL;4
B’;1
INVESTIGATIVE;3
‘NODES’;1
GRANULAR;1
BANK’S;2
HOLISTIC;5
LARGEST;3
BIGGEST;2
PAYMENT/EXCHANGE/CURRENCY;1
SMART;16
1/CAPITAL/LIQUIDITY;1
UNIFORM;1
VENUE”;1
ISSUERS183;1
WHITEPAPER;2
98160;1
93;2
AMBITION;2
++;15
VERIFIABLE;2
CHINESE;2
ONEWAY;1
ADVOCATED;2
{SEC2020;1
CAPTURES;1
FIRMS/FINANCIAL;1
UNDERWRITINGS;1
LEAVING;2
TRADERS;1
LIFECYCLE;7
RESERVATIONS;1
TRANSACTING;1
IRREVERSIBLY;1
INFRASTRUCTURES”;1
COMPETENCE;1
COMPENSATED;2
INSTANTANEOUS;5
FRAGILITIES;1
Q2;1
CORRUPTED;2
II/MIFIR;5
FINAL};3
INDICATES;6
ESTIMATION;3
GOVERNMENT;5
THEFTS;4
NCA;20
MITIGATION;1
EMD162;1
PAYS;1
PROJECT;3
PUBLICKEY;1
PROFITRIGHTS;1
STABILISING;3
DYSFUNCTION;1
MATURITY;1
BORROWS;1
PROBLEMATIC;1
91;2
ASSOCIATIONS;1
ANALYSIS’;1
‘TOKEN;1
VALUED;1
COM;1
POLICIES’;1
MISQUALIFICATION;1
EMPHASIZES;1
PRESELL;1
HTTP//WWWFSBORG/WPCONTENT/UPLOADS/PPDF;1
EUS;1
RISKS”;2
FAST;9
LEYEN;4
UNSCRUPULOUS;1
DOCUMENT/A;1
NCAS217;1
SOFTWARE/HARDWARE;1
‘ADVICE;2
TRADING65;1
INSTITUTION’S;1
MISMANAGEMENT;1
INSTIL;2
‘UTILITY’;3
HOST;1
ATTRACTED;1
EMD;14
PEAKS;1
RULES74;1
SIGNAL;1
COSTLY;7
149EG;1
PASSPORTING;1
INITIATION;1
COINMARKETCAPCOM;1
DRIVERS?10;1
INTERNET;2
1260;1
PLATFORM208;1
VIRTUAL;14
PROGRAMME9;1
DEBATE;1
COUNTER;1
COMPUTERBASED;1
124;1
ICO;19
PROMISE;2
ATTENUATE;1
PEERS;1
BÖRSE;1
IMAGINE;1
AL;1
AWAY;2
GAINED;1
HINDERED;1
CATERS;1
RISEN;1
AHEAD’;1
REPLACING;1
LOSING;4
RELATIONSHIPS;1
‘CUSTODY;1
FITNESS;3
CROISSANCE;1
PAP;1
PAYMENTS”;1
VALIDATOR;1
MISLEADING;6
CUSTODIAN;6
WON;1
SOFT;2
ENTIRETY;1
2015/2366/EU;1
BARRIER;1
POSTING;3
‘HYBRID;2
STABLECOINS’;22
BREAKTHROUGH;1
PIECE;2
SAVED;3
CONSEQUENCES19;1
TRAVEL;1
PAYMENTTYPE;2
ANNUM;5
ANTHEMIS;3
FLEXIBILITY;5
MAGNETICALLY;3
RED;1
HOW?78;1
ENABLED;3
SECURITIES”;1
YEAR198;1
2ND;4
PROMOTER;1
TRADER;2
PREDICTOR;1
EMIR;4
‘STORE;4
MECHANISM’;1
FILECOIN18;1
BITCOIN’S;1
SCORE;3
EVOLVE?;3
45A;1
MIND44;1
ACTIVITIES43;1
TAXUD;6
106;1
PROBITY;1
ATTACKS;1
WOUND;1
ZCASH;1
STABLECOIN;20
STABLECOINS”;3
“TRADING;1
WISHING;2
ÉLECTRONIQUES;1
RADICALLY193;1
EXCHANGES/BROKERS/DEALERS;1
CONFIRMATIONS;1
ENDANGER;1
PROBLEMS?;2
LEGISLATED;2
INFRASTRUCTURES54;1
UCITS;2
PROMOTIONAL;1
2002/47/EC;1
LISTS;1
INTERPRETATION;2
GSMA;1
UNDERMINE;3
CCPS;3
GOES;1
CAPITALRAISING;2
‘STABLECOIN’;49
PREEMPTS;1
SCALE132;1
WHITE;11
WYMAN;5
PRONOUNCED;1
THROUGHPUT;2
PUBLICATIONS;1
OPTIMISATION;1
COMMIT;2
BROKERS/DEALERS;2
INFLOW;1
8167;1
‘INVOICE;1
DOCUMENT/WHITE;1
UNREGULATED;23
CNMV;1
NONLISTED;1
IMPLICATIONS’;3
‘DECENTRALISED;1
GROUP229;1
PLACING214;1
INNOVENTURES;3
SECURITY’;3
‘GATEKEEPING’;1
INSIGHTS;2
STRINGENT;6
EUROSTAT;2
STOPPED;1
NOVEL;5
SYSTEMATICALLY;2
SUBSTITUTE;1
ASSETS/FUNDS;1
CAREFULLY;1
USAGE;2
CURRENCY/INVESTMENT/UTILITY;1
JANUARY;18
EXPENSIVE;3
RUNNING;2
SPEED;2
AFM/DUTCH;2
CONTINUING;3
EMBEDDED;1
PHONES;2
STOLEN;4
‘ACT;1
SETTLE;2
ACTIVITIES141;1
ENTERING;1
STARTMARK;1
PRESS;1
5KB8KLF9ZGWQNOGIDDA76MZPL6TSZZY36HWXMSSSZNYDYXYB9KF;1
AMBIGUOUS;1
CHARGES;2
CONTRACT’S;1
ALGORITHM;8
REQUIREMENTS129;1
WHAT’S;1
CHAIR’S;1
LEDGERS;5
FEBRUARY;4
119;1
FALLING;4
AMLD5;2
UNCOMMON;1
COMPLEMENTED;3
HOW?;1
NEVER;4
ASSETBACKED;3
€4;3
DATABASE;5
2040;2
2019201;1
SHORTER;2
REDUCTION;3
CASPS;1
‘AN;1
BITCOIN;14
EXECUTED;1
109;1
FINMA;2
PERIMETER;2
EXTEND;1
MONERO;1
1009;1
DEVICE;3
HIGHLEVEL;5
SERIES;1
USA;3
FINDING;2
RUNS;3
2020/103/FINAL;1
UNEXPECTED;1
DERIVATIVE;3
IMPLEMENTS;1
MERGE;1
MINIMISES;1
READY;1
GUARANTEEING;1
STORE;14
PHASE;1
22ELECTRONIC;1
BLOCKS;3
“GLOBAL;4
SLOW;1
DIRECTORATEGENERAL;1
NOBUYASU;1
DOMINANT;1
‘COINS’;1
CPMIIOSCO;1
‘EMONEY’;1
RSB;1
CRYPTOTOFIAT;3
SENT;2
380;1
CLOSED;1
BITCOINS;1
ICOS;22
APPLICABILITY;7
SEGREGATION/CUSTODY;1
UNIVERSITY;6
DLTS;9
TOKEN’;2
STANCE;1
MIDDLE;1
SCHEMES;2
NOT”142;1
DISAPPEARS;1
CONSUMERS/INVESTORS;1
“GRADUAL;1
S&P;1
ASSESSED?;1
“SAME;1
YU’E;2
CONCEIVED;1
PWC’S;1
‘OFFCHAIN’;1
CRYPTOSERVICE;1
POSES;1
SOVEREIGNTY;6
EFFICIENTLY;1
GUIDELINES130;1
CONCRETE;1
SUPERVISING;2
CHEAPER;3
ENTERPRISES60;1
STUTTGART;1
TRY;2
BUDGETS;1
STEPBYSTEP;1
ENTITIES204;1
MIFID;84
DISTORTS;1
“SECURITY;1
EXISTENCE80;1
RACES;1
‘PROVIDING;1
CSDR;19
ANTIMONEY;5
SETTLED;7
ALTERNATIVES;1
AMBIGUITY;1
GOODS/SERVICES;1
HTTPS//ECEUROPAEU/INFO/PUBLICATIONS/2020COMMISSIONWORKPROGRAMMEKEYDOCUMENTS_EN;1
PRECLUDE;1
UNSUITABLE;1
CORPORATES;4
CŒURÉ;1
LAWS;3
“ARE;1
CRYPTOASSETS’;12
OPT;1
POUR;1
EMERGE;1
CROSSCUTTING;1
HIGHVALUE;1
SHOWS;7
CHETCUTI;1
MILLIONS;2
ROFIEG;2
INVESTED;4
LITERATURE;1
TEN;1
INTERFACE;1
FORMAT;1
€3;4
GOVERNING;3
CONTEXT3;1
“INITIAL;3
±;4
EXCHANGED;2
96;3
CONSUMER/INVESTOR;1
CUERVO;1
FATF;13
‘FINANCIAL;19
UTILITY/INVESTMENT;1
INFLOWS;3
116;1
NONMISLEADING;1
BIT;1
EU30;1
WARNING;2
HUGESCALE;1
REPAYABLE;1
POSTTRADE;13
DEPOSITARY;2
FORWARD124;1
ESTATE;2
COUNTERING;2
SATIS;2
EXPRESSING;1
TOLERANCE;1
L’ADOPTION;1
↑↑;7
TOKEN;42
CRISTINA;1
EUROLIBRA;1
OPTIN;27
BROKERS/MARKET;1
MIX;1
EFFICIE;1
FISMA;6
‘CRYPTOASSETS;2
↑;23
LEGISLATION…;1
CASP;1
WHITEPAPER203;1
S&P500;1
€270;1
INADEQUATE;1
TRANSFORM;2
FORM’;1
PREVENTED;1
C12;3
EXPLOITING;1
‘TRADING;1
PLAGUED;1
STATUS;6
MEN;1
SOFTLAW;8
REMOVING;1
ATTACKER;1
‘NO’;2
STRENGTHENS;1
DIGITALLY;1
INSTRUMENTS76;1
REMITTANCES;6
IMBEDDED;1
POSSESS;2
ADAPTED;5
2017/1129/EU;1
GSCDENOMINATED;1
ERODE;1
EXISTENCE;9
ROBUSTNESS;1
ENCRYPTION;5
COMPUTER;1
EXPERIMENTAL;12
LAW210;1
PRACTICALLY;2
KINGDOM;1
HACKS;4
50/50;1
TOKENS35;1
CHANNEL;1
ET;2
OPTIONS91;1
‘TRADITIONAL’;2
CAPITALISED;1
ETHER;2
SERVICES/ACTIVITIES;1
AUDIENCE;1
VFA;10
PROPOSITION;2
VLAD;1
VALIDITY;1
ENCOUNTERED;1
CAPABILITY;2
TREASURY;4
FRAGMENTATION;21
RECORDED;7
COINMAPORG;1
COMPLIES;1
BLOCK;8
MAINSTREAM;1
HIGHYIELD;1
ENVISIONED;1
SIMILARITY;1
BITBOND;1
WESTERN;1
SIMILARITIES;1
IMMUTABILITY;1
DOUBTS;2
RELYING;1
AFFECTING;2
NEGATIVELY;1
QUALIFYING;3
RECORD’;1
DR;2
INDICATED;15
LETTER;3
EXTENSION;3
€450;1
ACHIEVING;2
ISSUERS’;1
EXPANDED;1
STATES’;2
STABILISE;3
MARKET100;1
€5000;1
FIRMLY;1
RECORDKEEPING;1
92;2
TOKENS…;1
ASSESSED?32;1
PRECISELY;1
SMARTPHONE109;1
GOAL;1
PURSUE;3
CASTING;2
ENQUIRIES;1
PROMISING;1
DECIDES;1
“STABLECOINS”;16
AMPLIFY;1
PILOTS;1
SERVICES47;1
SELFEMPLOYED;1
YEAR199;1
COUPON;2
INCENTIVE;1
WELLDEFINED;1
DRIVERS?;1
PRESENTS;7
CRITICISMS;1
USB;1
NODE;2
EXTREMECASE;1
NONSEGREGATED;1
ETHICAL;1
OVERTHECOUNTER;2
ETHEREUM147;1
PAPER’;1
PERMANENTLY;2
ILLICIT;3
BENEFITING;1
FMA;1
DROPPED;1
SIZED;3
MEMBER’S;1
SOUTHEASTERN;1
PROBLEM/PROBLEM;1
UNADDRESSED;1
REPEATEDLY;1
‘TOKENISED’;2
HYBRIDS;2
IPO;7
€350000;1
2220;1
CAPACITIES;1
PROMOTES;1
CHEAP;9
ERROR;1
“FINANCIAL;5
EVOLUTIONARY;1
INSTITUTIONS’;1
POPULATION;2
TERRORIST;1
COIN;44
OUTBREAK;1
TRANSMISSION;11
UNDERMINED;2
