;134344
IOVERVW;1
IX;7
WHATEVER;1
NCLUDES;1
ADSY;1
BLOCKS;5
STARDISATIONS;1
LOOKING;2
DEFICNCS;2
DOMITE;2
CSP;21
FSIS;4
MIUM;1
VWS;18
MITTED;2
PSD;24
LICON;5
ENOUGH;2
DILIGENCE;3
SR;23
ARY;14
ALYS;9
F;2572
THEY;120
HMED;1
ADS;10
OUTS;15
MATURITY;7
SG;11
TRANSMISSION;2
HOSTING;1
DEVOTED;2
IMPAIR;2
GANIZATIOL;2
DEMS;2
STARDISATION;2
DENT;5
OUTD;2
NONPLIANT;1
WK;213
UPPER;1
THROUGHOUT;8
PED;2
ISING;8
SED;72
ABSB;5
BES;2
NS;329
LISLATIVE;9
REPAIR;4
INTE;1
APPEAR;2
II;51
CT;21
HTTPSSRBPAERBFILESOFOTHERCROSSBDERPDF;1
HTTPSWWWCNBCMOODYSDEQUAXOUTLOOKTOESHTML;1
ANCY;1
UPDATING;4
UP;251
CD;5
DIS;40
EMPHIS;3
APPROX;7
WKCE;1
CN;69
PERCEIVES;1
QUALICATION;1
SPING;10
MANUD;1
EMBEDDED;4
STRIKING;1
INSISTED;1
ONE;133
CALM;1
ENERGY;7
NOVELTY;2
JC;1
WKSHOP;4
SUBED;1
SUBSTITUTION;1
VERTICAL;4
EFFICNT;7
RYCLING;1
AUTOMATED;1
“ERED;1
GENERALLY;7
URSULA;1
HAPPENS;1
ANYWHERE;1
APPS;2
MTFS;1
ABSPTION;3
DEROGATE;1
REALS;1
VEIN;2
TRANSMITTED;1
FOURTH;1
CONSERVATIVE;2
WEEKS;1
AROD;47
EMERGES;1
HTTPSWWWDELOITTENINSIGHTMATURITYHTML;3
REARCHITTING;1
FRAMEWK;158
ESEES;1
CO;392
“MAJ”;1
CARD;3
INQUIRING;1
DETHED;1
ICATION;72
BENCH;1
CSIRT;5
RESSES;2
MES;82
FLD;4
PLETING;1
OTHER;83
SURITS;15
HOARDING;1
MADP;1
COLLABON;4
TEMP;7
NTRAL;3
INEFFICNT;1
SANGS;12
MONG;31
CHF;5
RIME;8
CPATE;2
GRALY;3
TKING;1
CRIMES;1
TICANT;19
TAKING;13
ESTIMATING;4
STARDISED;2
OUTURCED;14
HTTPSWWWBLOOMBERGSSTIRORICANS;1
SELFSTAINING;1
GAATIONS;5
REMEDIATING;1
BEHIND;2
LESNS;4
COTERTS;16
HISTICAL;2
CIAL;11
WHEREVER;1
SPTRUM;1
CLINICS;1
HARMONIZED;1
SUCH;64
BEE;43
LICS;15
BD;52
WAVE;1
REINCE;1
PL;131
SENCE;4
AMBITIO;4
HTTPSWWWFSBGWPUPLOADSPPDF;2
CISE;18
·NO;1
SURGE;1
SSESS;2
AMBITION;3
IGITED;2
LTED;1
WEAR;2
H;6052
PLITY;20
AUTOMATIY;1
OPPTY;2
PURCHED;1
MI;145
PATCHING;1
ANNOCED;3
E;10996
WOULD;375
HAPPEN;3
BREADTH;2
DEFENSIVE;3
MINUTES;1
HTTPSWWWDBSROOWSDTSCHEINREPTPDF;1
DISRUPT;8
MULTIR;2
RAINING;8
MIDDLE;1
GANIZATION;8
WDED;1
SPULATION;1
PERCEIVED;1
ENSHRINE;3
TS”;3
DRING;2
SURVEYS;2
CHOSEN;2
PERPATS;4
BCBS;5
BUILDUP;1
·DIY;1
ISS;16
SUBSIDE;1
INSPIRED;2
GDPRMONITED;2
NL;6
INSIST;4
BLOOMBERG;2
HURDLES;2
SUPERS;124
FLAG;1
CRAR;2
TOLERANCE;2
BENEFICIAL;1
GENERALI”;1
SANS;1
CODITED;20
GAVE;3
LI;318
HTTPSPAINFOSINFOFILESGREENENPDF;1
INSTITUTE;9
AUTHITS;146
SEVERAL;39
NTED;20
SUBOPTIMAL;3
PERPETD;1
PLOIT;3
RELD;1
HINDERED;1
AMD;9
PHES;2
RS;363
CODITING;1
CRIME;2
SURED;4
SENTED;4
WARE;16
CONFION;2
ALLEL;3
ALL”;1
TAKEN;19
WHERE;55
RURRING;11
HOLD;12
ANCE;56
GR;43
IT;1377
VW;68
MEWHERE;1
OART;1
STRATY;8
SIMPLY;2
·FAKE;1
THO;69
PROSEION;1
ER;1290
DFICULTS;20
PROPAGATE;3
REVERBE;1
SPIKES;1
IMPLILY;4
DER;264
“IN;1
REDUCTION;8
PEMIC;4
UPTO;1
GENERALE;2
ERP;12
ATIVES;1
OBSERVS;1
HS;6
CERTD;1
HLING;1
HTTPSWWWTALSFILESHETPDF;1
MHINE;1
RESSING;14
FSI;5
DROPS;1
TWO;17
SUBSTANTIATING;1
ENTLY;3
STATISTA;2
GOING;3
MIGHT;17
PRO;53
PROGRAMS;6
UD;8
GET;5
INS;68
RAIL;1
CIATION;3
MEWHAT;1
DERPINNING;2
MULTLICATION;2
CHK;1
CHAPTER;1
DD;10
DEAD;3
AFATIVE;1
ATENERAL;1
IVE;149
OS;299
PERNCED;5
IV;167
GIVE;27
INGS;6
SUBSTITUTING;1
CROSSAUTHITY;3
“DFO”;1
REPTIONREY;1
ANONYMISED;1
DSPS;1
TLES;3
SURES;5
DISTANCE;1
CROSSST;8
WEB;2
HAMPERS;1
LSE;8
ABOVE;20
EMISSIONS;1
ARTE;1
PULSY;4
HAD;11
CCADING;1
REPTS;23
HTTPSWWWPASPRHTMLPR~ABADFENHTML;1
DERST;8
DO;73
CONER;26
HARMOING;2
GENERAL;62
STRATICAL;2
INTATION;1
CEPT;7
SIGNICANCE;5
LE;134
–ME;1
BELVED;3
PTED;65
N;6168
DESIRED;1
MODELLING;2
WITHOUT;19
EFFICNCY;23
HTTPSPANOUTURCING;1
DERSTING;2
SUBSCRTION;2
OCCIONS;1
NOTIATED;1
HYPER;1
FIN;9
CONCENTN;21
RESURED;1
PAPERS;2
LESS;30
PAPERBED;1
TRANSENCY;3
SKILL;1
SNSED;3
STS;99
DISRUPTIVE;3
IA;98
LOG;19
EMIR;11
URCES;6
RICAL;1
DOES;21
OCC;2
AD;72
HTTPSPAONOUTURCING;1
SURVEY;11
SIMULATION;2
SERVE;7
INNOVATES;1
RIOL;3
OBLIGE;3
CED;32
DRIVERS;9
AMPLE;2
RION;2
TENSIVE;2
RANK;2
EFTS;6
·“DO;1
SLY;3
DURING;11
DRINKING;1
”;46
INSINSUFFICNT;2
ESTIMATION;5
AUTHITYS;1
“L;2
INHERENT;2
V;704
TURE;5
PLAIBLE;1
TRANSMATION;2
ENTITSAUTHITS;1
PENSIVE;1
ON;1598
CH;293
JOINING;1
ATTAIN;1
RSB’S;1
WARDED;2
ESE;90
CIISU;2
HTTPSWWWFTFDAFEADEDD;1
CATALYST;2
ENCS;20
SENI;7
MOTIVES;1
{SWD;1
ARE;316
BUILDING;10
DEEPER;2
PROCEDURAL;2
BEYOND;8
INSISTING;1
MATCHED;1
BY;252
RULARITY;2
EH;26
AHEAD;2
TICS;5
QUOTES;2
STARDISING;1
ETHICAL;5
PETITS;2
IS;832
“;48
PE;278
CONPTION;3
PLOITED;2
I;6798
REPERCIONS;4
REF;1
PEN;31
PROGRAM;9
PHE;7
·REY;2
CONTINUING;1
NOTIATE;3
AIDE;1
INSIGNICANT;1
SENTS;3
QUO;10
PHISHING;2
OFFICE;7
ED;643
PCE;8
TAKE;43
BARRRS;2
SKIL;4
“OPERAT;1
PERTISE;5
ESEE;8
RAN;43
X’S;1
RESION;5
PCES;6
PSM;1
CI;140
RIGO;1
RTY;5
BOVE;22
CONTRI;4
ME;929
EVOLVE;5
CERTS;2
PURSUES;1
TY;288
MAKE;17
NCS;36
PLATMS;8
MALITS;1
HTTPSFMALTAVWBOVTOTSUTTK;1
ANXIO;1
SELFREINCING;1
ALYTICS;1
HEADS;1
IDEA;4
XI;5
UM;15
PRONE;1
SEAMLESS;1
IB;41
HLE;3
AMPLD;5
STARDS;35
AMINED;1
MULTLIY;1
HTTPSBLOGSIMGESTIMATINGTHET;1
ALGITHMS;1
MINIMIZE;2
SUFFICNT;28
DEPLOY;6
RESS;84
INCONVENNCE;1
GAED;2
PAN;30
ENGE;9
THING;4
HTTPSWWWRTERSARTICLALONEFINITALATIONOFOVERSINHKEDIDKCNUOEB;1
SSING;20
ELABON;1
DFICULTY;1
AELY;1
PHED;2
QUITE;7
STATQUO;3
OBSERVE;1
IONS;84
CES;47
PING;20
PRI;8
WITH;307
JUDICE;1
SWT;2
CLNTS;7
DEM;6
AUTIY;1
ATTKS;7
CONTT;22
SAD;13
CCPS;13
GIVES;1
INENCS;3
·AUTOMATIC;1
TICATE;7
€;38
LTS;22
FDIC;1
GAATIOL;11
TSB;2
INSIGHTS;5
READ;4
ENCY;17
LOST;3
UIBLE;1
DEFING;1
CHAIN;9
BDERS;3
AY;17
VS;9
SUBSTS;51
FMIS;3
TAKES;5
QUIS;5
PAND;2
SUBSTANTIATE;2
MISS;11
OES’S;1
ERLINKS;1
S;6700
WITHST;5
GREEN;3
ARTICULATION;1
PERT;13
AGRICOLE;2
PAIR;7
ANTICATE;1
INGFUL;1
EMMENTS;1
RUES;5
DED;28
DISTER;7
REVWS;12
REJTED;4
GARY;2
CONCRETE;1
SUR;68
CSPS’;1
AUTICATION;3
OVERWHELMINGLY;1
MONITED;12
LOSING;1
NEAR;2
SENT;23
HTTPSWWWPASTATSTATISTICSSURITSHTMLINDENHTML;1
SIGNICANT’;1
CUMULATIVE;1
LINK;3
RTOR;1
PHISTICATED;2
REM;9
CONTRIION;3
CTY;3
DIVERGENCE;2
–;53
MONIT;50
PLI;55
BDER;49
QUICK;2
DRIVEN;3
MAKING;7
HTTPSWWWPAWHOHTMLINDENHTML;1
CONTRS;2
TSPS;2
AUTHITS’;3
SUPERSS’;8
INDICATING;1
COTRS;2
FSB;17
DERMINES;2
SPIKE;2
ITIOL;44
THEIR;188
DERGO;3
£;2
RITY;44
SJ;1
DISTTED;2
IMPTANT;18
EE;215
DISTERS;1
MAKES;5
HTTPSWWWTHUARDIABTSBRMELTDBILLSTOM;1
CHANNEL;2
INSIGHT;10
HTTPSWWWBDESDERCEBLOBABEAFEMLGPENPDF;1
AMITION;6
LET;12
TSP;4
Y;1107
UPHOLD;1
SBUFFERS;1
GENEN;1
PERLLY;1
HARMONIZING;2
MISSING;3
REMONG;1
HTTPSWWWSFILESINFILESWLDREPTPDF;1
CONTR;13
PS;141
DISC;1
HAVE;143
AT;1350
PATCHY;4
OUTURCES;1
CSP’S;1
MATS;1
½–½;1
TOUCHING;1
THREE;13
ASIDE;1
WHENEVER;1
COOPERATIVE;1
CLSY;1
SUBSTANTIATED;1
MITING;1
DDOS;1
TAI;54
CE;566
DISTRIION;1
MENTS”;2
HTTPSPAONGLPDF;1
SIDE;53
CHANGING;5
NDA;1
ENGES;1
OXD;1
GANIZED;1
STEMS;1
“”;3
HTTPSWWWIMG~MEDIAFILESSWPENGLISHWPAPRPDFHX;2
TELES;1
“DISRUPTIVE;1
CHEST;1
CAN;157
CROSS;59
GING;20
MONOSTAL;1
SLETTER;3
“DO;16
HANG;72
SMENTS;5
MAT;32
ULLE;1
HTTPSWWWDELOITTENINSIGHTALHTML?IDMPAERSENGDI;1
X;45
PTATION;11
ENSIVE;37
STRENG;32
OUTLOOK;2
PROMOTION;1
HINDER;3
OUTSIDE;14
TELE;2
PRTING;1
SENTATIONS;1
ENTITS;53
B;1546
REDING;1
ERENCS;6
HTTPSWWWINENTCOSSATTKCHRISTINELAGARDEAHTML;1
REE;28
};3
WLD;9
REPLS;4
NTRALISE;1
THEREOF;2
LIHOOD;1
PAPER;4
YOUR;2
TRANSMITS;1
AMINE;3
CTAL;1
ATTED;1
GONE;1
ITS;380
GO;33
{;3
RESERVATIONS;1
CONTAINMENT;2
CLSICATION;6
ICS;22
CONSIDERING;4
IVATION;2
TRIAL;1
III;13
HARMFUL;1
RSB;6
REONS;1
IO;723
RENCE;25
STRENGED;7
PRIITISE;1
HTTPSWWWGOVTREPTREPT;1
MANU;2
MENTS;224
RING;47
OPINIONS;3
OPERATS;18
NONHENSIVE;1
SIGHT;13
PRS;2
PANS;23
DISRUPTED;2
RADICAL;1
SURVEILLANCE;2
CSIRTS;4
TRANSMED;1
SERIO;7
LEAK;3
PT;318
CONTAINING;2
ENSHRINED;2
VETOES;1
TTION;1
ONMISE;1
FEW;16
DSP;4
CATER;2
TREME;2
THEM;38
ARITY;11
ENED;4
APICES;1
PU;20
RUE;9
SWD;7
GDPR;21
COIN;3
APPEARS;1
SIDENT;1
ONOMY;13
VULNER;22
PETENCE;2
CURB;1
INSTALLATION;1
IN;1797
STED;2
DESTRUCTION;2
EL;93
“ONE;1
HVE;25
GFEARE;1
AUTHITY;58
CIO;8
DISTTS;1
OVERLY;1
UPGRADE;3
STATING;1
ANY;68
ARS;5
IGED;3
FUEL;1
OF;1747
APPLIANCES;2
BIGGEST;1
HTTPSPAINFOSWKEN;1
TRS;7
SCATTERED;4
FEAR;2
SURPSED;1
GRING;1
EN;1297
ADSED;3
ART”;4
FISMA;2
HTTPSWWWPAENERGYCONPTIONBYST;1
LAL;42
HALF;2
CROSSENCE;1
SUPPLRS;2
MIND;3
MATILY;1
BODS;6
HYTHETICAL;7
DOUBTS;3
SYNERGS;1
GAATION;15
GRANT;2
CONTRIIONS;2
HTTPSWWWFSBGREYATIVE;1
FRAME;164
ATTHMENT;1
ISED;23
MODITS;2
RESILNCE;192
SHADOW;1
VULNERABILITS;21
STIMUD;1
{S;2
WARNED;7
SCES;3
SLETTERS;1
EMAIL;2
IL;415
CLA;15
HOURS;8
LA;215
NOTIATIONS;4
HIZONTAL;18
TR;176
RTOS;1
THE;3399
MEMENT;1
MERRIAMWEBSTER;1
DEVOTE;3
CA;328
SPICIO;1
SHARP;2
CWP;2
TICAL;18
FILL;3
COUP;1
CALIB;9
ELTIY;1
STRATIC;3
AMONGST;1
ISSG;3
REQUIS;2
WHAT;11
IMPTANTLY;2
ROWS;4
IZATION;22
PURE;3
INENT;14
STARD;64
PLATMER;1
HVED;17
OFFICER;5
MENT;373
HING;27
TEMPARILY;3
ROAD;1
COLLABATE;1
SAFUARD;10
RULAT;5
WHEN;48
STATUTY;6
PERILS;1
DAILY;3
BOTH;45
ARGUING;3
NUANCED;2
ENSIC;1
EMBRE;1
MATING;6
GRANULARITY;1
MISES;4
AHER;13
P;1413
DS;73
RIY;3
ESTIMATIONS;1
ALYSE;5
SESSIONS;1
AMMENT;2
MERIT;1
TI;1014
SMES;5
EMD;2
CARRD;10
RICY;1
DIMIHES;1
STEM;6
LSES;1
ALMOST;11
OLOGS;16
MENTIONED;16
TURED;2
ESEEN;4
EER;5
MODEL;8
IDVERTENT;1
HTTPSWWWIMGENSDETMENTAPERSPAPERS;1
HIRING;2
ST”;1
SURE;36
IST;48
ATTKER;2
MANY;32
HTTPSINEQUAX~MEDIAFILESEEQUAXIRREPTSREPTPDF;1
XII;1
TIBER;7
COULD;82
CLARD;2
IRES;2
OUTURCING;94
TICATING;8
EQUAX;10
·IN;4
RISTRYINVENTY;1
CRO;60
CATTROPHES;1
STAGNOSTIC;2
HERE;124
PERNCES;4
EMERGE;7
CLSICATIONS;1
SENITY;1
CONVENNT;1
STAYED;1
ENERGYENSIVE;1
FEWER;1
PLILY;10
HING”;16
ITION;46
GOVERNING;7
DADES;2
ROLL;1
BODARS;2
CRRCRD;1
GROWING;1
REVEALING;1
ATTK;30
HTTPSWWWBOVBOV;1
ITSELF;5
LUTION;19
RELUTION;5
SP;74
·MANY;1
MER;15
BUILD;21
MS;28
DEATES;1
CERTAS;1
EMPHISING;1
“LITIMATE;1
RANKS;1
THOSE;46
HEANT;1
HTTPSWWWBISGPUBLMKTCPDF;1
ADSE;4
IMF;8
BOTY;1
MOMENT;2
PLA;15
MOARY;3
FROM;198
PLATM;13
HOES;1
EIGNBED;1
HTTPSWWWMAGAZINEEQUAXTLES;2
REAP;2
RIMES;3
BE;679
AWARE;3
CREDENTIALS;1
ITING;24
LIVE;3
HTTPSFINSADMITSMEDDURINGTHEHOUROUT;1
INSTALL;2
DISTRD;3
HTTPSWWWCNBCTVMCAREPTSSINUESUPDURINGHTM;1
RELEE;1
BOOST;1
PROMISE;11
RNING;14
ISES;11
HTTPSWWWINFOBANLOSESINSWTDATTKA;1
SPEED;1
COLLES;2
AMPLY;3
STARDIZATION;7
ENPSES;1
DEPTH;3
WITHIN;35
RELS;4
SL;99
BEING;26
REED;1
RESNSIBILITS;4
MOSTLY;11
MATRIX;2
ENUMED;1
HOSPITALS;1
OESS;5
PRONS;1
OVERVW;15
CONFRONTED;2
PERIER;1
LEYEN;2
EION;2
RENOTIATION;1
MULTLY;1
TTPS;69
TLY;25
≈;6
AMITIONS;3
INCENTISE;7
ERS;218
INSIDE;2
MERCE;1
LS;75
MID;9
PERNCE;20
EQUPED;1
CERTICATION;4
SERIOMAJ;1
VOLTARILY;3
WRY;2
SMENT;6
ANN;50
FTH;2
CONERSINS;7
MAGNY;1
CENTUATE;2
TIBER–;1
LMOST;12
MULTITENT;1
INFILTD;1
IIIA;1
ION;642
SHOCK;1
LIAMENT;23
ART;25
HOC;2
DELOITTE;6
DID;9
OPERAT;23
HTTPSWWWAPAASRSREBTRESSENPDF;1
ALYTICAL;1
AS;8
CENTRES;1
VENUE;1
REIGNITING;1
WKSHOPS;1
TICATION;15
SHUT;1
RES;325
TS;1090
AZZURE;1
CATS;6
COTERIVE;1
PA;93
DEBIT;1
CROSSBDER;45
REMIT;3
WATER;3
DROP;5
HER;222
STRIVE;1
R;4432
REPTED;18
HARMONIZATION;2
CONSENSUALLY;1
TRAINING;7
LUTIONS;11
TAL;119
CSPS;16
CR;90
ARTICIALLY;1
↑↑↑;13
SCAL;1
BKOFFICE;1
FSCCC;1
IM;106
RISTER;8
RANM;1
SUBST;64
ALLY;14
PER;228
DIVERGING;8
HAPPENING;1
AUTOMATIC;2
RADAR;1
ROOT;4
WDING;1
ROOTED;1
DISRUPTS;2
GREATLY;3
COINCIDE;1
PATH;2
INCENTISING;1
CERTICATE;1
ENGINEERING;1
ERCISES;6
OUGHT;1
SHAPE;1
RELUCTANCE;1
INCEPTION;3
WAIT;1
BER;12
G;1379
IZES;5
APP;31
↑;65
LT;66
TENCY;2
SUBSTITUT;4
GRA;24
COLUMN;5
GOVERNS;2
DEEP;5
HENSIVE;28
NON;17
S’;19
ABSG;2
URCE;67
IATE;7
HTTPSWWWBRUELGOWEEKPAWSLETTERARIN;1
EM;127
SCE;14
SS;451
SPIRIT;1
PELTS;1
LISLATIONS;8
CALIBN;5
CONLI;2
ALL;136
DERINED;1
FOUR;14
·AHER;1
STES;1
STRATS;14
ENCE;44
ENMENT;1
ITIOLLY;2
REPEATED;1
INING;20
WKING;5
–OTHER;1
L;2992
TING;84
SUPERSS;107
EDNESS;12
GREAT;4
DISABLING;1
ANGLE;2
STOUT;2
’;96
SUBOUTURCING;11
PCEMEAL;1
RESNSIVE;3
SISTANCE;3
PURVW;1
INVENTY;2
RESILNT;10
EMPLOY;3
DE;427
HV;26
RESIST;1
HTTPSWWWSRGAMAZONFTGOOGLEALIBABTRENGTHEIRGR;1
BELVES;2
INGLY;2
WITNESSED;1
JEODIZE;2
PERNS;1
MAJITY;41
PROVOKE;1
GIVEN;22
MISSED;2
NUMERO;2
STREAM;19
MADE;9
ROOM;1
HTTPSWWWPAEHTMLSP~AAEENHTML;1
RESILNCY;2
CANCEL;1
CCP;17
EIGHT;3
HTTPSWWWBISGBCBSPUBLDPDF;1
UPGRADING;3
SIMULATIONS;1
HLES;1
PITURE;2
TNERS;3
THROUGH;42
DREE;7
RULAR;10
ENCOTER;2
THAT;447
NING;42
CRR;3
PROMOTING;3
ATION;457
BED;74
DRTIY;3
COINED;1
DFICULT;33
CENTUATING;1
HTTPSPABELIIIITS;1
IMMEDIATE;1
GATE;6
REDRESS;1
HATIVE;2
PROOF;1
DERGOES;2
TAIL;1
COBALT;1
CONSIDENS;2
JOINED;1
AUTHISATIONS;4
DIALOGUE;1
STAL;19
NOFATIVE;1
HTTPSWWWBESSTHOMBREWSTERSTAPLESHKERSMADEONEDOLLARS#CAAD;1
EVER;50
SUPPLS;1
CONERS;15
TPP;7
STRINGENT;8
LEANG;2
PERN;23
HTTPSWWWPAEPRSTATSSHTMLPIS~CDEENHTML;1
BETWEEN;66
HTTPSWWWREPTSHTML;1
DOMINTLY;1
HTTPSWWWNEMOGUPLOADFILEHETYOBUCKLEYSLERLLPTRELIANTADSSLLCNEMONPDF;1
WFE;1
ND;35
ERTATION;4
FUOKA;1
IDE;64
PATTERNS;3
EMISSION;2
IMPET;1
MITIGATION;7
FUL;3
ENTS’;3
DEEPLY;1
CTOM;1
ALERTS;1
HTTPSPASFILESCDBCDBBDDENDERPSLPDF;1
BROKERING;1
URE;48
STOLEN;2
CONSIDERED;12
EIGN;4
BELVE;8
SUBOUTURCED;5
LY;151
K;398
ITY;171
IDENTI;1
DERMINE;3
ENJOYS;1
“TOK”;2
IVERSE;2
SAFUARDS;2
NO;149
FEBRUARY;3
SUPERSING;6
CRD;6
PURSUIT;2
CHAIRED;1
HNG;10
ENCRYPTION;2
MULTITUDE;1
ITD;1
CENTRE;4
·ON;1
INENTLY;2
CEDENCE;4
STEAL;1
GOES;6
REMINDED;1
TLEMENT;6
TIL;4
PTFOLIO;1
BARRR;3
EMPIRIY;1
WE;91
MYRIAD;2
IATION;9
STREAMLINING;7
ABOUT;29
BUFFER;21
COURSE;1
BANCO;3
BEEN;42
OTC;4
CARBAK;1
PROXS;1
FRTN;2
MUCH;10
LOCKIN;2
CRUPTION;2
GENERIC;2
TICANTS;18
SN;17
ONTO;1
ENCOURAGING;1
SURVEYED;1
VERLAPPING;2
AMINERS;1
YMMY;1
IMPLI;7
FT;32
SÀS;2
SA;67
ANT;113
TOWARDS;6
ABIDE;3
BLIND;1
CONTAIN;15
BIGGER;4
EST;15
ONOMS;1
SCARCE;1
SATISY;1
RELVE;1
ERRUPTION;1
U;2079
CONSENS;4
AMD’S;1
OVERWHELMING;12
TKLING;4
DREES;2
ATTKERS;1
BIG;19
JANUARY;3
CHANGE;56
THERE;42
CERTICATIONS;2
IMPTANCE;10
OUT;242
ISERS;1
PROCURE;1
ENPS;2
CONFIONS;1
SURING;1
ISSUING;1
ERD;2
PROSPTIVE;2
WEALTH;1
YK;1
RTO;6
FAKE;2
OVER;84
ROSS;145
COHERENCE;24
MRO;2
TNER;6
ATTR;2
DFS;1
↑↑;22
MERE;1
CIATIONS;1
RED;64
TKS;9
CHANGED;2
MTERCARD;1
STUDS;2
BOD;13
MATH;1
THINK;1
ISE;75
GETTING;3
EED;3
GOVERS;1
·INSUFFICNT;1
PERSIST;1
RESERVE;2
SERVATION;2
CNT;36
BNE;2
CONSIDERS;3
OBLIGED;2
TO;1274
IZED;6
HEATIONS;1
REPTION;2
DESTROYED;1
NONE;2
EDUCATION;1
ENTS;396
SIMPLD;1
MULTI;10
ERCISE;17
—;2
RONSIDER;1
CRRINSPIRED;1
HTTPSWWWAPPSRTHEWLDERSFTWARDST;1
AIR;9
AL;686
BIS;33
ING;634
CONTINUALLY;1
FRAMES;5
D;2492
GFE;2
PTATIONS;10
LOSE;4
GOLDPD;1
DOMITED;1
BEL;13
PROMISES;2
MINIMIZES;1
→;3
ELABATED;1
ONCE;25
GOOGLE;3
GAE;3
““;1
MIS;37
TWOFOLD;1
THAN;22
EROPER;2
TERL;8
STARDIZED;1
DEEPENED;1
SHARPLY;1
WHR;19
STRENGS;1
INDICATION;4
RESSED;25
APPLIC;12
HTTPSKPMGENINSIGHTSINSIGHTSHTML;1
GL;18
BRELS;1
REP;131
SPAM;3
GANIZATIONS;2
ES;840
AERS;2
COTERTY;4
SCANNING;3
ENS;56
THEMSELVES;4
SUPPLR;3
DESCRTIVE;1
IBLE;9
VON;2
FRAMEWKDIY;2
SAFUARDING;2
AUTHISATION;8
MEDIA;11
TRANSPT;1
ICED;1
JEODIZES;1
LVENCY;7
ANGLES;1
SYNOPIS;2
O;7058
PANIC;1
ABILITS;46
ATESGENERAL;1
SIMULTANEOLY;1
T;11949
BROWING;1
SRB;5
SHAPING;2
DEPLOYED;3
’S;27
SUBSIDIARITY;7
MONITING;20
MONITS;1
ISATION;14
RELIANT;2
ERRONEO;1
SERS;2
HO;136
WKED;1
EFFICNTLY;1
EING;30
TIAL;4
AGO;1
CELL;3
BPI;3
ENTITS’;1
MITERS;1
LOOKS;2
RAPIDLY;2
MAL;13
TREE;2
CERTAIN;28
FRAGMENTATION;17
FTWAREER;1
CPMIIO;1
HTTPSWWWCONSILIUMPAENLICSION;1
PERL;7
TEN;32
OPPT;3
ALIBABA;1
DOUBTING;1
OES;46
MIN;28
HTTPSWWWLPASROOWSMINDBEHINDROBBERYAREDIN;1
LVE;27
INSUFFICNT;20
DT;7
SHT;8
TLEMENTS;1
DIY;6
DEMING;1
INHO;3
EDUCATIOL;1
CPMI;2
CATISED;1
GOVERN;11
RPROY;1
ONING;1
RIYG;1
IRE;8
EMERGED;2
INCOHERENCE;1
O’S;1
EVOLVED;1
DONE;3
ALYSED;3
STATISTICS;2
RCE;98
DE”;1
NEMON;5
OFRNDLY;1
HARM;11
CLARYING;1
CHOOSE;1
STREAMD;6
TENSION;2
SEE;53
NC;448
FTWARE;12
GOVERNMENT;1
CONSIDEN;4
FIL;15
HTTPSWWWIBRUBROCHURESIBCKOWREPTENPDF;1
THEFT;1
MIA;2
RE;1244
IGITE;3
DRIVE;14
ERTATIONS;2
SUB;112
BUFFERS;5
GRANULAR;3
ERED;32
CATY;5
COOL;1
JRC;1
FRAMEWKS;28
FLDS;1
CROSSSTAL;6
PTAL;2
NESS;18
WARN;10
THESE;78
DEOSE;1
EFT;8
RDING;5
COLUMNS;1
SUBS;75
ITALISED;4
M;2035
RS’;1
FOC;1
STAIN;2
ID;100
INHIBIT;1
PRIVY;3
HTTPSWWWPAATIONEN;1
PROMISING;1
RDS;45
WEEK;3
FLIBILITY;1
ROTATION;5
TH;4792
BIC;8
SPS;20
LETTER;4
NOTIATING;3
LISLATION;79
DESCRIBE;4
ATE;61
TED;150
MAJ;71
TCO;2
ATIC;9
GROW;3
GRODED;1
CHOSE;3
LIABILITS;1
HTTPSWWWIMGTERNUBSFTWEOWEOINDPX;1
PN;2
·AT;1
VT;3
VALETTA;5
BOLSTER;1
ST;709
REVW;40
RCES;29
ANONYMIZED;1
DOESN’T;1
SCRTIVE;4
MOST;77
RESSION;1
PSING;1
INEFFICNCS;2
MICATE;2
RULATING;2
“O”;1
SSM;14
WARD;11
TENT;15
AMAZON;3
“CE;2
SADING;1
BUG;1
BOSTON;1
FING;6
PENSES;4
OVERLAP;5
HTTPSWWWPAMHTMLINDENHTML;1
ERENT;4
ITALISATION;3
SURE”;1
WHO;16
MENTION;19
RODS;1
HTTPSWWWRTERSARTICLSVALETTAATTKONMALTATRDTOCHAIDKCNQKZ;1
REING;2
RD;126
ARROWS;3
TOK;3
IMPAIRED;1
INCENTISED;2
SUP;184
PLIANT;5
THNOLOGS;14
CONCESSIONS;1
C;2254
SIGNICANT;60
FEIBLE;3
AMTISED;1
MOMENTS;1
EREDNESS;8
PATIBLE;1
TICULAR;6
AMPLYING;1
TRY;3
LOSES;2
GEMINI;1
HTTPSGATE;1
PSED;4
SIMULATING;3
?;3
SUPPT;54
TAKINGUP;2
HOLDER;6
ITAL;71
BN;11
PERS;133
CODITION;14
TRANS;28
GRED;1
PRIITS;1
MAXIMISE;1
FFC;2
MIGNS;1
SUPPTING;8
HTTPSWWWPAPUBPDFREPTSREPT~AEENPDF;1
VERSA;1
FRS;1
“≈”;1
TRAININGS;3
ICATIONS;12
DERD;1
FLIBLE;2
TURING;1
TRK;1
TK;41
AMONG;29
RS”;1
FEIBLY;1
PRIITY;2
IMPERATIVE;1
STING;5
THOUGH;1
REON;3
WHICH;111
ERTED;1
ABSENT;2
INGLESS;1
FRAGMENTED;13
TRANSSING;2
ERR;5
PLEE;3
REVOLVES;2
DISATE;5
IIA;2
ST’S;2
SUPPTED;13
INDTRS;2
·A;4
NCBS;1
LIQUIDS;1
SHTLY;1
CLARY;2
RISTN;4
STALONE;2
LESSER;2
CONLID;1
OPINION;18
MTEM;2
GDP;22
MT;32
SIMPLICATION;1
RANGING;4
JUE;1
CONSEQUENT;2
EID;3
VOLUME;1
STAY;2
SILOS;1
MISED;2
THIS;223
INI;44
EDENT;2
STAT;22
STYLISED;1
MO;195
RDED;3
SCANS;2
UTING;3
ARTICIAL;2
RELUCTANT;1
DIVERSICATION;3
OPTIMAL;5
PTS;39
SSED;34
ENTRENIAL;1
SEVERE;6
STEERING;2
CONTTS;2
READINESS;1
FRONT;3
DEVCO;1
SIX;4
PERTS;4
OUTURCE;19
A;5431
SURERESILNT;1
SCCS;3
ILLAL;1
CELLS;2
KIOSKS;1
REPT;116
TRAVELLING;1
FLUENT;1
RAISING;1
STY;2
CHANGES;30
CATALYSING;1
REY;26
WILL;81
ARTICLE;13
ALIA;1
CHOICE;1
BRRD;1
PULLING;1
ENT;756
AN;727
RTD;2
CODITE;22
YMMS;2
MOBILIZATION;1
·;75
ELEVATING;1
CTE;2
DETMENT;3
IMPLY;6
CONSIDER;26
HEIGHTENED;2
IIHOLDER;1
HTTPSPANERENFS;1
ISTS;1
ABOVEMENTIONED;1
CERTAINLY;1
IMITY;1
DERS;23
HERLS;1
